ISO-10303-21;
HEADER;
FILE_DESCRIPTION(('STEP AP214'),'1');
FILE_NAME('67996-114HLF_AMP','2026-09-19T02:05:10',(''),(''),'','','');
FILE_SCHEMA(('AUTOMOTIVE_DESIGN'));
ENDSEC;
DATA;
#1=SHAPE_DEFINITION_REPRESENTATION(#2,#3);
#2=PRODUCT_DEFINITION_SHAPE('',$,#4);
#3=SHAPE_REPRESENTATION('',(#188,#4404,#8621,#8623,#9605,#9607,#10589,#10591,#11573,#11575,#12557,#12559,#13541,#13543,#14525,#14527,#15509,#15511,#16493,#16495,#17477,#17479,#18461,#18463,#19445,#19447,#20429,#20431,#21413,#21415,#19),#11);
#4=PRODUCT_DEFINITION('design','example product_definition',#6,#5);
#5=PRODUCT_DEFINITION_CONTEXT('3D Mechanical Parts',#10,'design');
#6=PRODUCT_DEFINITION_FORMATION('1.0','first version',#8);
#7=APPLICATION_PROTOCOL_DEFINITION('international standard','automotive_design',2003,#10);
#8=PRODUCT('product','part','',(#9));
#9=PRODUCT_CONTEXT('3D Mechanical Parts',#10,'mechanical');
#10=APPLICATION_CONTEXT('Core Data for Automotive Mechanical Design Process');
#11=(GEOMETRIC_REPRESENTATION_CONTEXT(3) GLOBAL_UNCERTAINTY_ASSIGNED_CONTEXT((#12)) GLOBAL_UNIT_ASSIGNED_CONTEXT((#13,#14,#18)) REPRESENTATION_CONTEXT('ID1','3D'));
#12=UNCERTAINTY_MEASURE_WITH_UNIT(LENGTH_MEASURE(1.E-005),#13,'DISTANCE_ACCURACY_VALUE','Maximum model space distance between geometric entities at asserted connectivities');
#13=(LENGTH_UNIT() NAMED_UNIT(*) SI_UNIT(.MILLI.,.METRE.));
#14=(CONVERSION_BASED_UNIT('degree',#16) NAMED_UNIT(#15) PLANE_ANGLE_UNIT());
#15=DIMENSIONAL_EXPONENTS(0.,0.,0.,0.,0.,0.,0.);
#16=MEASURE_WITH_UNIT(PLANE_ANGLE_MEASURE(0.01745329252),#17);
#17=(NAMED_UNIT(*) PLANE_ANGLE_UNIT() SI_UNIT($,.RADIAN.));
#18=(NAMED_UNIT(*) SI_UNIT($,.STERADIAN.) SOLID_ANGLE_UNIT());
#19=AXIS2_PLACEMENT_3D('',#20,#21,#22);
#20=CARTESIAN_POINT('',(0.0,0.0,0.0));
#21=DIRECTION('',(0.0,0.0,1.0));
#22=DIRECTION('',(1.0,0.0,0.0));
#25=MECHANICAL_DESIGN_GEOMETRIC_PRESENTATION_REPRESENTATION($,(#190,#239,#288,#337,#386,#435,#484,#533,#582,#631,#680,#729,#778,#827,#876,#925,#974,#1023,#1072,#1121,#1170,#1219,#1268,#1317,#1366,#1415,#1464,#1513,#1562,#1611,#1660,#1709,#1758,#1807,#1856,#1905,#1954,#2003,#2052,#2101,#2150,#2199,#2248,#2297,#2346,#2395,#2444,#2493,#2542,#2591,#2640,#2689,#2738,#2787,#2836,#2885,#2934,#2983,#3032,#3081,#3130,#3179,#3228,#3277,#3326,#3375,#3424,#3473,#3522,#3571,#3620,#3669,#3718,#3767,#3816,#3865,#3914,#3963,#4012,#4061,#4110,#4159,#4208,#4257,#4306,#4355,#4406,#4455,#4504,#4553,#4602,#4651,#4700,#4749,#4798,#4847,#4896,#4945,#4994,#5043,#5092,#5141,#5190,#5239,#5288,#5337,#5386,#5435,#5484,#5533,#5582,#5631,#5680,#5729,#5778,#5827,#5876,#5925,#5974,#6023,#6072,#6121,#6170,#6219,#6268,#6317,#6366,#6415,#6464,#6513,#6562,#6611,#6660,#6709,#6758,#6807,#6856,#6905,#6954,#7003,#7052,#7101,#7150,#7199,#7248,#7297,#7346,#7395,#7444,#7493,#7542,#7591,#7640,#7689,#7738,#7787,#7836,#7885,#7934,#7983,#8032,#8081,#8130,#8179,#8228,#8277,#8326,#8375,#8424,#8473,#8522,#8571,#8625,#8674,#8723,#8772,#8821,#8870,#8919,#8968,#9017,#9066,#9115,#9164,#9213,#9262,#9311,#9360,#9409,#9458,#9507,#9556,#9609,#9658,#9707,#9756,#9805,#9854,#9903,#9952,#10001,#10050,#10099,#10148,#10197,#10246,#10295,#10344,#10393,#10442,#10491,#10540,#10593,#10642,#10691,#10740,#10789,#10838,#10887,#10936,#10985,#11034,#11083,#11132,#11181,#11230,#11279,#11328,#11377,#11426,#11475,#11524,#11577,#11626,#11675,#11724,#11773,#11822,#11871,#11920,#11969,#12018,#12067,#12116,#12165,#12214,#12263,#12312,#12361,#12410,#12459,#12508,#12561,#12610,#12659,#12708,#12757,#12806,#12855,#12904,#12953,#13002,#13051,#13100,#13149,#13198,#13247,#13296,#13345,#13394,#13443,#13492,#13545,#13594,#13643,#13692,#13741,#13790,#13839,#13888,#13937,#13986,#14035,#14084,#14133,#14182,#14231,#14280,#14329,#14378,#14427,#14476,#14529,#14578,#14627,#14676,#14725,#14774,#14823,#14872,#14921,#14970,#15019,#15068,#15117,#15166,#15215,#15264,#15313,#15362,#15411,#15460,#15513,#15562,#15611,#15660,#15709,#15758,#15807,#15856,#15905,#15954,#16003,#16052,#16101,#16150,#16199,#16248,#16297,#16346,#16395,#16444,#16497,#16546,#16595,#16644,#16693,#16742,#16791,#16840,#16889,#16938,#16987,#17036,#17085,#17134,#17183,#17232,#17281,#17330,#17379,#17428,#17481,#17530,#17579,#17628,#17677,#17726,#17775,#17824,#17873,#17922,#17971,#18020,#18069,#18118,#18167,#18216,#18265,#18314,#18363,#18412,#18465,#18514,#18563,#18612,#18661,#18710,#18759,#18808,#18857,#18906,#18955,#19004,#19053,#19102,#19151,#19200,#19249,#19298,#19347,#19396,#19449,#19498,#19547,#19596,#19645,#19694,#19743,#19792,#19841,#19890,#19939,#19988,#20037,#20086,#20135,#20184,#20233,#20282,#20331,#20380,#20433,#20482,#20531,#20580,#20629,#20678,#20727,#20776,#20825,#20874,#20923,#20972,#21021,#21070,#21119,#21168,#21217,#21266,#21315,#21364,#21417,#21466,#21515,#21564,#21613,#21662,#21711,#21760,#21809,#21858,#21907,#21956,#22005,#22054,#22103,#22152,#22201,#22250,#22299,#22348),#11);
#26=PRODUCT_CATEGORY_RELATIONSHIP('','',#27,#28);
#27=PRODUCT_CATEGORY('part','');
#28=PRODUCT_RELATED_PRODUCT_CATEGORY('','',(#8));
#34=PRESENTATION_STYLE_ASSIGNMENT((#35,#40));
#35=SURFACE_STYLE_USAGE(.BOTH.,#36);
#36=SURFACE_SIDE_STYLE('',(#37));
#37=SURFACE_STYLE_FILL_AREA(#38);
#38=FILL_AREA_STYLE('',(#39));
#39=FILL_AREA_STYLE_COLOUR('',#41);
#40=CURVE_STYLE('',#42,POSITIVE_LENGTH_MEASURE(0.1),#41);
#41=COLOUR_RGB('Gold',0.843,0.686,0.0);
#42=DRAUGHTING_PRE_DEFINED_CURVE_FONT('continuous');
#43=PRESENTATION_STYLE_ASSIGNMENT((#44,#49));
#44=SURFACE_STYLE_USAGE(.BOTH.,#45);
#45=SURFACE_SIDE_STYLE('',(#46));
#46=SURFACE_STYLE_FILL_AREA(#47);
#47=FILL_AREA_STYLE('',(#48));
#48=FILL_AREA_STYLE_COLOUR('',#50);
#49=CURVE_STYLE('',#51,POSITIVE_LENGTH_MEASURE(0.1),#50);
#50=COLOUR_RGB('Black',0.196,0.196,0.196);
#51=DRAUGHTING_PRE_DEFINED_CURVE_FONT('continuous');
#52=PRESENTATION_STYLE_ASSIGNMENT((#53,#58));
#53=SURFACE_STYLE_USAGE(.BOTH.,#54);
#54=SURFACE_SIDE_STYLE('',(#55));
#55=SURFACE_STYLE_FILL_AREA(#56);
#56=FILL_AREA_STYLE('',(#57));
#57=FILL_AREA_STYLE_COLOUR('',#59);
#58=CURVE_STYLE('',#60,POSITIVE_LENGTH_MEASURE(0.1),#59);
#59=COLOUR_RGB('Pin1',0.588,0.588,0.588);
#60=DRAUGHTING_PRE_DEFINED_CURVE_FONT('continuous');
#61=PRESENTATION_STYLE_ASSIGNMENT((#62,#67));
#62=SURFACE_STYLE_USAGE(.BOTH.,#63);
#63=SURFACE_SIDE_STYLE('',(#64));
#64=SURFACE_STYLE_FILL_AREA(#65);
#65=FILL_AREA_STYLE('',(#66));
#66=FILL_AREA_STYLE_COLOUR('',#68);
#67=CURVE_STYLE('',#69,POSITIVE_LENGTH_MEASURE(0.1),#68);
#68=COLOUR_RGB('HeatTab',0.588,0.588,0.588);
#69=DRAUGHTING_PRE_DEFINED_CURVE_FONT('continuous');
#70=PRESENTATION_STYLE_ASSIGNMENT((#71,#76));
#71=SURFACE_STYLE_USAGE(.BOTH.,#72);
#72=SURFACE_SIDE_STYLE('',(#73));
#73=SURFACE_STYLE_FILL_AREA(#74);
#74=FILL_AREA_STYLE('',(#75));
#75=FILL_AREA_STYLE_COLOUR('',#77);
#76=CURVE_STYLE('',#78,POSITIVE_LENGTH_MEASURE(0.1),#77);
#77=COLOUR_RGB('Aluminum',0.725,0.725,0.725);
#78=DRAUGHTING_PRE_DEFINED_CURVE_FONT('continuous');
#79=PRESENTATION_STYLE_ASSIGNMENT((#80,#85));
#80=SURFACE_STYLE_USAGE(.BOTH.,#81);
#81=SURFACE_SIDE_STYLE('',(#82));
#82=SURFACE_STYLE_FILL_AREA(#83);
#83=FILL_AREA_STYLE('',(#84));
#84=FILL_AREA_STYLE_COLOUR('',#86);
#85=CURVE_STYLE('',#87,POSITIVE_LENGTH_MEASURE(0.1),#86);
#86=COLOUR_RGB('Brown',0.459,0.345,0.176);
#87=DRAUGHTING_PRE_DEFINED_CURVE_FONT('continuous');
#88=PRESENTATION_STYLE_ASSIGNMENT((#89,#94));
#89=SURFACE_STYLE_USAGE(.BOTH.,#90);
#90=SURFACE_SIDE_STYLE('',(#91));
#91=SURFACE_STYLE_FILL_AREA(#92);
#92=FILL_AREA_STYLE('',(#93));
#93=FILL_AREA_STYLE_COLOUR('',#95);
#94=CURVE_STYLE('',#96,POSITIVE_LENGTH_MEASURE(0.1),#95);
#95=COLOUR_RGB('Tan',0.784,0.686,0.51);
#96=DRAUGHTING_PRE_DEFINED_CURVE_FONT('continuous');
#97=PRESENTATION_STYLE_ASSIGNMENT((#98,#103));
#98=SURFACE_STYLE_USAGE(.BOTH.,#99);
#99=SURFACE_SIDE_STYLE('',(#100));
#100=SURFACE_STYLE_FILL_AREA(#101);
#101=FILL_AREA_STYLE('',(#102));
#102=FILL_AREA_STYLE_COLOUR('',#104);
#103=CURVE_STYLE('',#105,POSITIVE_LENGTH_MEASURE(0.1),#104);
#104=COLOUR_RGB('Gray',0.431,0.431,0.431);
#105=DRAUGHTING_PRE_DEFINED_CURVE_FONT('continuous');
#106=PRESENTATION_STYLE_ASSIGNMENT((#107,#112));
#107=SURFACE_STYLE_USAGE(.BOTH.,#108);
#108=SURFACE_SIDE_STYLE('',(#109));
#109=SURFACE_STYLE_FILL_AREA(#110);
#110=FILL_AREA_STYLE('',(#111));
#111=FILL_AREA_STYLE_COLOUR('',#113);
#112=CURVE_STYLE('',#114,POSITIVE_LENGTH_MEASURE(0.1),#113);
#113=COLOUR_RGB('Red',0.6,0.0,0.0);
#114=DRAUGHTING_PRE_DEFINED_CURVE_FONT('continuous');
#115=PRESENTATION_STYLE_ASSIGNMENT((#116,#121));
#116=SURFACE_STYLE_USAGE(.BOTH.,#117);
#117=SURFACE_SIDE_STYLE('',(#118));
#118=SURFACE_STYLE_FILL_AREA(#119);
#119=FILL_AREA_STYLE('',(#120));
#120=FILL_AREA_STYLE_COLOUR('',#122);
#121=CURVE_STYLE('',#123,POSITIVE_LENGTH_MEASURE(0.1),#122);
#122=COLOUR_RGB('Blue',0.157,0.157,0.588);
#123=DRAUGHTING_PRE_DEFINED_CURVE_FONT('continuous');
#124=PRESENTATION_STYLE_ASSIGNMENT((#125,#130));
#125=SURFACE_STYLE_USAGE(.BOTH.,#126);
#126=SURFACE_SIDE_STYLE('',(#127));
#127=SURFACE_STYLE_FILL_AREA(#128);
#128=FILL_AREA_STYLE('',(#129));
#129=FILL_AREA_STYLE_COLOUR('',#131);
#130=CURVE_STYLE('',#132,POSITIVE_LENGTH_MEASURE(0.1),#131);
#131=COLOUR_RGB('Maroon',0.294,0.0,0.0);
#132=DRAUGHTING_PRE_DEFINED_CURVE_FONT('continuous');
#133=PRESENTATION_STYLE_ASSIGNMENT((#134,#139));
#134=SURFACE_STYLE_USAGE(.BOTH.,#135);
#135=SURFACE_SIDE_STYLE('',(#136));
#136=SURFACE_STYLE_FILL_AREA(#137);
#137=FILL_AREA_STYLE('',(#138));
#138=FILL_AREA_STYLE_COLOUR('',#140);
#139=CURVE_STYLE('',#141,POSITIVE_LENGTH_MEASURE(0.1),#140);
#140=COLOUR_RGB('Green',0.0,0.294,0.0);
#141=DRAUGHTING_PRE_DEFINED_CURVE_FONT('continuous');
#142=PRESENTATION_STYLE_ASSIGNMENT((#143,#148));
#143=SURFACE_STYLE_USAGE(.BOTH.,#144);
#144=SURFACE_SIDE_STYLE('',(#145));
#145=SURFACE_STYLE_FILL_AREA(#146);
#146=FILL_AREA_STYLE('',(#147));
#147=FILL_AREA_STYLE_COLOUR('',#149);
#148=CURVE_STYLE('',#150,POSITIVE_LENGTH_MEASURE(0.1),#149);
#149=COLOUR_RGB('Pin1Wrap',0.98,0.706,0.176);
#150=DRAUGHTING_PRE_DEFINED_CURVE_FONT('continuous');
#151=PRESENTATION_STYLE_ASSIGNMENT((#152,#157));
#152=SURFACE_STYLE_USAGE(.BOTH.,#153);
#153=SURFACE_SIDE_STYLE('',(#154));
#154=SURFACE_STYLE_FILL_AREA(#155);
#155=FILL_AREA_STYLE('',(#156));
#156=FILL_AREA_STYLE_COLOUR('',#158);
#157=CURVE_STYLE('',#159,POSITIVE_LENGTH_MEASURE(0.1),#158);
#158=COLOUR_RGB('Pin1Rad',0.588,0.588,0.588);
#159=DRAUGHTING_PRE_DEFINED_CURVE_FONT('continuous');
#160=PRESENTATION_STYLE_ASSIGNMENT((#161,#166));
#161=SURFACE_STYLE_USAGE(.BOTH.,#162);
#162=SURFACE_SIDE_STYLE('',(#163));
#163=SURFACE_STYLE_FILL_AREA(#164);
#164=FILL_AREA_STYLE('',(#165));
#165=FILL_AREA_STYLE_COLOUR('',#167);
#166=CURVE_STYLE('',#168,POSITIVE_LENGTH_MEASURE(0.1),#167);
#167=COLOUR_RGB('Pin1Axial',0.98,0.706,0.176);
#168=DRAUGHTING_PRE_DEFINED_CURVE_FONT('continuous');
#169=PRESENTATION_STYLE_ASSIGNMENT((#170,#175));
#170=SURFACE_STYLE_USAGE(.BOTH.,#171);
#171=SURFACE_SIDE_STYLE('',(#172));
#172=SURFACE_STYLE_FILL_AREA(#173);
#173=FILL_AREA_STYLE('',(#174));
#174=FILL_AREA_STYLE_COLOUR('',#176);
#175=CURVE_STYLE('',#177,POSITIVE_LENGTH_MEASURE(0.1),#176);
#176=COLOUR_RGB('Pin1Tant',0.459,0.345,0.176);
#177=DRAUGHTING_PRE_DEFINED_CURVE_FONT('continuous');
#178=PRESENTATION_STYLE_ASSIGNMENT((#179,#184));
#179=SURFACE_STYLE_USAGE(.BOTH.,#180);
#180=SURFACE_SIDE_STYLE('',(#181));
#181=SURFACE_STYLE_FILL_AREA(#182);
#182=FILL_AREA_STYLE('',(#183));
#183=FILL_AREA_STYLE_COLOUR('',#185);
#184=CURVE_STYLE('',#186,POSITIVE_LENGTH_MEASURE(0.1),#185);
#185=COLOUR_RGB('Shroud',0.235,0.235,0.235);
#186=DRAUGHTING_PRE_DEFINED_CURVE_FONT('continuous');
#188=MANIFOLD_SOLID_BREP($,#189);
#189=CLOSED_SHELL('',(#191,#240,#289,#338,#387,#436,#485,#534,#583,#632,#681,#730,#779,#828,#877,#926,#975,#1024,#1073,#1122,#1171,#1220,#1269,#1318,#1367,#1416,#1465,#1514,#1563,#1612,#1661,#1710,#1759,#1808,#1857,#1906,#1955,#2004,#2053,#2102,#2151,#2200,#2249,#2298,#2347,#2396,#2445,#2494,#2543,#2592,#2641,#2690,#2739,#2788,#2837,#2886,#2935,#2984,#3033,#3082,#3131,#3180,#3229,#3278,#3327,#3376,#3425,#3474,#3523,#3572,#3621,#3670,#3719,#3768,#3817,#3866,#3915,#3964,#4013,#4062,#4111,#4160,#4209,#4258,#4307,#4356));
#190=STYLED_ITEM('',(#43),#191);
#191=ADVANCED_FACE('',(#197),#192,.T.);
#192=PLANE('',#193);
#193=AXIS2_PLACEMENT_3D('',#194,#195,#196);
#194=CARTESIAN_POINT('',(16.51,-1.08,2.393));
#195=DIRECTION('',(0.513,0.0,0.858));
#196=DIRECTION('',(0.,0.,1.));
#197=FACE_OUTER_BOUND('',#198,.T.);
#198=EDGE_LOOP('',(#199,#209,#219,#229));
#202=CARTESIAN_POINT('',(16.51,1.08,2.393));
#201=VERTEX_POINT('',#202);
#204=CARTESIAN_POINT('',(16.51,-1.08,2.393));
#203=VERTEX_POINT('',#204);
#200=EDGE_CURVE('',#201,#203,#205,.T.);
#205=LINE('',#202,#207);
#207=VECTOR('',#208,2.159127);
#208=DIRECTION('',(0.0,-1.0,0.0));
#199=ORIENTED_EDGE('',*,*,#200,.F.);
#212=CARTESIAN_POINT('',(16.065,1.27,2.659));
#211=VERTEX_POINT('',#212);
#210=EDGE_CURVE('',#211,#201,#215,.T.);
#215=LINE('',#212,#217);
#217=VECTOR('',#218,0.551888231033265);
#218=DIRECTION('',(0.806,-0.345,-0.482));
#209=ORIENTED_EDGE('',*,*,#210,.F.);
#222=CARTESIAN_POINT('',(16.065,-1.27,2.659));
#221=VERTEX_POINT('',#222);
#220=EDGE_CURVE('',#221,#211,#225,.T.);
#225=LINE('',#222,#227);
#227=VECTOR('',#228,2.54);
#228=DIRECTION('',(0.0,1.0,0.0));
#219=ORIENTED_EDGE('',*,*,#220,.F.);
#230=EDGE_CURVE('',#203,#221,#235,.T.);
#235=LINE('',#204,#237);
#237=VECTOR('',#238,0.551888231033265);
#238=DIRECTION('',(-0.806,-0.345,0.482));
#229=ORIENTED_EDGE('',*,*,#230,.F.);
#239=STYLED_ITEM('',(#43),#240);
#240=ADVANCED_FACE('',(#246),#241,.T.);
#241=PLANE('',#242);
#242=AXIS2_PLACEMENT_3D('',#243,#244,#245);
#243=CARTESIAN_POINT('',(14.415,-1.27,2.659));
#244=DIRECTION('',(0.0,0.0,1.0));
#245=DIRECTION('',(0.,1.,0.));
#246=FACE_OUTER_BOUND('',#247,.T.);
#247=EDGE_LOOP('',(#248,#258,#268,#278));
#253=CARTESIAN_POINT('',(14.415,-1.27,2.659));
#252=VERTEX_POINT('',#253);
#249=EDGE_CURVE('',#221,#252,#254,.T.);
#254=LINE('',#222,#256);
#256=VECTOR('',#257,1.650873);
#257=DIRECTION('',(-1.0,0.0,0.0));
#248=ORIENTED_EDGE('',*,*,#249,.F.);
#258=ORIENTED_EDGE('',*,*,#220,.T.);
#271=CARTESIAN_POINT('',(14.415,1.27,2.659));
#270=VERTEX_POINT('',#271);
#269=EDGE_CURVE('',#270,#211,#274,.T.);
#274=LINE('',#271,#276);
#276=VECTOR('',#277,1.650873);
#277=DIRECTION('',(1.0,0.0,0.0));
#268=ORIENTED_EDGE('',*,*,#269,.F.);
#279=EDGE_CURVE('',#252,#270,#284,.T.);
#284=LINE('',#253,#286);
#286=VECTOR('',#287,2.54);
#287=DIRECTION('',(0.0,1.0,0.0));
#278=ORIENTED_EDGE('',*,*,#279,.F.);
#288=STYLED_ITEM('',(#43),#289);
#289=ADVANCED_FACE('',(#295),#290,.T.);
#290=PLANE('',#291);
#291=AXIS2_PLACEMENT_3D('',#292,#293,#294);
#292=CARTESIAN_POINT('',(13.97,-1.08,2.393));
#293=DIRECTION('',(-0.513,0.0,0.858));
#294=DIRECTION('',(0.,0.,1.));
#295=FACE_OUTER_BOUND('',#296,.T.);
#296=EDGE_LOOP('',(#297,#307,#317,#327));
#302=CARTESIAN_POINT('',(13.97,-1.08,2.393));
#301=VERTEX_POINT('',#302);
#298=EDGE_CURVE('',#252,#301,#303,.T.);
#303=LINE('',#253,#305);
#305=VECTOR('',#306,0.551888231033265);
#306=DIRECTION('',(-0.806,0.345,-0.482));
#297=ORIENTED_EDGE('',*,*,#298,.F.);
#307=ORIENTED_EDGE('',*,*,#279,.T.);
#320=CARTESIAN_POINT('',(13.97,1.08,2.393));
#319=VERTEX_POINT('',#320);
#318=EDGE_CURVE('',#319,#270,#323,.T.);
#323=LINE('',#320,#325);
#325=VECTOR('',#326,0.551888231033265);
#326=DIRECTION('',(0.806,0.345,0.482));
#317=ORIENTED_EDGE('',*,*,#318,.F.);
#328=EDGE_CURVE('',#301,#319,#333,.T.);
#333=LINE('',#302,#335);
#335=VECTOR('',#336,2.159127);
#336=DIRECTION('',(0.0,1.0,0.0));
#327=ORIENTED_EDGE('',*,*,#328,.F.);
#337=STYLED_ITEM('',(#43),#338);
#338=ADVANCED_FACE('',(#344),#339,.T.);
#339=PLANE('',#340);
#340=AXIS2_PLACEMENT_3D('',#341,#342,#343);
#341=CARTESIAN_POINT('',(16.51,-1.08,0.665));
#342=DIRECTION('',(1.0,0.0,0.0));
#343=DIRECTION('',(0.,0.,1.));
#344=FACE_OUTER_BOUND('',#345,.T.);
#345=EDGE_LOOP('',(#346,#356,#366,#376));
#349=CARTESIAN_POINT('',(16.51,1.08,0.665));
#348=VERTEX_POINT('',#349);
#351=CARTESIAN_POINT('',(16.51,-1.08,0.665));
#350=VERTEX_POINT('',#351);
#347=EDGE_CURVE('',#348,#350,#352,.T.);
#352=LINE('',#349,#354);
#354=VECTOR('',#355,2.159127);
#355=DIRECTION('',(0.0,-1.0,0.0));
#346=ORIENTED_EDGE('',*,*,#347,.F.);
#357=EDGE_CURVE('',#201,#348,#362,.T.);
#362=LINE('',#202,#364);
#364=VECTOR('',#365,1.72804493862);
#365=DIRECTION('',(0.0,0.0,-1.0));
#356=ORIENTED_EDGE('',*,*,#357,.F.);
#366=ORIENTED_EDGE('',*,*,#200,.T.);
#377=EDGE_CURVE('',#350,#203,#382,.T.);
#382=LINE('',#351,#384);
#384=VECTOR('',#385,1.72804493862);
#385=DIRECTION('',(0.0,0.0,1.0));
#376=ORIENTED_EDGE('',*,*,#377,.F.);
#386=STYLED_ITEM('',(#43),#387);
#387=ADVANCED_FACE('',(#393),#388,.T.);
#388=PLANE('',#389);
#389=AXIS2_PLACEMENT_3D('',#390,#391,#392);
#390=CARTESIAN_POINT('',(16.51,1.08,0.665));
#391=DIRECTION('',(0.394,0.919,0.0));
#392=DIRECTION('',(0.,0.,1.));
#393=FACE_OUTER_BOUND('',#394,.T.);
#394=EDGE_LOOP('',(#395,#405,#415,#425));
#398=CARTESIAN_POINT('',(16.065,1.27,0.0));
#397=VERTEX_POINT('',#398);
#396=EDGE_CURVE('',#397,#348,#401,.T.);
#401=LINE('',#398,#403);
#403=VECTOR('',#404,0.821972840407629);
#404=DIRECTION('',(0.541,-0.232,0.809));
#395=ORIENTED_EDGE('',*,*,#396,.F.);
#406=EDGE_CURVE('',#211,#397,#411,.T.);
#411=LINE('',#212,#413);
#413=VECTOR('',#414,2.6585306748);
#414=DIRECTION('',(0.0,0.0,-1.0));
#405=ORIENTED_EDGE('',*,*,#406,.F.);
#415=ORIENTED_EDGE('',*,*,#210,.T.);
#425=ORIENTED_EDGE('',*,*,#357,.T.);
#435=STYLED_ITEM('',(#43),#436);
#436=ADVANCED_FACE('',(#442),#437,.T.);
#437=PLANE('',#438);
#438=AXIS2_PLACEMENT_3D('',#439,#440,#441);
#439=CARTESIAN_POINT('',(16.065,1.27,0.0));
#440=DIRECTION('',(0.0,1.0,0.0));
#441=DIRECTION('',(0.,0.,1.));
#442=FACE_OUTER_BOUND('',#443,.T.);
#443=EDGE_LOOP('',(#444,#454,#464,#474));
#447=CARTESIAN_POINT('',(14.415,1.27,0.0));
#446=VERTEX_POINT('',#447);
#445=EDGE_CURVE('',#446,#397,#450,.T.);
#450=LINE('',#447,#452);
#452=VECTOR('',#453,1.650873);
#453=DIRECTION('',(1.0,0.0,0.0));
#444=ORIENTED_EDGE('',*,*,#445,.F.);
#455=EDGE_CURVE('',#270,#446,#460,.T.);
#460=LINE('',#271,#462);
#462=VECTOR('',#463,2.6585306748);
#463=DIRECTION('',(0.0,0.0,-1.0));
#454=ORIENTED_EDGE('',*,*,#455,.F.);
#464=ORIENTED_EDGE('',*,*,#269,.T.);
#474=ORIENTED_EDGE('',*,*,#406,.T.);
#484=STYLED_ITEM('',(#43),#485);
#485=ADVANCED_FACE('',(#491),#486,.T.);
#486=PLANE('',#487);
#487=AXIS2_PLACEMENT_3D('',#488,#489,#490);
#488=CARTESIAN_POINT('',(14.415,1.27,0.0));
#489=DIRECTION('',(-0.394,0.919,0.0));
#490=DIRECTION('',(0.,0.,1.));
#491=FACE_OUTER_BOUND('',#492,.T.);
#492=EDGE_LOOP('',(#493,#503,#513,#523));
#496=CARTESIAN_POINT('',(13.97,1.08,0.665));
#495=VERTEX_POINT('',#496);
#494=EDGE_CURVE('',#495,#446,#499,.T.);
#499=LINE('',#496,#501);
#501=VECTOR('',#502,0.821972840407629);
#502=DIRECTION('',(0.541,0.232,-0.809));
#493=ORIENTED_EDGE('',*,*,#494,.F.);
#504=EDGE_CURVE('',#319,#495,#509,.T.);
#509=LINE('',#320,#511);
#511=VECTOR('',#512,1.72804493862);
#512=DIRECTION('',(0.0,0.0,-1.0));
#503=ORIENTED_EDGE('',*,*,#504,.F.);
#513=ORIENTED_EDGE('',*,*,#318,.T.);
#523=ORIENTED_EDGE('',*,*,#455,.T.);
#533=STYLED_ITEM('',(#43),#534);
#534=ADVANCED_FACE('',(#540),#535,.T.);
#535=PLANE('',#536);
#536=AXIS2_PLACEMENT_3D('',#537,#538,#539);
#537=CARTESIAN_POINT('',(13.97,-1.08,0.665));
#538=DIRECTION('',(-0.394,-0.919,0.0));
#539=DIRECTION('',(0.,0.,1.));
#540=FACE_OUTER_BOUND('',#541,.T.);
#541=EDGE_LOOP('',(#542,#552,#562,#572));
#545=CARTESIAN_POINT('',(14.415,-1.27,0.0));
#544=VERTEX_POINT('',#545);
#547=CARTESIAN_POINT('',(13.97,-1.08,0.665));
#546=VERTEX_POINT('',#547);
#543=EDGE_CURVE('',#544,#546,#548,.T.);
#548=LINE('',#545,#550);
#550=VECTOR('',#551,0.821972840407629);
#551=DIRECTION('',(-0.541,0.232,0.809));
#542=ORIENTED_EDGE('',*,*,#543,.F.);
#553=EDGE_CURVE('',#252,#544,#558,.T.);
#558=LINE('',#253,#560);
#560=VECTOR('',#561,2.6585306748);
#561=DIRECTION('',(0.0,0.0,-1.0));
#552=ORIENTED_EDGE('',*,*,#553,.F.);
#562=ORIENTED_EDGE('',*,*,#298,.T.);
#573=EDGE_CURVE('',#546,#301,#578,.T.);
#578=LINE('',#547,#580);
#580=VECTOR('',#581,1.72804493862);
#581=DIRECTION('',(0.0,0.0,1.0));
#572=ORIENTED_EDGE('',*,*,#573,.F.);
#582=STYLED_ITEM('',(#43),#583);
#583=ADVANCED_FACE('',(#589),#584,.T.);
#584=PLANE('',#585);
#585=AXIS2_PLACEMENT_3D('',#586,#587,#588);
#586=CARTESIAN_POINT('',(14.415,-1.27,0.0));
#587=DIRECTION('',(0.0,-1.0,0.0));
#588=DIRECTION('',(0.,0.,1.));
#589=FACE_OUTER_BOUND('',#590,.T.);
#590=EDGE_LOOP('',(#591,#601,#611,#621));
#594=CARTESIAN_POINT('',(16.065,-1.27,0.0));
#593=VERTEX_POINT('',#594);
#592=EDGE_CURVE('',#593,#544,#597,.T.);
#597=LINE('',#594,#599);
#599=VECTOR('',#600,1.650873);
#600=DIRECTION('',(-1.0,0.0,0.0));
#591=ORIENTED_EDGE('',*,*,#592,.F.);
#602=EDGE_CURVE('',#221,#593,#607,.T.);
#607=LINE('',#222,#609);
#609=VECTOR('',#610,2.6585306748);
#610=DIRECTION('',(0.0,0.0,-1.0));
#601=ORIENTED_EDGE('',*,*,#602,.F.);
#611=ORIENTED_EDGE('',*,*,#249,.T.);
#621=ORIENTED_EDGE('',*,*,#553,.T.);
#631=STYLED_ITEM('',(#43),#632);
#632=ADVANCED_FACE('',(#638),#633,.T.);
#633=PLANE('',#634);
#634=AXIS2_PLACEMENT_3D('',#635,#636,#637);
#635=CARTESIAN_POINT('',(16.065,-1.27,0.0));
#636=DIRECTION('',(0.394,-0.919,0.0));
#637=DIRECTION('',(0.,0.,1.));
#638=FACE_OUTER_BOUND('',#639,.T.);
#639=EDGE_LOOP('',(#640,#650,#660,#670));
#641=EDGE_CURVE('',#350,#593,#646,.T.);
#646=LINE('',#351,#648);
#648=VECTOR('',#649,0.821972840407629);
#649=DIRECTION('',(-0.541,-0.232,-0.809));
#640=ORIENTED_EDGE('',*,*,#641,.F.);
#650=ORIENTED_EDGE('',*,*,#377,.T.);
#660=ORIENTED_EDGE('',*,*,#230,.T.);
#670=ORIENTED_EDGE('',*,*,#602,.T.);
#680=STYLED_ITEM('',(#43),#681);
#681=ADVANCED_FACE('',(#687),#682,.T.);
#682=PLANE('',#683);
#683=AXIS2_PLACEMENT_3D('',#684,#685,#686);
#684=CARTESIAN_POINT('',(16.065,-1.27,0.0));
#685=DIRECTION('',(0.831,0.0,-0.556));
#686=DIRECTION('',(0.,0.,1.));
#687=FACE_OUTER_BOUND('',#688,.T.);
#688=EDGE_LOOP('',(#689,#699,#709,#719));
#690=EDGE_CURVE('',#397,#593,#695,.T.);
#695=LINE('',#398,#697);
#697=VECTOR('',#698,2.54);
#698=DIRECTION('',(0.0,-1.0,0.0));
#689=ORIENTED_EDGE('',*,*,#690,.F.);
#699=ORIENTED_EDGE('',*,*,#396,.T.);
#709=ORIENTED_EDGE('',*,*,#347,.T.);
#719=ORIENTED_EDGE('',*,*,#641,.T.);
#729=STYLED_ITEM('',(#43),#730);
#730=ADVANCED_FACE('',(#736),#731,.T.);
#731=PLANE('',#732);
#732=AXIS2_PLACEMENT_3D('',#733,#734,#735);
#733=CARTESIAN_POINT('',(14.415,1.27,0.0));
#734=DIRECTION('',(0.0,0.0,-1.0));
#735=DIRECTION('',(0.,1.,0.));
#736=FACE_OUTER_BOUND('',#737,.T.);
#737=EDGE_LOOP('',(#738,#748,#758,#768));
#738=ORIENTED_EDGE('',*,*,#445,.T.);
#748=ORIENTED_EDGE('',*,*,#690,.T.);
#758=ORIENTED_EDGE('',*,*,#592,.T.);
#769=EDGE_CURVE('',#446,#544,#774,.T.);
#774=LINE('',#447,#776);
#776=VECTOR('',#777,2.54);
#777=DIRECTION('',(0.0,-1.0,0.0));
#768=ORIENTED_EDGE('',*,*,#769,.F.);
#778=STYLED_ITEM('',(#43),#779);
#779=ADVANCED_FACE('',(#785),#780,.T.);
#780=PLANE('',#781);
#781=AXIS2_PLACEMENT_3D('',#782,#783,#784);
#782=CARTESIAN_POINT('',(14.415,1.27,0.0));
#783=DIRECTION('',(-0.831,0.0,-0.556));
#784=DIRECTION('',(0.,0.,1.));
#785=FACE_OUTER_BOUND('',#786,.T.);
#786=EDGE_LOOP('',(#787,#797,#807,#817));
#787=ORIENTED_EDGE('',*,*,#769,.T.);
#797=ORIENTED_EDGE('',*,*,#543,.T.);
#808=EDGE_CURVE('',#495,#546,#813,.T.);
#813=LINE('',#496,#815);
#815=VECTOR('',#816,2.159127);
#816=DIRECTION('',(0.0,-1.0,0.0));
#807=ORIENTED_EDGE('',*,*,#808,.F.);
#817=ORIENTED_EDGE('',*,*,#494,.T.);
#827=STYLED_ITEM('',(#43),#828);
#828=ADVANCED_FACE('',(#834),#829,.T.);
#829=PLANE('',#830);
#830=AXIS2_PLACEMENT_3D('',#831,#832,#833);
#831=CARTESIAN_POINT('',(13.97,-1.08,2.393));
#832=DIRECTION('',(0.513,0.0,0.858));
#833=DIRECTION('',(0.,0.,1.));
#834=FACE_OUTER_BOUND('',#835,.T.);
#835=EDGE_LOOP('',(#836,#846,#856,#866));
#836=ORIENTED_EDGE('',*,*,#328,.T.);
#849=CARTESIAN_POINT('',(13.525,1.27,2.659));
#848=VERTEX_POINT('',#849);
#847=EDGE_CURVE('',#848,#319,#852,.T.);
#852=LINE('',#849,#854);
#854=VECTOR('',#855,0.551888231033265);
#855=DIRECTION('',(0.806,-0.345,-0.482));
#846=ORIENTED_EDGE('',*,*,#847,.F.);
#859=CARTESIAN_POINT('',(13.525,-1.27,2.659));
#858=VERTEX_POINT('',#859);
#857=EDGE_CURVE('',#858,#848,#862,.T.);
#862=LINE('',#859,#864);
#864=VECTOR('',#865,2.54);
#865=DIRECTION('',(0.0,1.0,0.0));
#856=ORIENTED_EDGE('',*,*,#857,.F.);
#867=EDGE_CURVE('',#301,#858,#872,.T.);
#872=LINE('',#302,#874);
#874=VECTOR('',#875,0.551888231033265);
#875=DIRECTION('',(-0.806,-0.345,0.482));
#866=ORIENTED_EDGE('',*,*,#867,.F.);
#876=STYLED_ITEM('',(#43),#877);
#877=ADVANCED_FACE('',(#883),#878,.T.);
#878=PLANE('',#879);
#879=AXIS2_PLACEMENT_3D('',#880,#881,#882);
#880=CARTESIAN_POINT('',(11.875,-1.27,2.659));
#881=DIRECTION('',(0.0,0.0,1.0));
#882=DIRECTION('',(0.,1.,0.));
#883=FACE_OUTER_BOUND('',#884,.T.);
#884=EDGE_LOOP('',(#885,#895,#905,#915));
#890=CARTESIAN_POINT('',(11.875,-1.27,2.659));
#889=VERTEX_POINT('',#890);
#886=EDGE_CURVE('',#858,#889,#891,.T.);
#891=LINE('',#859,#893);
#893=VECTOR('',#894,1.650873);
#894=DIRECTION('',(-1.0,0.0,0.0));
#885=ORIENTED_EDGE('',*,*,#886,.F.);
#895=ORIENTED_EDGE('',*,*,#857,.T.);
#908=CARTESIAN_POINT('',(11.875,1.27,2.659));
#907=VERTEX_POINT('',#908);
#906=EDGE_CURVE('',#907,#848,#911,.T.);
#911=LINE('',#908,#913);
#913=VECTOR('',#914,1.650873);
#914=DIRECTION('',(1.0,0.0,0.0));
#905=ORIENTED_EDGE('',*,*,#906,.F.);
#916=EDGE_CURVE('',#889,#907,#921,.T.);
#921=LINE('',#890,#923);
#923=VECTOR('',#924,2.54);
#924=DIRECTION('',(0.0,1.0,0.0));
#915=ORIENTED_EDGE('',*,*,#916,.F.);
#925=STYLED_ITEM('',(#43),#926);
#926=ADVANCED_FACE('',(#932),#927,.T.);
#927=PLANE('',#928);
#928=AXIS2_PLACEMENT_3D('',#929,#930,#931);
#929=CARTESIAN_POINT('',(11.43,-1.08,2.393));
#930=DIRECTION('',(-0.513,0.0,0.858));
#931=DIRECTION('',(0.,0.,1.));
#932=FACE_OUTER_BOUND('',#933,.T.);
#933=EDGE_LOOP('',(#934,#944,#954,#964));
#939=CARTESIAN_POINT('',(11.43,-1.08,2.393));
#938=VERTEX_POINT('',#939);
#935=EDGE_CURVE('',#889,#938,#940,.T.);
#940=LINE('',#890,#942);
#942=VECTOR('',#943,0.551888231033264);
#943=DIRECTION('',(-0.806,0.345,-0.482));
#934=ORIENTED_EDGE('',*,*,#935,.F.);
#944=ORIENTED_EDGE('',*,*,#916,.T.);
#957=CARTESIAN_POINT('',(11.43,1.08,2.393));
#956=VERTEX_POINT('',#957);
#955=EDGE_CURVE('',#956,#907,#960,.T.);
#960=LINE('',#957,#962);
#962=VECTOR('',#963,0.551888231033264);
#963=DIRECTION('',(0.806,0.345,0.482));
#954=ORIENTED_EDGE('',*,*,#955,.F.);
#965=EDGE_CURVE('',#938,#956,#970,.T.);
#970=LINE('',#939,#972);
#972=VECTOR('',#973,2.159127);
#973=DIRECTION('',(0.0,1.0,0.0));
#964=ORIENTED_EDGE('',*,*,#965,.F.);
#974=STYLED_ITEM('',(#43),#975);
#975=ADVANCED_FACE('',(#981),#976,.T.);
#976=PLANE('',#977);
#977=AXIS2_PLACEMENT_3D('',#978,#979,#980);
#978=CARTESIAN_POINT('',(13.97,1.08,0.665));
#979=DIRECTION('',(0.394,0.919,0.0));
#980=DIRECTION('',(0.,0.,1.));
#981=FACE_OUTER_BOUND('',#982,.T.);
#982=EDGE_LOOP('',(#983,#993,#1003,#1013));
#986=CARTESIAN_POINT('',(13.525,1.27,0.0));
#985=VERTEX_POINT('',#986);
#984=EDGE_CURVE('',#985,#495,#989,.T.);
#989=LINE('',#986,#991);
#991=VECTOR('',#992,0.821972840407629);
#992=DIRECTION('',(0.541,-0.232,0.809));
#983=ORIENTED_EDGE('',*,*,#984,.F.);
#994=EDGE_CURVE('',#848,#985,#999,.T.);
#999=LINE('',#849,#1001);
#1001=VECTOR('',#1002,2.6585306748);
#1002=DIRECTION('',(0.0,0.0,-1.0));
#993=ORIENTED_EDGE('',*,*,#994,.F.);
#1003=ORIENTED_EDGE('',*,*,#847,.T.);
#1013=ORIENTED_EDGE('',*,*,#504,.T.);
#1023=STYLED_ITEM('',(#43),#1024);
#1024=ADVANCED_FACE('',(#1030),#1025,.T.);
#1025=PLANE('',#1026);
#1026=AXIS2_PLACEMENT_3D('',#1027,#1028,#1029);
#1027=CARTESIAN_POINT('',(13.525,1.27,0.0));
#1028=DIRECTION('',(0.0,1.0,0.0));
#1029=DIRECTION('',(0.,0.,1.));
#1030=FACE_OUTER_BOUND('',#1031,.T.);
#1031=EDGE_LOOP('',(#1032,#1042,#1052,#1062));
#1035=CARTESIAN_POINT('',(11.875,1.27,0.0));
#1034=VERTEX_POINT('',#1035);
#1033=EDGE_CURVE('',#1034,#985,#1038,.T.);
#1038=LINE('',#1035,#1040);
#1040=VECTOR('',#1041,1.650873);
#1041=DIRECTION('',(1.0,0.0,0.0));
#1032=ORIENTED_EDGE('',*,*,#1033,.F.);
#1043=EDGE_CURVE('',#907,#1034,#1048,.T.);
#1048=LINE('',#908,#1050);
#1050=VECTOR('',#1051,2.6585306748);
#1051=DIRECTION('',(0.0,0.0,-1.0));
#1042=ORIENTED_EDGE('',*,*,#1043,.F.);
#1052=ORIENTED_EDGE('',*,*,#906,.T.);
#1062=ORIENTED_EDGE('',*,*,#994,.T.);
#1072=STYLED_ITEM('',(#43),#1073);
#1073=ADVANCED_FACE('',(#1079),#1074,.T.);
#1074=PLANE('',#1075);
#1075=AXIS2_PLACEMENT_3D('',#1076,#1077,#1078);
#1076=CARTESIAN_POINT('',(11.875,1.27,0.0));
#1077=DIRECTION('',(-0.394,0.919,0.0));
#1078=DIRECTION('',(0.,0.,1.));
#1079=FACE_OUTER_BOUND('',#1080,.T.);
#1080=EDGE_LOOP('',(#1081,#1091,#1101,#1111));
#1084=CARTESIAN_POINT('',(11.43,1.08,0.665));
#1083=VERTEX_POINT('',#1084);
#1082=EDGE_CURVE('',#1083,#1034,#1087,.T.);
#1087=LINE('',#1084,#1089);
#1089=VECTOR('',#1090,0.821972840407628);
#1090=DIRECTION('',(0.541,0.232,-0.809));
#1081=ORIENTED_EDGE('',*,*,#1082,.F.);
#1092=EDGE_CURVE('',#956,#1083,#1097,.T.);
#1097=LINE('',#957,#1099);
#1099=VECTOR('',#1100,1.72804493862);
#1100=DIRECTION('',(0.0,0.0,-1.0));
#1091=ORIENTED_EDGE('',*,*,#1092,.F.);
#1101=ORIENTED_EDGE('',*,*,#955,.T.);
#1111=ORIENTED_EDGE('',*,*,#1043,.T.);
#1121=STYLED_ITEM('',(#43),#1122);
#1122=ADVANCED_FACE('',(#1128),#1123,.T.);
#1123=PLANE('',#1124);
#1124=AXIS2_PLACEMENT_3D('',#1125,#1126,#1127);
#1125=CARTESIAN_POINT('',(11.43,-1.08,0.665));
#1126=DIRECTION('',(-0.394,-0.919,0.0));
#1127=DIRECTION('',(0.,0.,1.));
#1128=FACE_OUTER_BOUND('',#1129,.T.);
#1129=EDGE_LOOP('',(#1130,#1140,#1150,#1160));
#1133=CARTESIAN_POINT('',(11.875,-1.27,0.0));
#1132=VERTEX_POINT('',#1133);
#1135=CARTESIAN_POINT('',(11.43,-1.08,0.665));
#1134=VERTEX_POINT('',#1135);
#1131=EDGE_CURVE('',#1132,#1134,#1136,.T.);
#1136=LINE('',#1133,#1138);
#1138=VECTOR('',#1139,0.821972840407628);
#1139=DIRECTION('',(-0.541,0.232,0.809));
#1130=ORIENTED_EDGE('',*,*,#1131,.F.);
#1141=EDGE_CURVE('',#889,#1132,#1146,.T.);
#1146=LINE('',#890,#1148);
#1148=VECTOR('',#1149,2.6585306748);
#1149=DIRECTION('',(0.0,0.0,-1.0));
#1140=ORIENTED_EDGE('',*,*,#1141,.F.);
#1150=ORIENTED_EDGE('',*,*,#935,.T.);
#1161=EDGE_CURVE('',#1134,#938,#1166,.T.);
#1166=LINE('',#1135,#1168);
#1168=VECTOR('',#1169,1.72804493862);
#1169=DIRECTION('',(0.0,0.0,1.0));
#1160=ORIENTED_EDGE('',*,*,#1161,.F.);
#1170=STYLED_ITEM('',(#43),#1171);
#1171=ADVANCED_FACE('',(#1177),#1172,.T.);
#1172=PLANE('',#1173);
#1173=AXIS2_PLACEMENT_3D('',#1174,#1175,#1176);
#1174=CARTESIAN_POINT('',(11.875,-1.27,0.0));
#1175=DIRECTION('',(0.0,-1.0,0.0));
#1176=DIRECTION('',(0.,0.,1.));
#1177=FACE_OUTER_BOUND('',#1178,.T.);
#1178=EDGE_LOOP('',(#1179,#1189,#1199,#1209));
#1182=CARTESIAN_POINT('',(13.525,-1.27,0.0));
#1181=VERTEX_POINT('',#1182);
#1180=EDGE_CURVE('',#1181,#1132,#1185,.T.);
#1185=LINE('',#1182,#1187);
#1187=VECTOR('',#1188,1.650873);
#1188=DIRECTION('',(-1.0,0.0,0.0));
#1179=ORIENTED_EDGE('',*,*,#1180,.F.);
#1190=EDGE_CURVE('',#858,#1181,#1195,.T.);
#1195=LINE('',#859,#1197);
#1197=VECTOR('',#1198,2.6585306748);
#1198=DIRECTION('',(0.0,0.0,-1.0));
#1189=ORIENTED_EDGE('',*,*,#1190,.F.);
#1199=ORIENTED_EDGE('',*,*,#886,.T.);
#1209=ORIENTED_EDGE('',*,*,#1141,.T.);
#1219=STYLED_ITEM('',(#43),#1220);
#1220=ADVANCED_FACE('',(#1226),#1221,.T.);
#1221=PLANE('',#1222);
#1222=AXIS2_PLACEMENT_3D('',#1223,#1224,#1225);
#1223=CARTESIAN_POINT('',(13.525,-1.27,0.0));
#1224=DIRECTION('',(0.394,-0.919,0.0));
#1225=DIRECTION('',(0.,0.,1.));
#1226=FACE_OUTER_BOUND('',#1227,.T.);
#1227=EDGE_LOOP('',(#1228,#1238,#1248,#1258));
#1229=EDGE_CURVE('',#546,#1181,#1234,.T.);
#1234=LINE('',#547,#1236);
#1236=VECTOR('',#1237,0.821972840407629);
#1237=DIRECTION('',(-0.541,-0.232,-0.809));
#1228=ORIENTED_EDGE('',*,*,#1229,.F.);
#1238=ORIENTED_EDGE('',*,*,#573,.T.);
#1248=ORIENTED_EDGE('',*,*,#867,.T.);
#1258=ORIENTED_EDGE('',*,*,#1190,.T.);
#1268=STYLED_ITEM('',(#43),#1269);
#1269=ADVANCED_FACE('',(#1275),#1270,.T.);
#1270=PLANE('',#1271);
#1271=AXIS2_PLACEMENT_3D('',#1272,#1273,#1274);
#1272=CARTESIAN_POINT('',(13.525,-1.27,0.0));
#1273=DIRECTION('',(0.831,0.0,-0.556));
#1274=DIRECTION('',(0.,0.,1.));
#1275=FACE_OUTER_BOUND('',#1276,.T.);
#1276=EDGE_LOOP('',(#1277,#1287,#1297,#1307));
#1278=EDGE_CURVE('',#985,#1181,#1283,.T.);
#1283=LINE('',#986,#1285);
#1285=VECTOR('',#1286,2.54);
#1286=DIRECTION('',(0.0,-1.0,0.0));
#1277=ORIENTED_EDGE('',*,*,#1278,.F.);
#1287=ORIENTED_EDGE('',*,*,#984,.T.);
#1297=ORIENTED_EDGE('',*,*,#808,.T.);
#1307=ORIENTED_EDGE('',*,*,#1229,.T.);
#1317=STYLED_ITEM('',(#43),#1318);
#1318=ADVANCED_FACE('',(#1324),#1319,.T.);
#1319=PLANE('',#1320);
#1320=AXIS2_PLACEMENT_3D('',#1321,#1322,#1323);
#1321=CARTESIAN_POINT('',(11.875,-1.27,0.0));
#1322=DIRECTION('',(0.0,0.0,-1.0));
#1323=DIRECTION('',(0.,1.,0.));
#1324=FACE_OUTER_BOUND('',#1325,.T.);
#1325=EDGE_LOOP('',(#1326,#1336,#1346,#1356));
#1327=EDGE_CURVE('',#1034,#1132,#1332,.T.);
#1332=LINE('',#1035,#1334);
#1334=VECTOR('',#1335,2.54);
#1335=DIRECTION('',(0.0,-1.0,0.0));
#1326=ORIENTED_EDGE('',*,*,#1327,.F.);
#1336=ORIENTED_EDGE('',*,*,#1033,.T.);
#1346=ORIENTED_EDGE('',*,*,#1278,.T.);
#1356=ORIENTED_EDGE('',*,*,#1180,.T.);
#1366=STYLED_ITEM('',(#43),#1367);
#1367=ADVANCED_FACE('',(#1373),#1368,.T.);
#1368=PLANE('',#1369);
#1369=AXIS2_PLACEMENT_3D('',#1370,#1371,#1372);
#1370=CARTESIAN_POINT('',(11.43,-1.08,0.665));
#1371=DIRECTION('',(-0.831,0.0,-0.556));
#1372=DIRECTION('',(0.,0.,1.));
#1373=FACE_OUTER_BOUND('',#1374,.T.);
#1374=EDGE_LOOP('',(#1375,#1385,#1395,#1405));
#1376=EDGE_CURVE('',#1083,#1134,#1381,.T.);
#1381=LINE('',#1084,#1383);
#1383=VECTOR('',#1384,2.159127);
#1384=DIRECTION('',(0.0,-1.0,0.0));
#1375=ORIENTED_EDGE('',*,*,#1376,.F.);
#1385=ORIENTED_EDGE('',*,*,#1082,.T.);
#1395=ORIENTED_EDGE('',*,*,#1327,.T.);
#1405=ORIENTED_EDGE('',*,*,#1131,.T.);
#1415=STYLED_ITEM('',(#43),#1416);
#1416=ADVANCED_FACE('',(#1422),#1417,.T.);
#1417=PLANE('',#1418);
#1418=AXIS2_PLACEMENT_3D('',#1419,#1420,#1421);
#1419=CARTESIAN_POINT('',(11.43,-1.08,2.393));
#1420=DIRECTION('',(0.513,0.0,0.858));
#1421=DIRECTION('',(0.,0.,1.));
#1422=FACE_OUTER_BOUND('',#1423,.T.);
#1423=EDGE_LOOP('',(#1424,#1434,#1444,#1454));
#1424=ORIENTED_EDGE('',*,*,#965,.T.);
#1437=CARTESIAN_POINT('',(10.985,1.27,2.659));
#1436=VERTEX_POINT('',#1437);
#1435=EDGE_CURVE('',#1436,#956,#1440,.T.);
#1440=LINE('',#1437,#1442);
#1442=VECTOR('',#1443,0.551888231033264);
#1443=DIRECTION('',(0.806,-0.345,-0.482));
#1434=ORIENTED_EDGE('',*,*,#1435,.F.);
#1447=CARTESIAN_POINT('',(10.985,-1.27,2.659));
#1446=VERTEX_POINT('',#1447);
#1445=EDGE_CURVE('',#1446,#1436,#1450,.T.);
#1450=LINE('',#1447,#1452);
#1452=VECTOR('',#1453,2.54);
#1453=DIRECTION('',(0.0,1.0,0.0));
#1444=ORIENTED_EDGE('',*,*,#1445,.F.);
#1455=EDGE_CURVE('',#938,#1446,#1460,.T.);
#1460=LINE('',#939,#1462);
#1462=VECTOR('',#1463,0.551888231033264);
#1463=DIRECTION('',(-0.806,-0.345,0.482));
#1454=ORIENTED_EDGE('',*,*,#1455,.F.);
#1464=STYLED_ITEM('',(#43),#1465);
#1465=ADVANCED_FACE('',(#1471),#1466,.T.);
#1466=PLANE('',#1467);
#1467=AXIS2_PLACEMENT_3D('',#1468,#1469,#1470);
#1468=CARTESIAN_POINT('',(9.335,-1.27,2.659));
#1469=DIRECTION('',(0.0,0.0,1.0));
#1470=DIRECTION('',(0.,1.,0.));
#1471=FACE_OUTER_BOUND('',#1472,.T.);
#1472=EDGE_LOOP('',(#1473,#1483,#1493,#1503));
#1478=CARTESIAN_POINT('',(9.335,-1.27,2.659));
#1477=VERTEX_POINT('',#1478);
#1474=EDGE_CURVE('',#1446,#1477,#1479,.T.);
#1479=LINE('',#1447,#1481);
#1481=VECTOR('',#1482,1.650873);
#1482=DIRECTION('',(-1.0,0.0,0.0));
#1473=ORIENTED_EDGE('',*,*,#1474,.F.);
#1483=ORIENTED_EDGE('',*,*,#1445,.T.);
#1496=CARTESIAN_POINT('',(9.335,1.27,2.659));
#1495=VERTEX_POINT('',#1496);
#1494=EDGE_CURVE('',#1495,#1436,#1499,.T.);
#1499=LINE('',#1496,#1501);
#1501=VECTOR('',#1502,1.650873);
#1502=DIRECTION('',(1.0,0.0,0.0));
#1493=ORIENTED_EDGE('',*,*,#1494,.F.);
#1504=EDGE_CURVE('',#1477,#1495,#1509,.T.);
#1509=LINE('',#1478,#1511);
#1511=VECTOR('',#1512,2.54);
#1512=DIRECTION('',(0.0,1.0,0.0));
#1503=ORIENTED_EDGE('',*,*,#1504,.F.);
#1513=STYLED_ITEM('',(#43),#1514);
#1514=ADVANCED_FACE('',(#1520),#1515,.T.);
#1515=PLANE('',#1516);
#1516=AXIS2_PLACEMENT_3D('',#1517,#1518,#1519);
#1517=CARTESIAN_POINT('',(8.89,-1.08,2.393));
#1518=DIRECTION('',(-0.513,0.0,0.858));
#1519=DIRECTION('',(0.,0.,1.));
#1520=FACE_OUTER_BOUND('',#1521,.T.);
#1521=EDGE_LOOP('',(#1522,#1532,#1542,#1552));
#1527=CARTESIAN_POINT('',(8.89,-1.08,2.393));
#1526=VERTEX_POINT('',#1527);
#1523=EDGE_CURVE('',#1477,#1526,#1528,.T.);
#1528=LINE('',#1478,#1530);
#1530=VECTOR('',#1531,0.551888231033264);
#1531=DIRECTION('',(-0.806,0.345,-0.482));
#1522=ORIENTED_EDGE('',*,*,#1523,.F.);
#1532=ORIENTED_EDGE('',*,*,#1504,.T.);
#1545=CARTESIAN_POINT('',(8.89,1.08,2.393));
#1544=VERTEX_POINT('',#1545);
#1543=EDGE_CURVE('',#1544,#1495,#1548,.T.);
#1548=LINE('',#1545,#1550);
#1550=VECTOR('',#1551,0.551888231033264);
#1551=DIRECTION('',(0.806,0.345,0.482));
#1542=ORIENTED_EDGE('',*,*,#1543,.F.);
#1553=EDGE_CURVE('',#1526,#1544,#1558,.T.);
#1558=LINE('',#1527,#1560);
#1560=VECTOR('',#1561,2.159127);
#1561=DIRECTION('',(0.0,1.0,0.0));
#1552=ORIENTED_EDGE('',*,*,#1553,.F.);
#1562=STYLED_ITEM('',(#43),#1563);
#1563=ADVANCED_FACE('',(#1569),#1564,.T.);
#1564=PLANE('',#1565);
#1565=AXIS2_PLACEMENT_3D('',#1566,#1567,#1568);
#1566=CARTESIAN_POINT('',(11.43,1.08,0.665));
#1567=DIRECTION('',(0.394,0.919,0.0));
#1568=DIRECTION('',(0.,0.,1.));
#1569=FACE_OUTER_BOUND('',#1570,.T.);
#1570=EDGE_LOOP('',(#1571,#1581,#1591,#1601));
#1574=CARTESIAN_POINT('',(10.985,1.27,0.0));
#1573=VERTEX_POINT('',#1574);
#1572=EDGE_CURVE('',#1573,#1083,#1577,.T.);
#1577=LINE('',#1574,#1579);
#1579=VECTOR('',#1580,0.821972840407628);
#1580=DIRECTION('',(0.541,-0.232,0.809));
#1571=ORIENTED_EDGE('',*,*,#1572,.F.);
#1582=EDGE_CURVE('',#1436,#1573,#1587,.T.);
#1587=LINE('',#1437,#1589);
#1589=VECTOR('',#1590,2.6585306748);
#1590=DIRECTION('',(0.0,0.0,-1.0));
#1581=ORIENTED_EDGE('',*,*,#1582,.F.);
#1591=ORIENTED_EDGE('',*,*,#1435,.T.);
#1601=ORIENTED_EDGE('',*,*,#1092,.T.);
#1611=STYLED_ITEM('',(#43),#1612);
#1612=ADVANCED_FACE('',(#1618),#1613,.T.);
#1613=PLANE('',#1614);
#1614=AXIS2_PLACEMENT_3D('',#1615,#1616,#1617);
#1615=CARTESIAN_POINT('',(10.985,1.27,0.0));
#1616=DIRECTION('',(0.0,1.0,0.0));
#1617=DIRECTION('',(0.,0.,1.));
#1618=FACE_OUTER_BOUND('',#1619,.T.);
#1619=EDGE_LOOP('',(#1620,#1630,#1640,#1650));
#1623=CARTESIAN_POINT('',(9.335,1.27,0.0));
#1622=VERTEX_POINT('',#1623);
#1621=EDGE_CURVE('',#1622,#1573,#1626,.T.);
#1626=LINE('',#1623,#1628);
#1628=VECTOR('',#1629,1.650873);
#1629=DIRECTION('',(1.0,0.0,0.0));
#1620=ORIENTED_EDGE('',*,*,#1621,.F.);
#1631=EDGE_CURVE('',#1495,#1622,#1636,.T.);
#1636=LINE('',#1496,#1638);
#1638=VECTOR('',#1639,2.6585306748);
#1639=DIRECTION('',(0.0,0.0,-1.0));
#1630=ORIENTED_EDGE('',*,*,#1631,.F.);
#1640=ORIENTED_EDGE('',*,*,#1494,.T.);
#1650=ORIENTED_EDGE('',*,*,#1582,.T.);
#1660=STYLED_ITEM('',(#43),#1661);
#1661=ADVANCED_FACE('',(#1667),#1662,.T.);
#1662=PLANE('',#1663);
#1663=AXIS2_PLACEMENT_3D('',#1664,#1665,#1666);
#1664=CARTESIAN_POINT('',(9.335,1.27,0.0));
#1665=DIRECTION('',(-0.394,0.919,0.0));
#1666=DIRECTION('',(0.,0.,1.));
#1667=FACE_OUTER_BOUND('',#1668,.T.);
#1668=EDGE_LOOP('',(#1669,#1679,#1689,#1699));
#1672=CARTESIAN_POINT('',(8.89,1.08,0.665));
#1671=VERTEX_POINT('',#1672);
#1670=EDGE_CURVE('',#1671,#1622,#1675,.T.);
#1675=LINE('',#1672,#1677);
#1677=VECTOR('',#1678,0.821972840407628);
#1678=DIRECTION('',(0.541,0.232,-0.809));
#1669=ORIENTED_EDGE('',*,*,#1670,.F.);
#1680=EDGE_CURVE('',#1544,#1671,#1685,.T.);
#1685=LINE('',#1545,#1687);
#1687=VECTOR('',#1688,1.72804493862);
#1688=DIRECTION('',(0.0,0.0,-1.0));
#1679=ORIENTED_EDGE('',*,*,#1680,.F.);
#1689=ORIENTED_EDGE('',*,*,#1543,.T.);
#1699=ORIENTED_EDGE('',*,*,#1631,.T.);
#1709=STYLED_ITEM('',(#43),#1710);
#1710=ADVANCED_FACE('',(#1716),#1711,.T.);
#1711=PLANE('',#1712);
#1712=AXIS2_PLACEMENT_3D('',#1713,#1714,#1715);
#1713=CARTESIAN_POINT('',(8.89,-1.08,0.665));
#1714=DIRECTION('',(-0.394,-0.919,0.0));
#1715=DIRECTION('',(0.,0.,1.));
#1716=FACE_OUTER_BOUND('',#1717,.T.);
#1717=EDGE_LOOP('',(#1718,#1728,#1738,#1748));
#1721=CARTESIAN_POINT('',(9.335,-1.27,0.0));
#1720=VERTEX_POINT('',#1721);
#1723=CARTESIAN_POINT('',(8.89,-1.08,0.665));
#1722=VERTEX_POINT('',#1723);
#1719=EDGE_CURVE('',#1720,#1722,#1724,.T.);
#1724=LINE('',#1721,#1726);
#1726=VECTOR('',#1727,0.821972840407628);
#1727=DIRECTION('',(-0.541,0.232,0.809));
#1718=ORIENTED_EDGE('',*,*,#1719,.F.);
#1729=EDGE_CURVE('',#1477,#1720,#1734,.T.);
#1734=LINE('',#1478,#1736);
#1736=VECTOR('',#1737,2.6585306748);
#1737=DIRECTION('',(0.0,0.0,-1.0));
#1728=ORIENTED_EDGE('',*,*,#1729,.F.);
#1738=ORIENTED_EDGE('',*,*,#1523,.T.);
#1749=EDGE_CURVE('',#1722,#1526,#1754,.T.);
#1754=LINE('',#1723,#1756);
#1756=VECTOR('',#1757,1.72804493862);
#1757=DIRECTION('',(0.0,0.0,1.0));
#1748=ORIENTED_EDGE('',*,*,#1749,.F.);
#1758=STYLED_ITEM('',(#43),#1759);
#1759=ADVANCED_FACE('',(#1765),#1760,.T.);
#1760=PLANE('',#1761);
#1761=AXIS2_PLACEMENT_3D('',#1762,#1763,#1764);
#1762=CARTESIAN_POINT('',(9.335,-1.27,0.0));
#1763=DIRECTION('',(0.0,-1.0,0.0));
#1764=DIRECTION('',(0.,0.,1.));
#1765=FACE_OUTER_BOUND('',#1766,.T.);
#1766=EDGE_LOOP('',(#1767,#1777,#1787,#1797));
#1770=CARTESIAN_POINT('',(10.985,-1.27,0.0));
#1769=VERTEX_POINT('',#1770);
#1768=EDGE_CURVE('',#1769,#1720,#1773,.T.);
#1773=LINE('',#1770,#1775);
#1775=VECTOR('',#1776,1.650873);
#1776=DIRECTION('',(-1.0,0.0,0.0));
#1767=ORIENTED_EDGE('',*,*,#1768,.F.);
#1778=EDGE_CURVE('',#1446,#1769,#1783,.T.);
#1783=LINE('',#1447,#1785);
#1785=VECTOR('',#1786,2.6585306748);
#1786=DIRECTION('',(0.0,0.0,-1.0));
#1777=ORIENTED_EDGE('',*,*,#1778,.F.);
#1787=ORIENTED_EDGE('',*,*,#1474,.T.);
#1797=ORIENTED_EDGE('',*,*,#1729,.T.);
#1807=STYLED_ITEM('',(#43),#1808);
#1808=ADVANCED_FACE('',(#1814),#1809,.T.);
#1809=PLANE('',#1810);
#1810=AXIS2_PLACEMENT_3D('',#1811,#1812,#1813);
#1811=CARTESIAN_POINT('',(10.985,-1.27,0.0));
#1812=DIRECTION('',(0.394,-0.919,0.0));
#1813=DIRECTION('',(0.,0.,1.));
#1814=FACE_OUTER_BOUND('',#1815,.T.);
#1815=EDGE_LOOP('',(#1816,#1826,#1836,#1846));
#1817=EDGE_CURVE('',#1134,#1769,#1822,.T.);
#1822=LINE('',#1135,#1824);
#1824=VECTOR('',#1825,0.821972840407628);
#1825=DIRECTION('',(-0.541,-0.232,-0.809));
#1816=ORIENTED_EDGE('',*,*,#1817,.F.);
#1826=ORIENTED_EDGE('',*,*,#1161,.T.);
#1836=ORIENTED_EDGE('',*,*,#1455,.T.);
#1846=ORIENTED_EDGE('',*,*,#1778,.T.);
#1856=STYLED_ITEM('',(#43),#1857);
#1857=ADVANCED_FACE('',(#1863),#1858,.T.);
#1858=PLANE('',#1859);
#1859=AXIS2_PLACEMENT_3D('',#1860,#1861,#1862);
#1860=CARTESIAN_POINT('',(10.985,-1.27,0.0));
#1861=DIRECTION('',(0.831,0.0,-0.556));
#1862=DIRECTION('',(0.,0.,1.));
#1863=FACE_OUTER_BOUND('',#1864,.T.);
#1864=EDGE_LOOP('',(#1865,#1875,#1885,#1895));
#1866=EDGE_CURVE('',#1573,#1769,#1871,.T.);
#1871=LINE('',#1574,#1873);
#1873=VECTOR('',#1874,2.54);
#1874=DIRECTION('',(0.0,-1.0,0.0));
#1865=ORIENTED_EDGE('',*,*,#1866,.F.);
#1875=ORIENTED_EDGE('',*,*,#1572,.T.);
#1885=ORIENTED_EDGE('',*,*,#1376,.T.);
#1895=ORIENTED_EDGE('',*,*,#1817,.T.);
#1905=STYLED_ITEM('',(#43),#1906);
#1906=ADVANCED_FACE('',(#1912),#1907,.T.);
#1907=PLANE('',#1908);
#1908=AXIS2_PLACEMENT_3D('',#1909,#1910,#1911);
#1909=CARTESIAN_POINT('',(9.335,1.27,0.0));
#1910=DIRECTION('',(0.0,0.0,-1.0));
#1911=DIRECTION('',(0.,1.,0.));
#1912=FACE_OUTER_BOUND('',#1913,.T.);
#1913=EDGE_LOOP('',(#1914,#1924,#1934,#1944));
#1914=ORIENTED_EDGE('',*,*,#1621,.T.);
#1924=ORIENTED_EDGE('',*,*,#1866,.T.);
#1934=ORIENTED_EDGE('',*,*,#1768,.T.);
#1945=EDGE_CURVE('',#1622,#1720,#1950,.T.);
#1950=LINE('',#1623,#1952);
#1952=VECTOR('',#1953,2.54);
#1953=DIRECTION('',(0.0,-1.0,0.0));
#1944=ORIENTED_EDGE('',*,*,#1945,.F.);
#1954=STYLED_ITEM('',(#43),#1955);
#1955=ADVANCED_FACE('',(#1961),#1956,.T.);
#1956=PLANE('',#1957);
#1957=AXIS2_PLACEMENT_3D('',#1958,#1959,#1960);
#1958=CARTESIAN_POINT('',(9.335,1.27,0.0));
#1959=DIRECTION('',(-0.831,0.0,-0.556));
#1960=DIRECTION('',(0.,0.,1.));
#1961=FACE_OUTER_BOUND('',#1962,.T.);
#1962=EDGE_LOOP('',(#1963,#1973,#1983,#1993));
#1963=ORIENTED_EDGE('',*,*,#1945,.T.);
#1973=ORIENTED_EDGE('',*,*,#1719,.T.);
#1984=EDGE_CURVE('',#1671,#1722,#1989,.T.);
#1989=LINE('',#1672,#1991);
#1991=VECTOR('',#1992,2.159127);
#1992=DIRECTION('',(0.0,-1.0,0.0));
#1983=ORIENTED_EDGE('',*,*,#1984,.F.);
#1993=ORIENTED_EDGE('',*,*,#1670,.T.);
#2003=STYLED_ITEM('',(#43),#2004);
#2004=ADVANCED_FACE('',(#2010),#2005,.T.);
#2005=PLANE('',#2006);
#2006=AXIS2_PLACEMENT_3D('',#2007,#2008,#2009);
#2007=CARTESIAN_POINT('',(8.89,-1.08,2.393));
#2008=DIRECTION('',(0.513,0.0,0.858));
#2009=DIRECTION('',(0.,0.,1.));
#2010=FACE_OUTER_BOUND('',#2011,.T.);
#2011=EDGE_LOOP('',(#2012,#2022,#2032,#2042));
#2012=ORIENTED_EDGE('',*,*,#1553,.T.);
#2025=CARTESIAN_POINT('',(8.445,1.27,2.659));
#2024=VERTEX_POINT('',#2025);
#2023=EDGE_CURVE('',#2024,#1544,#2028,.T.);
#2028=LINE('',#2025,#2030);
#2030=VECTOR('',#2031,0.551888231033264);
#2031=DIRECTION('',(0.806,-0.345,-0.482));
#2022=ORIENTED_EDGE('',*,*,#2023,.F.);
#2035=CARTESIAN_POINT('',(8.445,-1.27,2.659));
#2034=VERTEX_POINT('',#2035);
#2033=EDGE_CURVE('',#2034,#2024,#2038,.T.);
#2038=LINE('',#2035,#2040);
#2040=VECTOR('',#2041,2.54);
#2041=DIRECTION('',(0.0,1.0,0.0));
#2032=ORIENTED_EDGE('',*,*,#2033,.F.);
#2043=EDGE_CURVE('',#1526,#2034,#2048,.T.);
#2048=LINE('',#1527,#2050);
#2050=VECTOR('',#2051,0.551888231033264);
#2051=DIRECTION('',(-0.806,-0.345,0.482));
#2042=ORIENTED_EDGE('',*,*,#2043,.F.);
#2052=STYLED_ITEM('',(#43),#2053);
#2053=ADVANCED_FACE('',(#2059),#2054,.T.);
#2054=PLANE('',#2055);
#2055=AXIS2_PLACEMENT_3D('',#2056,#2057,#2058);
#2056=CARTESIAN_POINT('',(6.795,-1.27,2.659));
#2057=DIRECTION('',(0.0,0.0,1.0));
#2058=DIRECTION('',(0.,1.,0.));
#2059=FACE_OUTER_BOUND('',#2060,.T.);
#2060=EDGE_LOOP('',(#2061,#2071,#2081,#2091));
#2066=CARTESIAN_POINT('',(6.795,-1.27,2.659));
#2065=VERTEX_POINT('',#2066);
#2062=EDGE_CURVE('',#2034,#2065,#2067,.T.);
#2067=LINE('',#2035,#2069);
#2069=VECTOR('',#2070,1.650873);
#2070=DIRECTION('',(-1.0,0.0,0.0));
#2061=ORIENTED_EDGE('',*,*,#2062,.F.);
#2071=ORIENTED_EDGE('',*,*,#2033,.T.);
#2084=CARTESIAN_POINT('',(6.795,1.27,2.659));
#2083=VERTEX_POINT('',#2084);
#2082=EDGE_CURVE('',#2083,#2024,#2087,.T.);
#2087=LINE('',#2084,#2089);
#2089=VECTOR('',#2090,1.650873);
#2090=DIRECTION('',(1.0,0.0,0.0));
#2081=ORIENTED_EDGE('',*,*,#2082,.F.);
#2092=EDGE_CURVE('',#2065,#2083,#2097,.T.);
#2097=LINE('',#2066,#2099);
#2099=VECTOR('',#2100,2.54);
#2100=DIRECTION('',(0.0,1.0,0.0));
#2091=ORIENTED_EDGE('',*,*,#2092,.F.);
#2101=STYLED_ITEM('',(#43),#2102);
#2102=ADVANCED_FACE('',(#2108),#2103,.T.);
#2103=PLANE('',#2104);
#2104=AXIS2_PLACEMENT_3D('',#2105,#2106,#2107);
#2105=CARTESIAN_POINT('',(6.35,-1.08,2.393));
#2106=DIRECTION('',(-0.513,0.0,0.858));
#2107=DIRECTION('',(0.,0.,1.));
#2108=FACE_OUTER_BOUND('',#2109,.T.);
#2109=EDGE_LOOP('',(#2110,#2120,#2130,#2140));
#2115=CARTESIAN_POINT('',(6.35,-1.08,2.393));
#2114=VERTEX_POINT('',#2115);
#2111=EDGE_CURVE('',#2065,#2114,#2116,.T.);
#2116=LINE('',#2066,#2118);
#2118=VECTOR('',#2119,0.551888231033264);
#2119=DIRECTION('',(-0.806,0.345,-0.482));
#2110=ORIENTED_EDGE('',*,*,#2111,.F.);
#2120=ORIENTED_EDGE('',*,*,#2092,.T.);
#2133=CARTESIAN_POINT('',(6.35,1.08,2.393));
#2132=VERTEX_POINT('',#2133);
#2131=EDGE_CURVE('',#2132,#2083,#2136,.T.);
#2136=LINE('',#2133,#2138);
#2138=VECTOR('',#2139,0.551888231033264);
#2139=DIRECTION('',(0.806,0.345,0.482));
#2130=ORIENTED_EDGE('',*,*,#2131,.F.);
#2141=EDGE_CURVE('',#2114,#2132,#2146,.T.);
#2146=LINE('',#2115,#2148);
#2148=VECTOR('',#2149,2.159127);
#2149=DIRECTION('',(0.0,1.0,0.0));
#2140=ORIENTED_EDGE('',*,*,#2141,.F.);
#2150=STYLED_ITEM('',(#43),#2151);
#2151=ADVANCED_FACE('',(#2157),#2152,.T.);
#2152=PLANE('',#2153);
#2153=AXIS2_PLACEMENT_3D('',#2154,#2155,#2156);
#2154=CARTESIAN_POINT('',(8.89,1.08,0.665));
#2155=DIRECTION('',(0.394,0.919,0.0));
#2156=DIRECTION('',(0.,0.,1.));
#2157=FACE_OUTER_BOUND('',#2158,.T.);
#2158=EDGE_LOOP('',(#2159,#2169,#2179,#2189));
#2162=CARTESIAN_POINT('',(8.445,1.27,0.0));
#2161=VERTEX_POINT('',#2162);
#2160=EDGE_CURVE('',#2161,#1671,#2165,.T.);
#2165=LINE('',#2162,#2167);
#2167=VECTOR('',#2168,0.821972840407628);
#2168=DIRECTION('',(0.541,-0.232,0.809));
#2159=ORIENTED_EDGE('',*,*,#2160,.F.);
#2170=EDGE_CURVE('',#2024,#2161,#2175,.T.);
#2175=LINE('',#2025,#2177);
#2177=VECTOR('',#2178,2.6585306748);
#2178=DIRECTION('',(0.0,0.0,-1.0));
#2169=ORIENTED_EDGE('',*,*,#2170,.F.);
#2179=ORIENTED_EDGE('',*,*,#2023,.T.);
#2189=ORIENTED_EDGE('',*,*,#1680,.T.);
#2199=STYLED_ITEM('',(#43),#2200);
#2200=ADVANCED_FACE('',(#2206),#2201,.T.);
#2201=PLANE('',#2202);
#2202=AXIS2_PLACEMENT_3D('',#2203,#2204,#2205);
#2203=CARTESIAN_POINT('',(8.445,1.27,0.0));
#2204=DIRECTION('',(0.0,1.0,0.0));
#2205=DIRECTION('',(0.,0.,1.));
#2206=FACE_OUTER_BOUND('',#2207,.T.);
#2207=EDGE_LOOP('',(#2208,#2218,#2228,#2238));
#2211=CARTESIAN_POINT('',(6.795,1.27,0.0));
#2210=VERTEX_POINT('',#2211);
#2209=EDGE_CURVE('',#2210,#2161,#2214,.T.);
#2214=LINE('',#2211,#2216);
#2216=VECTOR('',#2217,1.650873);
#2217=DIRECTION('',(1.0,0.0,0.0));
#2208=ORIENTED_EDGE('',*,*,#2209,.F.);
#2219=EDGE_CURVE('',#2083,#2210,#2224,.T.);
#2224=LINE('',#2084,#2226);
#2226=VECTOR('',#2227,2.6585306748);
#2227=DIRECTION('',(0.0,0.0,-1.0));
#2218=ORIENTED_EDGE('',*,*,#2219,.F.);
#2228=ORIENTED_EDGE('',*,*,#2082,.T.);
#2238=ORIENTED_EDGE('',*,*,#2170,.T.);
#2248=STYLED_ITEM('',(#43),#2249);
#2249=ADVANCED_FACE('',(#2255),#2250,.T.);
#2250=PLANE('',#2251);
#2251=AXIS2_PLACEMENT_3D('',#2252,#2253,#2254);
#2252=CARTESIAN_POINT('',(6.795,1.27,0.0));
#2253=DIRECTION('',(-0.394,0.919,0.0));
#2254=DIRECTION('',(0.,0.,1.));
#2255=FACE_OUTER_BOUND('',#2256,.T.);
#2256=EDGE_LOOP('',(#2257,#2267,#2277,#2287));
#2260=CARTESIAN_POINT('',(6.35,1.08,0.665));
#2259=VERTEX_POINT('',#2260);
#2258=EDGE_CURVE('',#2259,#2210,#2263,.T.);
#2263=LINE('',#2260,#2265);
#2265=VECTOR('',#2266,0.821972840407628);
#2266=DIRECTION('',(0.541,0.232,-0.809));
#2257=ORIENTED_EDGE('',*,*,#2258,.F.);
#2268=EDGE_CURVE('',#2132,#2259,#2273,.T.);
#2273=LINE('',#2133,#2275);
#2275=VECTOR('',#2276,1.72804493862);
#2276=DIRECTION('',(0.0,0.0,-1.0));
#2267=ORIENTED_EDGE('',*,*,#2268,.F.);
#2277=ORIENTED_EDGE('',*,*,#2131,.T.);
#2287=ORIENTED_EDGE('',*,*,#2219,.T.);
#2297=STYLED_ITEM('',(#43),#2298);
#2298=ADVANCED_FACE('',(#2304),#2299,.T.);
#2299=PLANE('',#2300);
#2300=AXIS2_PLACEMENT_3D('',#2301,#2302,#2303);
#2301=CARTESIAN_POINT('',(6.35,-1.08,0.665));
#2302=DIRECTION('',(-0.394,-0.919,0.0));
#2303=DIRECTION('',(0.,0.,1.));
#2304=FACE_OUTER_BOUND('',#2305,.T.);
#2305=EDGE_LOOP('',(#2306,#2316,#2326,#2336));
#2309=CARTESIAN_POINT('',(6.795,-1.27,0.0));
#2308=VERTEX_POINT('',#2309);
#2311=CARTESIAN_POINT('',(6.35,-1.08,0.665));
#2310=VERTEX_POINT('',#2311);
#2307=EDGE_CURVE('',#2308,#2310,#2312,.T.);
#2312=LINE('',#2309,#2314);
#2314=VECTOR('',#2315,0.821972840407628);
#2315=DIRECTION('',(-0.541,0.232,0.809));
#2306=ORIENTED_EDGE('',*,*,#2307,.F.);
#2317=EDGE_CURVE('',#2065,#2308,#2322,.T.);
#2322=LINE('',#2066,#2324);
#2324=VECTOR('',#2325,2.6585306748);
#2325=DIRECTION('',(0.0,0.0,-1.0));
#2316=ORIENTED_EDGE('',*,*,#2317,.F.);
#2326=ORIENTED_EDGE('',*,*,#2111,.T.);
#2337=EDGE_CURVE('',#2310,#2114,#2342,.T.);
#2342=LINE('',#2311,#2344);
#2344=VECTOR('',#2345,1.72804493862);
#2345=DIRECTION('',(0.0,0.0,1.0));
#2336=ORIENTED_EDGE('',*,*,#2337,.F.);
#2346=STYLED_ITEM('',(#43),#2347);
#2347=ADVANCED_FACE('',(#2353),#2348,.T.);
#2348=PLANE('',#2349);
#2349=AXIS2_PLACEMENT_3D('',#2350,#2351,#2352);
#2350=CARTESIAN_POINT('',(6.795,-1.27,0.0));
#2351=DIRECTION('',(0.0,-1.0,0.0));
#2352=DIRECTION('',(0.,0.,1.));
#2353=FACE_OUTER_BOUND('',#2354,.T.);
#2354=EDGE_LOOP('',(#2355,#2365,#2375,#2385));
#2358=CARTESIAN_POINT('',(8.445,-1.27,0.0));
#2357=VERTEX_POINT('',#2358);
#2356=EDGE_CURVE('',#2357,#2308,#2361,.T.);
#2361=LINE('',#2358,#2363);
#2363=VECTOR('',#2364,1.650873);
#2364=DIRECTION('',(-1.0,0.0,0.0));
#2355=ORIENTED_EDGE('',*,*,#2356,.F.);
#2366=EDGE_CURVE('',#2034,#2357,#2371,.T.);
#2371=LINE('',#2035,#2373);
#2373=VECTOR('',#2374,2.6585306748);
#2374=DIRECTION('',(0.0,0.0,-1.0));
#2365=ORIENTED_EDGE('',*,*,#2366,.F.);
#2375=ORIENTED_EDGE('',*,*,#2062,.T.);
#2385=ORIENTED_EDGE('',*,*,#2317,.T.);
#2395=STYLED_ITEM('',(#43),#2396);
#2396=ADVANCED_FACE('',(#2402),#2397,.T.);
#2397=PLANE('',#2398);
#2398=AXIS2_PLACEMENT_3D('',#2399,#2400,#2401);
#2399=CARTESIAN_POINT('',(8.445,-1.27,0.0));
#2400=DIRECTION('',(0.394,-0.919,0.0));
#2401=DIRECTION('',(0.,0.,1.));
#2402=FACE_OUTER_BOUND('',#2403,.T.);
#2403=EDGE_LOOP('',(#2404,#2414,#2424,#2434));
#2405=EDGE_CURVE('',#1722,#2357,#2410,.T.);
#2410=LINE('',#1723,#2412);
#2412=VECTOR('',#2413,0.821972840407628);
#2413=DIRECTION('',(-0.541,-0.232,-0.809));
#2404=ORIENTED_EDGE('',*,*,#2405,.F.);
#2414=ORIENTED_EDGE('',*,*,#1749,.T.);
#2424=ORIENTED_EDGE('',*,*,#2043,.T.);
#2434=ORIENTED_EDGE('',*,*,#2366,.T.);
#2444=STYLED_ITEM('',(#43),#2445);
#2445=ADVANCED_FACE('',(#2451),#2446,.T.);
#2446=PLANE('',#2447);
#2447=AXIS2_PLACEMENT_3D('',#2448,#2449,#2450);
#2448=CARTESIAN_POINT('',(8.445,-1.27,0.0));
#2449=DIRECTION('',(0.831,0.0,-0.556));
#2450=DIRECTION('',(0.,0.,1.));
#2451=FACE_OUTER_BOUND('',#2452,.T.);
#2452=EDGE_LOOP('',(#2453,#2463,#2473,#2483));
#2454=EDGE_CURVE('',#2161,#2357,#2459,.T.);
#2459=LINE('',#2162,#2461);
#2461=VECTOR('',#2462,2.54);
#2462=DIRECTION('',(0.0,-1.0,0.0));
#2453=ORIENTED_EDGE('',*,*,#2454,.F.);
#2463=ORIENTED_EDGE('',*,*,#2160,.T.);
#2473=ORIENTED_EDGE('',*,*,#1984,.T.);
#2483=ORIENTED_EDGE('',*,*,#2405,.T.);
#2493=STYLED_ITEM('',(#43),#2494);
#2494=ADVANCED_FACE('',(#2500),#2495,.T.);
#2495=PLANE('',#2496);
#2496=AXIS2_PLACEMENT_3D('',#2497,#2498,#2499);
#2497=CARTESIAN_POINT('',(6.795,1.27,0.0));
#2498=DIRECTION('',(0.0,0.0,-1.0));
#2499=DIRECTION('',(0.,1.,0.));
#2500=FACE_OUTER_BOUND('',#2501,.T.);
#2501=EDGE_LOOP('',(#2502,#2512,#2522,#2532));
#2502=ORIENTED_EDGE('',*,*,#2209,.T.);
#2512=ORIENTED_EDGE('',*,*,#2454,.T.);
#2522=ORIENTED_EDGE('',*,*,#2356,.T.);
#2533=EDGE_CURVE('',#2210,#2308,#2538,.T.);
#2538=LINE('',#2211,#2540);
#2540=VECTOR('',#2541,2.54);
#2541=DIRECTION('',(0.0,-1.0,0.0));
#2532=ORIENTED_EDGE('',*,*,#2533,.F.);
#2542=STYLED_ITEM('',(#43),#2543);
#2543=ADVANCED_FACE('',(#2549),#2544,.T.);
#2544=PLANE('',#2545);
#2545=AXIS2_PLACEMENT_3D('',#2546,#2547,#2548);
#2546=CARTESIAN_POINT('',(6.795,1.27,0.0));
#2547=DIRECTION('',(-0.831,0.0,-0.556));
#2548=DIRECTION('',(0.,0.,1.));
#2549=FACE_OUTER_BOUND('',#2550,.T.);
#2550=EDGE_LOOP('',(#2551,#2561,#2571,#2581));
#2551=ORIENTED_EDGE('',*,*,#2533,.T.);
#2561=ORIENTED_EDGE('',*,*,#2307,.T.);
#2572=EDGE_CURVE('',#2259,#2310,#2577,.T.);
#2577=LINE('',#2260,#2579);
#2579=VECTOR('',#2580,2.159127);
#2580=DIRECTION('',(0.0,-1.0,0.0));
#2571=ORIENTED_EDGE('',*,*,#2572,.F.);
#2581=ORIENTED_EDGE('',*,*,#2258,.T.);
#2591=STYLED_ITEM('',(#43),#2592);
#2592=ADVANCED_FACE('',(#2598),#2593,.T.);
#2593=PLANE('',#2594);
#2594=AXIS2_PLACEMENT_3D('',#2595,#2596,#2597);
#2595=CARTESIAN_POINT('',(6.35,-1.08,2.393));
#2596=DIRECTION('',(0.513,0.0,0.858));
#2597=DIRECTION('',(0.,0.,1.));
#2598=FACE_OUTER_BOUND('',#2599,.T.);
#2599=EDGE_LOOP('',(#2600,#2610,#2620,#2630));
#2600=ORIENTED_EDGE('',*,*,#2141,.T.);
#2613=CARTESIAN_POINT('',(5.905,1.27,2.659));
#2612=VERTEX_POINT('',#2613);
#2611=EDGE_CURVE('',#2612,#2132,#2616,.T.);
#2616=LINE('',#2613,#2618);
#2618=VECTOR('',#2619,0.551888231033264);
#2619=DIRECTION('',(0.806,-0.345,-0.482));
#2610=ORIENTED_EDGE('',*,*,#2611,.F.);
#2623=CARTESIAN_POINT('',(5.905,-1.27,2.659));
#2622=VERTEX_POINT('',#2623);
#2621=EDGE_CURVE('',#2622,#2612,#2626,.T.);
#2626=LINE('',#2623,#2628);
#2628=VECTOR('',#2629,2.54);
#2629=DIRECTION('',(0.0,1.0,0.0));
#2620=ORIENTED_EDGE('',*,*,#2621,.F.);
#2631=EDGE_CURVE('',#2114,#2622,#2636,.T.);
#2636=LINE('',#2115,#2638);
#2638=VECTOR('',#2639,0.551888231033264);
#2639=DIRECTION('',(-0.806,-0.345,0.482));
#2630=ORIENTED_EDGE('',*,*,#2631,.F.);
#2640=STYLED_ITEM('',(#43),#2641);
#2641=ADVANCED_FACE('',(#2647),#2642,.T.);
#2642=PLANE('',#2643);
#2643=AXIS2_PLACEMENT_3D('',#2644,#2645,#2646);
#2644=CARTESIAN_POINT('',(4.255,-1.27,2.659));
#2645=DIRECTION('',(0.0,0.0,1.0));
#2646=DIRECTION('',(0.,1.,0.));
#2647=FACE_OUTER_BOUND('',#2648,.T.);
#2648=EDGE_LOOP('',(#2649,#2659,#2669,#2679));
#2654=CARTESIAN_POINT('',(4.255,-1.27,2.659));
#2653=VERTEX_POINT('',#2654);
#2650=EDGE_CURVE('',#2622,#2653,#2655,.T.);
#2655=LINE('',#2623,#2657);
#2657=VECTOR('',#2658,1.650873);
#2658=DIRECTION('',(-1.0,0.0,0.0));
#2649=ORIENTED_EDGE('',*,*,#2650,.F.);
#2659=ORIENTED_EDGE('',*,*,#2621,.T.);
#2672=CARTESIAN_POINT('',(4.255,1.27,2.659));
#2671=VERTEX_POINT('',#2672);
#2670=EDGE_CURVE('',#2671,#2612,#2675,.T.);
#2675=LINE('',#2672,#2677);
#2677=VECTOR('',#2678,1.650873);
#2678=DIRECTION('',(1.0,0.0,0.0));
#2669=ORIENTED_EDGE('',*,*,#2670,.F.);
#2680=EDGE_CURVE('',#2653,#2671,#2685,.T.);
#2685=LINE('',#2654,#2687);
#2687=VECTOR('',#2688,2.54);
#2688=DIRECTION('',(0.0,1.0,0.0));
#2679=ORIENTED_EDGE('',*,*,#2680,.F.);
#2689=STYLED_ITEM('',(#43),#2690);
#2690=ADVANCED_FACE('',(#2696),#2691,.T.);
#2691=PLANE('',#2692);
#2692=AXIS2_PLACEMENT_3D('',#2693,#2694,#2695);
#2693=CARTESIAN_POINT('',(3.81,-1.08,2.393));
#2694=DIRECTION('',(-0.513,0.0,0.858));
#2695=DIRECTION('',(0.,0.,1.));
#2696=FACE_OUTER_BOUND('',#2697,.T.);
#2697=EDGE_LOOP('',(#2698,#2708,#2718,#2728));
#2703=CARTESIAN_POINT('',(3.81,-1.08,2.393));
#2702=VERTEX_POINT('',#2703);
#2699=EDGE_CURVE('',#2653,#2702,#2704,.T.);
#2704=LINE('',#2654,#2706);
#2706=VECTOR('',#2707,0.551888231033264);
#2707=DIRECTION('',(-0.806,0.345,-0.482));
#2698=ORIENTED_EDGE('',*,*,#2699,.F.);
#2708=ORIENTED_EDGE('',*,*,#2680,.T.);
#2721=CARTESIAN_POINT('',(3.81,1.08,2.393));
#2720=VERTEX_POINT('',#2721);
#2719=EDGE_CURVE('',#2720,#2671,#2724,.T.);
#2724=LINE('',#2721,#2726);
#2726=VECTOR('',#2727,0.551888231033264);
#2727=DIRECTION('',(0.806,0.345,0.482));
#2718=ORIENTED_EDGE('',*,*,#2719,.F.);
#2729=EDGE_CURVE('',#2702,#2720,#2734,.T.);
#2734=LINE('',#2703,#2736);
#2736=VECTOR('',#2737,2.159127);
#2737=DIRECTION('',(0.0,1.0,0.0));
#2728=ORIENTED_EDGE('',*,*,#2729,.F.);
#2738=STYLED_ITEM('',(#43),#2739);
#2739=ADVANCED_FACE('',(#2745),#2740,.T.);
#2740=PLANE('',#2741);
#2741=AXIS2_PLACEMENT_3D('',#2742,#2743,#2744);
#2742=CARTESIAN_POINT('',(6.35,1.08,0.665));
#2743=DIRECTION('',(0.394,0.919,0.0));
#2744=DIRECTION('',(0.,0.,1.));
#2745=FACE_OUTER_BOUND('',#2746,.T.);
#2746=EDGE_LOOP('',(#2747,#2757,#2767,#2777));
#2750=CARTESIAN_POINT('',(5.905,1.27,0.0));
#2749=VERTEX_POINT('',#2750);
#2748=EDGE_CURVE('',#2749,#2259,#2753,.T.);
#2753=LINE('',#2750,#2755);
#2755=VECTOR('',#2756,0.821972840407628);
#2756=DIRECTION('',(0.541,-0.232,0.809));
#2747=ORIENTED_EDGE('',*,*,#2748,.F.);
#2758=EDGE_CURVE('',#2612,#2749,#2763,.T.);
#2763=LINE('',#2613,#2765);
#2765=VECTOR('',#2766,2.6585306748);
#2766=DIRECTION('',(0.0,0.0,-1.0));
#2757=ORIENTED_EDGE('',*,*,#2758,.F.);
#2767=ORIENTED_EDGE('',*,*,#2611,.T.);
#2777=ORIENTED_EDGE('',*,*,#2268,.T.);
#2787=STYLED_ITEM('',(#43),#2788);
#2788=ADVANCED_FACE('',(#2794),#2789,.T.);
#2789=PLANE('',#2790);
#2790=AXIS2_PLACEMENT_3D('',#2791,#2792,#2793);
#2791=CARTESIAN_POINT('',(5.905,1.27,0.0));
#2792=DIRECTION('',(0.0,1.0,0.0));
#2793=DIRECTION('',(0.,0.,1.));
#2794=FACE_OUTER_BOUND('',#2795,.T.);
#2795=EDGE_LOOP('',(#2796,#2806,#2816,#2826));
#2799=CARTESIAN_POINT('',(4.255,1.27,0.0));
#2798=VERTEX_POINT('',#2799);
#2797=EDGE_CURVE('',#2798,#2749,#2802,.T.);
#2802=LINE('',#2799,#2804);
#2804=VECTOR('',#2805,1.650873);
#2805=DIRECTION('',(1.0,0.0,0.0));
#2796=ORIENTED_EDGE('',*,*,#2797,.F.);
#2807=EDGE_CURVE('',#2671,#2798,#2812,.T.);
#2812=LINE('',#2672,#2814);
#2814=VECTOR('',#2815,2.6585306748);
#2815=DIRECTION('',(0.0,0.0,-1.0));
#2806=ORIENTED_EDGE('',*,*,#2807,.F.);
#2816=ORIENTED_EDGE('',*,*,#2670,.T.);
#2826=ORIENTED_EDGE('',*,*,#2758,.T.);
#2836=STYLED_ITEM('',(#43),#2837);
#2837=ADVANCED_FACE('',(#2843),#2838,.T.);
#2838=PLANE('',#2839);
#2839=AXIS2_PLACEMENT_3D('',#2840,#2841,#2842);
#2840=CARTESIAN_POINT('',(4.255,1.27,0.0));
#2841=DIRECTION('',(-0.394,0.919,0.0));
#2842=DIRECTION('',(0.,0.,1.));
#2843=FACE_OUTER_BOUND('',#2844,.T.);
#2844=EDGE_LOOP('',(#2845,#2855,#2865,#2875));
#2848=CARTESIAN_POINT('',(3.81,1.08,0.665));
#2847=VERTEX_POINT('',#2848);
#2846=EDGE_CURVE('',#2847,#2798,#2851,.T.);
#2851=LINE('',#2848,#2853);
#2853=VECTOR('',#2854,0.821972840407628);
#2854=DIRECTION('',(0.541,0.232,-0.809));
#2845=ORIENTED_EDGE('',*,*,#2846,.F.);
#2856=EDGE_CURVE('',#2720,#2847,#2861,.T.);
#2861=LINE('',#2721,#2863);
#2863=VECTOR('',#2864,1.72804493862);
#2864=DIRECTION('',(0.0,0.0,-1.0));
#2855=ORIENTED_EDGE('',*,*,#2856,.F.);
#2865=ORIENTED_EDGE('',*,*,#2719,.T.);
#2875=ORIENTED_EDGE('',*,*,#2807,.T.);
#2885=STYLED_ITEM('',(#43),#2886);
#2886=ADVANCED_FACE('',(#2892),#2887,.T.);
#2887=PLANE('',#2888);
#2888=AXIS2_PLACEMENT_3D('',#2889,#2890,#2891);
#2889=CARTESIAN_POINT('',(3.81,-1.08,0.665));
#2890=DIRECTION('',(-0.394,-0.919,0.0));
#2891=DIRECTION('',(0.,0.,1.));
#2892=FACE_OUTER_BOUND('',#2893,.T.);
#2893=EDGE_LOOP('',(#2894,#2904,#2914,#2924));
#2897=CARTESIAN_POINT('',(4.255,-1.27,0.0));
#2896=VERTEX_POINT('',#2897);
#2899=CARTESIAN_POINT('',(3.81,-1.08,0.665));
#2898=VERTEX_POINT('',#2899);
#2895=EDGE_CURVE('',#2896,#2898,#2900,.T.);
#2900=LINE('',#2897,#2902);
#2902=VECTOR('',#2903,0.821972840407628);
#2903=DIRECTION('',(-0.541,0.232,0.809));
#2894=ORIENTED_EDGE('',*,*,#2895,.F.);
#2905=EDGE_CURVE('',#2653,#2896,#2910,.T.);
#2910=LINE('',#2654,#2912);
#2912=VECTOR('',#2913,2.6585306748);
#2913=DIRECTION('',(0.0,0.0,-1.0));
#2904=ORIENTED_EDGE('',*,*,#2905,.F.);
#2914=ORIENTED_EDGE('',*,*,#2699,.T.);
#2925=EDGE_CURVE('',#2898,#2702,#2930,.T.);
#2930=LINE('',#2899,#2932);
#2932=VECTOR('',#2933,1.72804493862);
#2933=DIRECTION('',(0.0,0.0,1.0));
#2924=ORIENTED_EDGE('',*,*,#2925,.F.);
#2934=STYLED_ITEM('',(#43),#2935);
#2935=ADVANCED_FACE('',(#2941),#2936,.T.);
#2936=PLANE('',#2937);
#2937=AXIS2_PLACEMENT_3D('',#2938,#2939,#2940);
#2938=CARTESIAN_POINT('',(4.255,-1.27,0.0));
#2939=DIRECTION('',(0.0,-1.0,0.0));
#2940=DIRECTION('',(0.,0.,1.));
#2941=FACE_OUTER_BOUND('',#2942,.T.);
#2942=EDGE_LOOP('',(#2943,#2953,#2963,#2973));
#2946=CARTESIAN_POINT('',(5.905,-1.27,0.0));
#2945=VERTEX_POINT('',#2946);
#2944=EDGE_CURVE('',#2945,#2896,#2949,.T.);
#2949=LINE('',#2946,#2951);
#2951=VECTOR('',#2952,1.650873);
#2952=DIRECTION('',(-1.0,0.0,0.0));
#2943=ORIENTED_EDGE('',*,*,#2944,.F.);
#2954=EDGE_CURVE('',#2622,#2945,#2959,.T.);
#2959=LINE('',#2623,#2961);
#2961=VECTOR('',#2962,2.6585306748);
#2962=DIRECTION('',(0.0,0.0,-1.0));
#2953=ORIENTED_EDGE('',*,*,#2954,.F.);
#2963=ORIENTED_EDGE('',*,*,#2650,.T.);
#2973=ORIENTED_EDGE('',*,*,#2905,.T.);
#2983=STYLED_ITEM('',(#43),#2984);
#2984=ADVANCED_FACE('',(#2990),#2985,.T.);
#2985=PLANE('',#2986);
#2986=AXIS2_PLACEMENT_3D('',#2987,#2988,#2989);
#2987=CARTESIAN_POINT('',(5.905,-1.27,0.0));
#2988=DIRECTION('',(0.394,-0.919,0.0));
#2989=DIRECTION('',(0.,0.,1.));
#2990=FACE_OUTER_BOUND('',#2991,.T.);
#2991=EDGE_LOOP('',(#2992,#3002,#3012,#3022));
#2993=EDGE_CURVE('',#2310,#2945,#2998,.T.);
#2998=LINE('',#2311,#3000);
#3000=VECTOR('',#3001,0.821972840407628);
#3001=DIRECTION('',(-0.541,-0.232,-0.809));
#2992=ORIENTED_EDGE('',*,*,#2993,.F.);
#3002=ORIENTED_EDGE('',*,*,#2337,.T.);
#3012=ORIENTED_EDGE('',*,*,#2631,.T.);
#3022=ORIENTED_EDGE('',*,*,#2954,.T.);
#3032=STYLED_ITEM('',(#43),#3033);
#3033=ADVANCED_FACE('',(#3039),#3034,.T.);
#3034=PLANE('',#3035);
#3035=AXIS2_PLACEMENT_3D('',#3036,#3037,#3038);
#3036=CARTESIAN_POINT('',(5.905,-1.27,0.0));
#3037=DIRECTION('',(0.831,0.0,-0.556));
#3038=DIRECTION('',(0.,0.,1.));
#3039=FACE_OUTER_BOUND('',#3040,.T.);
#3040=EDGE_LOOP('',(#3041,#3051,#3061,#3071));
#3042=EDGE_CURVE('',#2749,#2945,#3047,.T.);
#3047=LINE('',#2750,#3049);
#3049=VECTOR('',#3050,2.54);
#3050=DIRECTION('',(0.0,-1.0,0.0));
#3041=ORIENTED_EDGE('',*,*,#3042,.F.);
#3051=ORIENTED_EDGE('',*,*,#2748,.T.);
#3061=ORIENTED_EDGE('',*,*,#2572,.T.);
#3071=ORIENTED_EDGE('',*,*,#2993,.T.);
#3081=STYLED_ITEM('',(#43),#3082);
#3082=ADVANCED_FACE('',(#3088),#3083,.T.);
#3083=PLANE('',#3084);
#3084=AXIS2_PLACEMENT_3D('',#3085,#3086,#3087);
#3085=CARTESIAN_POINT('',(4.255,1.27,0.0));
#3086=DIRECTION('',(0.0,0.0,-1.0));
#3087=DIRECTION('',(0.,1.,0.));
#3088=FACE_OUTER_BOUND('',#3089,.T.);
#3089=EDGE_LOOP('',(#3090,#3100,#3110,#3120));
#3090=ORIENTED_EDGE('',*,*,#2797,.T.);
#3100=ORIENTED_EDGE('',*,*,#3042,.T.);
#3110=ORIENTED_EDGE('',*,*,#2944,.T.);
#3121=EDGE_CURVE('',#2798,#2896,#3126,.T.);
#3126=LINE('',#2799,#3128);
#3128=VECTOR('',#3129,2.54);
#3129=DIRECTION('',(0.0,-1.0,0.0));
#3120=ORIENTED_EDGE('',*,*,#3121,.F.);
#3130=STYLED_ITEM('',(#43),#3131);
#3131=ADVANCED_FACE('',(#3137),#3132,.T.);
#3132=PLANE('',#3133);
#3133=AXIS2_PLACEMENT_3D('',#3134,#3135,#3136);
#3134=CARTESIAN_POINT('',(4.255,1.27,0.0));
#3135=DIRECTION('',(-0.831,0.0,-0.556));
#3136=DIRECTION('',(0.,0.,1.));
#3137=FACE_OUTER_BOUND('',#3138,.T.);
#3138=EDGE_LOOP('',(#3139,#3149,#3159,#3169));
#3139=ORIENTED_EDGE('',*,*,#3121,.T.);
#3149=ORIENTED_EDGE('',*,*,#2895,.T.);
#3160=EDGE_CURVE('',#2847,#2898,#3165,.T.);
#3165=LINE('',#2848,#3167);
#3167=VECTOR('',#3168,2.159127);
#3168=DIRECTION('',(0.0,-1.0,0.0));
#3159=ORIENTED_EDGE('',*,*,#3160,.F.);
#3169=ORIENTED_EDGE('',*,*,#2846,.T.);
#3179=STYLED_ITEM('',(#43),#3180);
#3180=ADVANCED_FACE('',(#3186),#3181,.T.);
#3181=PLANE('',#3182);
#3182=AXIS2_PLACEMENT_3D('',#3183,#3184,#3185);
#3183=CARTESIAN_POINT('',(3.81,-1.08,2.393));
#3184=DIRECTION('',(0.513,0.0,0.858));
#3185=DIRECTION('',(0.,0.,1.));
#3186=FACE_OUTER_BOUND('',#3187,.T.);
#3187=EDGE_LOOP('',(#3188,#3198,#3208,#3218));
#3188=ORIENTED_EDGE('',*,*,#2729,.T.);
#3201=CARTESIAN_POINT('',(3.365,1.27,2.659));
#3200=VERTEX_POINT('',#3201);
#3199=EDGE_CURVE('',#3200,#2720,#3204,.T.);
#3204=LINE('',#3201,#3206);
#3206=VECTOR('',#3207,0.551888231033264);
#3207=DIRECTION('',(0.806,-0.345,-0.482));
#3198=ORIENTED_EDGE('',*,*,#3199,.F.);
#3211=CARTESIAN_POINT('',(3.365,-1.27,2.659));
#3210=VERTEX_POINT('',#3211);
#3209=EDGE_CURVE('',#3210,#3200,#3214,.T.);
#3214=LINE('',#3211,#3216);
#3216=VECTOR('',#3217,2.54);
#3217=DIRECTION('',(0.0,1.0,0.0));
#3208=ORIENTED_EDGE('',*,*,#3209,.F.);
#3219=EDGE_CURVE('',#2702,#3210,#3224,.T.);
#3224=LINE('',#2703,#3226);
#3226=VECTOR('',#3227,0.551888231033264);
#3227=DIRECTION('',(-0.806,-0.345,0.482));
#3218=ORIENTED_EDGE('',*,*,#3219,.F.);
#3228=STYLED_ITEM('',(#43),#3229);
#3229=ADVANCED_FACE('',(#3235),#3230,.T.);
#3230=PLANE('',#3231);
#3231=AXIS2_PLACEMENT_3D('',#3232,#3233,#3234);
#3232=CARTESIAN_POINT('',(1.715,-1.27,2.659));
#3233=DIRECTION('',(0.0,0.0,1.0));
#3234=DIRECTION('',(0.,1.,0.));
#3235=FACE_OUTER_BOUND('',#3236,.T.);
#3236=EDGE_LOOP('',(#3237,#3247,#3257,#3267));
#3242=CARTESIAN_POINT('',(1.715,-1.27,2.659));
#3241=VERTEX_POINT('',#3242);
#3238=EDGE_CURVE('',#3210,#3241,#3243,.T.);
#3243=LINE('',#3211,#3245);
#3245=VECTOR('',#3246,1.650873);
#3246=DIRECTION('',(-1.0,0.0,0.0));
#3237=ORIENTED_EDGE('',*,*,#3238,.F.);
#3247=ORIENTED_EDGE('',*,*,#3209,.T.);
#3260=CARTESIAN_POINT('',(1.715,1.27,2.659));
#3259=VERTEX_POINT('',#3260);
#3258=EDGE_CURVE('',#3259,#3200,#3263,.T.);
#3263=LINE('',#3260,#3265);
#3265=VECTOR('',#3266,1.650873);
#3266=DIRECTION('',(1.0,0.0,0.0));
#3257=ORIENTED_EDGE('',*,*,#3258,.F.);
#3268=EDGE_CURVE('',#3241,#3259,#3273,.T.);
#3273=LINE('',#3242,#3275);
#3275=VECTOR('',#3276,2.54);
#3276=DIRECTION('',(0.0,1.0,0.0));
#3267=ORIENTED_EDGE('',*,*,#3268,.F.);
#3277=STYLED_ITEM('',(#43),#3278);
#3278=ADVANCED_FACE('',(#3284),#3279,.T.);
#3279=PLANE('',#3280);
#3280=AXIS2_PLACEMENT_3D('',#3281,#3282,#3283);
#3281=CARTESIAN_POINT('',(1.27,-1.08,2.393));
#3282=DIRECTION('',(-0.513,0.0,0.858));
#3283=DIRECTION('',(0.,0.,1.));
#3284=FACE_OUTER_BOUND('',#3285,.T.);
#3285=EDGE_LOOP('',(#3286,#3296,#3306,#3316));
#3291=CARTESIAN_POINT('',(1.27,-1.08,2.393));
#3290=VERTEX_POINT('',#3291);
#3287=EDGE_CURVE('',#3241,#3290,#3292,.T.);
#3292=LINE('',#3242,#3294);
#3294=VECTOR('',#3295,0.551888231033264);
#3295=DIRECTION('',(-0.806,0.345,-0.482));
#3286=ORIENTED_EDGE('',*,*,#3287,.F.);
#3296=ORIENTED_EDGE('',*,*,#3268,.T.);
#3309=CARTESIAN_POINT('',(1.27,1.08,2.393));
#3308=VERTEX_POINT('',#3309);
#3307=EDGE_CURVE('',#3308,#3259,#3312,.T.);
#3312=LINE('',#3309,#3314);
#3314=VECTOR('',#3315,0.551888231033264);
#3315=DIRECTION('',(0.806,0.345,0.482));
#3306=ORIENTED_EDGE('',*,*,#3307,.F.);
#3317=EDGE_CURVE('',#3290,#3308,#3322,.T.);
#3322=LINE('',#3291,#3324);
#3324=VECTOR('',#3325,2.159127);
#3325=DIRECTION('',(0.0,1.0,0.0));
#3316=ORIENTED_EDGE('',*,*,#3317,.F.);
#3326=STYLED_ITEM('',(#43),#3327);
#3327=ADVANCED_FACE('',(#3333),#3328,.T.);
#3328=PLANE('',#3329);
#3329=AXIS2_PLACEMENT_3D('',#3330,#3331,#3332);
#3330=CARTESIAN_POINT('',(3.81,1.08,0.665));
#3331=DIRECTION('',(0.394,0.919,0.0));
#3332=DIRECTION('',(0.,0.,1.));
#3333=FACE_OUTER_BOUND('',#3334,.T.);
#3334=EDGE_LOOP('',(#3335,#3345,#3355,#3365));
#3338=CARTESIAN_POINT('',(3.365,1.27,0.0));
#3337=VERTEX_POINT('',#3338);
#3336=EDGE_CURVE('',#3337,#2847,#3341,.T.);
#3341=LINE('',#3338,#3343);
#3343=VECTOR('',#3344,0.821972840407628);
#3344=DIRECTION('',(0.541,-0.232,0.809));
#3335=ORIENTED_EDGE('',*,*,#3336,.F.);
#3346=EDGE_CURVE('',#3200,#3337,#3351,.T.);
#3351=LINE('',#3201,#3353);
#3353=VECTOR('',#3354,2.6585306748);
#3354=DIRECTION('',(0.0,0.0,-1.0));
#3345=ORIENTED_EDGE('',*,*,#3346,.F.);
#3355=ORIENTED_EDGE('',*,*,#3199,.T.);
#3365=ORIENTED_EDGE('',*,*,#2856,.T.);
#3375=STYLED_ITEM('',(#43),#3376);
#3376=ADVANCED_FACE('',(#3382),#3377,.T.);
#3377=PLANE('',#3378);
#3378=AXIS2_PLACEMENT_3D('',#3379,#3380,#3381);
#3379=CARTESIAN_POINT('',(3.365,1.27,0.0));
#3380=DIRECTION('',(0.0,1.0,0.0));
#3381=DIRECTION('',(0.,0.,1.));
#3382=FACE_OUTER_BOUND('',#3383,.T.);
#3383=EDGE_LOOP('',(#3384,#3394,#3404,#3414));
#3387=CARTESIAN_POINT('',(1.715,1.27,0.0));
#3386=VERTEX_POINT('',#3387);
#3385=EDGE_CURVE('',#3386,#3337,#3390,.T.);
#3390=LINE('',#3387,#3392);
#3392=VECTOR('',#3393,1.650873);
#3393=DIRECTION('',(1.0,0.0,0.0));
#3384=ORIENTED_EDGE('',*,*,#3385,.F.);
#3395=EDGE_CURVE('',#3259,#3386,#3400,.T.);
#3400=LINE('',#3260,#3402);
#3402=VECTOR('',#3403,2.6585306748);
#3403=DIRECTION('',(0.0,0.0,-1.0));
#3394=ORIENTED_EDGE('',*,*,#3395,.F.);
#3404=ORIENTED_EDGE('',*,*,#3258,.T.);
#3414=ORIENTED_EDGE('',*,*,#3346,.T.);
#3424=STYLED_ITEM('',(#43),#3425);
#3425=ADVANCED_FACE('',(#3431),#3426,.T.);
#3426=PLANE('',#3427);
#3427=AXIS2_PLACEMENT_3D('',#3428,#3429,#3430);
#3428=CARTESIAN_POINT('',(1.715,1.27,0.0));
#3429=DIRECTION('',(-0.394,0.919,0.0));
#3430=DIRECTION('',(0.,0.,1.));
#3431=FACE_OUTER_BOUND('',#3432,.T.);
#3432=EDGE_LOOP('',(#3433,#3443,#3453,#3463));
#3436=CARTESIAN_POINT('',(1.27,1.08,0.665));
#3435=VERTEX_POINT('',#3436);
#3434=EDGE_CURVE('',#3435,#3386,#3439,.T.);
#3439=LINE('',#3436,#3441);
#3441=VECTOR('',#3442,0.821972840407628);
#3442=DIRECTION('',(0.541,0.232,-0.809));
#3433=ORIENTED_EDGE('',*,*,#3434,.F.);
#3444=EDGE_CURVE('',#3308,#3435,#3449,.T.);
#3449=LINE('',#3309,#3451);
#3451=VECTOR('',#3452,1.72804493862);
#3452=DIRECTION('',(0.0,0.0,-1.0));
#3443=ORIENTED_EDGE('',*,*,#3444,.F.);
#3453=ORIENTED_EDGE('',*,*,#3307,.T.);
#3463=ORIENTED_EDGE('',*,*,#3395,.T.);
#3473=STYLED_ITEM('',(#43),#3474);
#3474=ADVANCED_FACE('',(#3480),#3475,.T.);
#3475=PLANE('',#3476);
#3476=AXIS2_PLACEMENT_3D('',#3477,#3478,#3479);
#3477=CARTESIAN_POINT('',(1.27,-1.08,0.665));
#3478=DIRECTION('',(-0.394,-0.919,0.0));
#3479=DIRECTION('',(0.,0.,1.));
#3480=FACE_OUTER_BOUND('',#3481,.T.);
#3481=EDGE_LOOP('',(#3482,#3492,#3502,#3512));
#3485=CARTESIAN_POINT('',(1.715,-1.27,0.0));
#3484=VERTEX_POINT('',#3485);
#3487=CARTESIAN_POINT('',(1.27,-1.08,0.665));
#3486=VERTEX_POINT('',#3487);
#3483=EDGE_CURVE('',#3484,#3486,#3488,.T.);
#3488=LINE('',#3485,#3490);
#3490=VECTOR('',#3491,0.821972840407628);
#3491=DIRECTION('',(-0.541,0.232,0.809));
#3482=ORIENTED_EDGE('',*,*,#3483,.F.);
#3493=EDGE_CURVE('',#3241,#3484,#3498,.T.);
#3498=LINE('',#3242,#3500);
#3500=VECTOR('',#3501,2.6585306748);
#3501=DIRECTION('',(0.0,0.0,-1.0));
#3492=ORIENTED_EDGE('',*,*,#3493,.F.);
#3502=ORIENTED_EDGE('',*,*,#3287,.T.);
#3513=EDGE_CURVE('',#3486,#3290,#3518,.T.);
#3518=LINE('',#3487,#3520);
#3520=VECTOR('',#3521,1.72804493862);
#3521=DIRECTION('',(0.0,0.0,1.0));
#3512=ORIENTED_EDGE('',*,*,#3513,.F.);
#3522=STYLED_ITEM('',(#43),#3523);
#3523=ADVANCED_FACE('',(#3529),#3524,.T.);
#3524=PLANE('',#3525);
#3525=AXIS2_PLACEMENT_3D('',#3526,#3527,#3528);
#3526=CARTESIAN_POINT('',(1.715,-1.27,0.0));
#3527=DIRECTION('',(0.0,-1.0,0.0));
#3528=DIRECTION('',(0.,0.,1.));
#3529=FACE_OUTER_BOUND('',#3530,.T.);
#3530=EDGE_LOOP('',(#3531,#3541,#3551,#3561));
#3534=CARTESIAN_POINT('',(3.365,-1.27,0.0));
#3533=VERTEX_POINT('',#3534);
#3532=EDGE_CURVE('',#3533,#3484,#3537,.T.);
#3537=LINE('',#3534,#3539);
#3539=VECTOR('',#3540,1.650873);
#3540=DIRECTION('',(-1.0,0.0,0.0));
#3531=ORIENTED_EDGE('',*,*,#3532,.F.);
#3542=EDGE_CURVE('',#3210,#3533,#3547,.T.);
#3547=LINE('',#3211,#3549);
#3549=VECTOR('',#3550,2.6585306748);
#3550=DIRECTION('',(0.0,0.0,-1.0));
#3541=ORIENTED_EDGE('',*,*,#3542,.F.);
#3551=ORIENTED_EDGE('',*,*,#3238,.T.);
#3561=ORIENTED_EDGE('',*,*,#3493,.T.);
#3571=STYLED_ITEM('',(#43),#3572);
#3572=ADVANCED_FACE('',(#3578),#3573,.T.);
#3573=PLANE('',#3574);
#3574=AXIS2_PLACEMENT_3D('',#3575,#3576,#3577);
#3575=CARTESIAN_POINT('',(3.365,-1.27,0.0));
#3576=DIRECTION('',(0.394,-0.919,0.0));
#3577=DIRECTION('',(0.,0.,1.));
#3578=FACE_OUTER_BOUND('',#3579,.T.);
#3579=EDGE_LOOP('',(#3580,#3590,#3600,#3610));
#3581=EDGE_CURVE('',#2898,#3533,#3586,.T.);
#3586=LINE('',#2899,#3588);
#3588=VECTOR('',#3589,0.821972840407628);
#3589=DIRECTION('',(-0.541,-0.232,-0.809));
#3580=ORIENTED_EDGE('',*,*,#3581,.F.);
#3590=ORIENTED_EDGE('',*,*,#2925,.T.);
#3600=ORIENTED_EDGE('',*,*,#3219,.T.);
#3610=ORIENTED_EDGE('',*,*,#3542,.T.);
#3620=STYLED_ITEM('',(#43),#3621);
#3621=ADVANCED_FACE('',(#3627),#3622,.T.);
#3622=PLANE('',#3623);
#3623=AXIS2_PLACEMENT_3D('',#3624,#3625,#3626);
#3624=CARTESIAN_POINT('',(3.365,-1.27,0.0));
#3625=DIRECTION('',(0.831,0.0,-0.556));
#3626=DIRECTION('',(0.,0.,1.));
#3627=FACE_OUTER_BOUND('',#3628,.T.);
#3628=EDGE_LOOP('',(#3629,#3639,#3649,#3659));
#3630=EDGE_CURVE('',#3337,#3533,#3635,.T.);
#3635=LINE('',#3338,#3637);
#3637=VECTOR('',#3638,2.54);
#3638=DIRECTION('',(0.0,-1.0,0.0));
#3629=ORIENTED_EDGE('',*,*,#3630,.F.);
#3639=ORIENTED_EDGE('',*,*,#3336,.T.);
#3649=ORIENTED_EDGE('',*,*,#3160,.T.);
#3659=ORIENTED_EDGE('',*,*,#3581,.T.);
#3669=STYLED_ITEM('',(#43),#3670);
#3670=ADVANCED_FACE('',(#3676),#3671,.T.);
#3671=PLANE('',#3672);
#3672=AXIS2_PLACEMENT_3D('',#3673,#3674,#3675);
#3673=CARTESIAN_POINT('',(1.715,1.27,0.0));
#3674=DIRECTION('',(0.0,0.0,-1.0));
#3675=DIRECTION('',(0.,1.,0.));
#3676=FACE_OUTER_BOUND('',#3677,.T.);
#3677=EDGE_LOOP('',(#3678,#3688,#3698,#3708));
#3678=ORIENTED_EDGE('',*,*,#3385,.T.);
#3688=ORIENTED_EDGE('',*,*,#3630,.T.);
#3698=ORIENTED_EDGE('',*,*,#3532,.T.);
#3709=EDGE_CURVE('',#3386,#3484,#3714,.T.);
#3714=LINE('',#3387,#3716);
#3716=VECTOR('',#3717,2.54);
#3717=DIRECTION('',(0.0,-1.0,0.0));
#3708=ORIENTED_EDGE('',*,*,#3709,.F.);
#3718=STYLED_ITEM('',(#43),#3719);
#3719=ADVANCED_FACE('',(#3725),#3720,.T.);
#3720=PLANE('',#3721);
#3721=AXIS2_PLACEMENT_3D('',#3722,#3723,#3724);
#3722=CARTESIAN_POINT('',(1.715,1.27,0.0));
#3723=DIRECTION('',(-0.831,0.0,-0.556));
#3724=DIRECTION('',(0.,0.,1.));
#3725=FACE_OUTER_BOUND('',#3726,.T.);
#3726=EDGE_LOOP('',(#3727,#3737,#3747,#3757));
#3727=ORIENTED_EDGE('',*,*,#3709,.T.);
#3737=ORIENTED_EDGE('',*,*,#3483,.T.);
#3748=EDGE_CURVE('',#3435,#3486,#3753,.T.);
#3753=LINE('',#3436,#3755);
#3755=VECTOR('',#3756,2.159127);
#3756=DIRECTION('',(0.0,-1.0,0.0));
#3747=ORIENTED_EDGE('',*,*,#3748,.F.);
#3757=ORIENTED_EDGE('',*,*,#3434,.T.);
#3767=STYLED_ITEM('',(#43),#3768);
#3768=ADVANCED_FACE('',(#3774),#3769,.T.);
#3769=PLANE('',#3770);
#3770=AXIS2_PLACEMENT_3D('',#3771,#3772,#3773);
#3771=CARTESIAN_POINT('',(1.27,-1.08,2.393));
#3772=DIRECTION('',(0.513,0.0,0.858));
#3773=DIRECTION('',(0.,0.,1.));
#3774=FACE_OUTER_BOUND('',#3775,.T.);
#3775=EDGE_LOOP('',(#3776,#3786,#3796,#3806));
#3776=ORIENTED_EDGE('',*,*,#3317,.T.);
#3789=CARTESIAN_POINT('',(0.825,1.27,2.659));
#3788=VERTEX_POINT('',#3789);
#3787=EDGE_CURVE('',#3788,#3308,#3792,.T.);
#3792=LINE('',#3789,#3794);
#3794=VECTOR('',#3795,0.551888231033264);
#3795=DIRECTION('',(0.806,-0.345,-0.482));
#3786=ORIENTED_EDGE('',*,*,#3787,.F.);
#3799=CARTESIAN_POINT('',(0.825,-1.27,2.659));
#3798=VERTEX_POINT('',#3799);
#3797=EDGE_CURVE('',#3798,#3788,#3802,.T.);
#3802=LINE('',#3799,#3804);
#3804=VECTOR('',#3805,2.54);
#3805=DIRECTION('',(0.0,1.0,0.0));
#3796=ORIENTED_EDGE('',*,*,#3797,.F.);
#3807=EDGE_CURVE('',#3290,#3798,#3812,.T.);
#3812=LINE('',#3291,#3814);
#3814=VECTOR('',#3815,0.551888231033264);
#3815=DIRECTION('',(-0.806,-0.345,0.482));
#3806=ORIENTED_EDGE('',*,*,#3807,.F.);
#3816=STYLED_ITEM('',(#43),#3817);
#3817=ADVANCED_FACE('',(#3823),#3818,.T.);
#3818=PLANE('',#3819);
#3819=AXIS2_PLACEMENT_3D('',#3820,#3821,#3822);
#3820=CARTESIAN_POINT('',(-0.825,-1.27,2.659));
#3821=DIRECTION('',(0.0,0.0,1.0));
#3822=DIRECTION('',(0.,1.,0.));
#3823=FACE_OUTER_BOUND('',#3824,.T.);
#3824=EDGE_LOOP('',(#3825,#3835,#3845,#3855));
#3830=CARTESIAN_POINT('',(-0.825,-1.27,2.659));
#3829=VERTEX_POINT('',#3830);
#3826=EDGE_CURVE('',#3798,#3829,#3831,.T.);
#3831=LINE('',#3799,#3833);
#3833=VECTOR('',#3834,1.650873);
#3834=DIRECTION('',(-1.0,0.0,0.0));
#3825=ORIENTED_EDGE('',*,*,#3826,.F.);
#3835=ORIENTED_EDGE('',*,*,#3797,.T.);
#3848=CARTESIAN_POINT('',(-0.825,1.27,2.659));
#3847=VERTEX_POINT('',#3848);
#3846=EDGE_CURVE('',#3847,#3788,#3851,.T.);
#3851=LINE('',#3848,#3853);
#3853=VECTOR('',#3854,1.650873);
#3854=DIRECTION('',(1.0,0.0,0.0));
#3845=ORIENTED_EDGE('',*,*,#3846,.F.);
#3856=EDGE_CURVE('',#3829,#3847,#3861,.T.);
#3861=LINE('',#3830,#3863);
#3863=VECTOR('',#3864,2.54);
#3864=DIRECTION('',(0.0,1.0,0.0));
#3855=ORIENTED_EDGE('',*,*,#3856,.F.);
#3865=STYLED_ITEM('',(#43),#3866);
#3866=ADVANCED_FACE('',(#3872),#3867,.T.);
#3867=PLANE('',#3868);
#3868=AXIS2_PLACEMENT_3D('',#3869,#3870,#3871);
#3869=CARTESIAN_POINT('',(-1.27,-1.08,2.393));
#3870=DIRECTION('',(-0.513,0.0,0.858));
#3871=DIRECTION('',(0.,0.,1.));
#3872=FACE_OUTER_BOUND('',#3873,.T.);
#3873=EDGE_LOOP('',(#3874,#3884,#3894,#3904));
#3879=CARTESIAN_POINT('',(-1.27,-1.08,2.393));
#3878=VERTEX_POINT('',#3879);
#3875=EDGE_CURVE('',#3829,#3878,#3880,.T.);
#3880=LINE('',#3830,#3882);
#3882=VECTOR('',#3883,0.551888231033264);
#3883=DIRECTION('',(-0.806,0.345,-0.482));
#3874=ORIENTED_EDGE('',*,*,#3875,.F.);
#3884=ORIENTED_EDGE('',*,*,#3856,.T.);
#3897=CARTESIAN_POINT('',(-1.27,1.08,2.393));
#3896=VERTEX_POINT('',#3897);
#3895=EDGE_CURVE('',#3896,#3847,#3900,.T.);
#3900=LINE('',#3897,#3902);
#3902=VECTOR('',#3903,0.551888231033264);
#3903=DIRECTION('',(0.806,0.345,0.482));
#3894=ORIENTED_EDGE('',*,*,#3895,.F.);
#3905=EDGE_CURVE('',#3878,#3896,#3910,.T.);
#3910=LINE('',#3879,#3912);
#3912=VECTOR('',#3913,2.159127);
#3913=DIRECTION('',(0.0,1.0,0.0));
#3904=ORIENTED_EDGE('',*,*,#3905,.F.);
#3914=STYLED_ITEM('',(#43),#3915);
#3915=ADVANCED_FACE('',(#3921),#3916,.T.);
#3916=PLANE('',#3917);
#3917=AXIS2_PLACEMENT_3D('',#3918,#3919,#3920);
#3918=CARTESIAN_POINT('',(1.27,1.08,0.665));
#3919=DIRECTION('',(0.394,0.919,0.0));
#3920=DIRECTION('',(0.,0.,1.));
#3921=FACE_OUTER_BOUND('',#3922,.T.);
#3922=EDGE_LOOP('',(#3923,#3933,#3943,#3953));
#3926=CARTESIAN_POINT('',(0.825,1.27,0.0));
#3925=VERTEX_POINT('',#3926);
#3924=EDGE_CURVE('',#3925,#3435,#3929,.T.);
#3929=LINE('',#3926,#3931);
#3931=VECTOR('',#3932,0.821972840407628);
#3932=DIRECTION('',(0.541,-0.232,0.809));
#3923=ORIENTED_EDGE('',*,*,#3924,.F.);
#3934=EDGE_CURVE('',#3788,#3925,#3939,.T.);
#3939=LINE('',#3789,#3941);
#3941=VECTOR('',#3942,2.6585306748);
#3942=DIRECTION('',(0.0,0.0,-1.0));
#3933=ORIENTED_EDGE('',*,*,#3934,.F.);
#3943=ORIENTED_EDGE('',*,*,#3787,.T.);
#3953=ORIENTED_EDGE('',*,*,#3444,.T.);
#3963=STYLED_ITEM('',(#43),#3964);
#3964=ADVANCED_FACE('',(#3970),#3965,.T.);
#3965=PLANE('',#3966);
#3966=AXIS2_PLACEMENT_3D('',#3967,#3968,#3969);
#3967=CARTESIAN_POINT('',(0.825,1.27,0.0));
#3968=DIRECTION('',(0.0,1.0,0.0));
#3969=DIRECTION('',(0.,0.,1.));
#3970=FACE_OUTER_BOUND('',#3971,.T.);
#3971=EDGE_LOOP('',(#3972,#3982,#3992,#4002));
#3975=CARTESIAN_POINT('',(-0.825,1.27,0.0));
#3974=VERTEX_POINT('',#3975);
#3973=EDGE_CURVE('',#3974,#3925,#3978,.T.);
#3978=LINE('',#3975,#3980);
#3980=VECTOR('',#3981,1.650873);
#3981=DIRECTION('',(1.0,0.0,0.0));
#3972=ORIENTED_EDGE('',*,*,#3973,.F.);
#3983=EDGE_CURVE('',#3847,#3974,#3988,.T.);
#3988=LINE('',#3848,#3990);
#3990=VECTOR('',#3991,2.6585306748);
#3991=DIRECTION('',(0.0,0.0,-1.0));
#3982=ORIENTED_EDGE('',*,*,#3983,.F.);
#3992=ORIENTED_EDGE('',*,*,#3846,.T.);
#4002=ORIENTED_EDGE('',*,*,#3934,.T.);
#4012=STYLED_ITEM('',(#43),#4013);
#4013=ADVANCED_FACE('',(#4019),#4014,.T.);
#4014=PLANE('',#4015);
#4015=AXIS2_PLACEMENT_3D('',#4016,#4017,#4018);
#4016=CARTESIAN_POINT('',(-0.825,1.27,0.0));
#4017=DIRECTION('',(-0.394,0.919,0.0));
#4018=DIRECTION('',(0.,0.,1.));
#4019=FACE_OUTER_BOUND('',#4020,.T.);
#4020=EDGE_LOOP('',(#4021,#4031,#4041,#4051));
#4024=CARTESIAN_POINT('',(-1.27,1.08,0.665));
#4023=VERTEX_POINT('',#4024);
#4022=EDGE_CURVE('',#4023,#3974,#4027,.T.);
#4027=LINE('',#4024,#4029);
#4029=VECTOR('',#4030,0.821972840407628);
#4030=DIRECTION('',(0.541,0.232,-0.809));
#4021=ORIENTED_EDGE('',*,*,#4022,.F.);
#4032=EDGE_CURVE('',#3896,#4023,#4037,.T.);
#4037=LINE('',#3897,#4039);
#4039=VECTOR('',#4040,1.72804493862);
#4040=DIRECTION('',(0.0,0.0,-1.0));
#4031=ORIENTED_EDGE('',*,*,#4032,.F.);
#4041=ORIENTED_EDGE('',*,*,#3895,.T.);
#4051=ORIENTED_EDGE('',*,*,#3983,.T.);
#4061=STYLED_ITEM('',(#43),#4062);
#4062=ADVANCED_FACE('',(#4068),#4063,.T.);
#4063=PLANE('',#4064);
#4064=AXIS2_PLACEMENT_3D('',#4065,#4066,#4067);
#4065=CARTESIAN_POINT('',(-1.27,-1.08,0.665));
#4066=DIRECTION('',(-0.394,-0.919,0.0));
#4067=DIRECTION('',(0.,0.,1.));
#4068=FACE_OUTER_BOUND('',#4069,.T.);
#4069=EDGE_LOOP('',(#4070,#4080,#4090,#4100));
#4073=CARTESIAN_POINT('',(-0.825,-1.27,0.0));
#4072=VERTEX_POINT('',#4073);
#4075=CARTESIAN_POINT('',(-1.27,-1.08,0.665));
#4074=VERTEX_POINT('',#4075);
#4071=EDGE_CURVE('',#4072,#4074,#4076,.T.);
#4076=LINE('',#4073,#4078);
#4078=VECTOR('',#4079,0.821972840407628);
#4079=DIRECTION('',(-0.541,0.232,0.809));
#4070=ORIENTED_EDGE('',*,*,#4071,.F.);
#4081=EDGE_CURVE('',#3829,#4072,#4086,.T.);
#4086=LINE('',#3830,#4088);
#4088=VECTOR('',#4089,2.6585306748);
#4089=DIRECTION('',(0.0,0.0,-1.0));
#4080=ORIENTED_EDGE('',*,*,#4081,.F.);
#4090=ORIENTED_EDGE('',*,*,#3875,.T.);
#4101=EDGE_CURVE('',#4074,#3878,#4106,.T.);
#4106=LINE('',#4075,#4108);
#4108=VECTOR('',#4109,1.72804493862);
#4109=DIRECTION('',(0.0,0.0,1.0));
#4100=ORIENTED_EDGE('',*,*,#4101,.F.);
#4110=STYLED_ITEM('',(#43),#4111);
#4111=ADVANCED_FACE('',(#4117),#4112,.T.);
#4112=PLANE('',#4113);
#4113=AXIS2_PLACEMENT_3D('',#4114,#4115,#4116);
#4114=CARTESIAN_POINT('',(-0.825,-1.27,0.0));
#4115=DIRECTION('',(0.0,-1.0,0.0));
#4116=DIRECTION('',(0.,0.,1.));
#4117=FACE_OUTER_BOUND('',#4118,.T.);
#4118=EDGE_LOOP('',(#4119,#4129,#4139,#4149));
#4122=CARTESIAN_POINT('',(0.825,-1.27,0.0));
#4121=VERTEX_POINT('',#4122);
#4120=EDGE_CURVE('',#4121,#4072,#4125,.T.);
#4125=LINE('',#4122,#4127);
#4127=VECTOR('',#4128,1.650873);
#4128=DIRECTION('',(-1.0,0.0,0.0));
#4119=ORIENTED_EDGE('',*,*,#4120,.F.);
#4130=EDGE_CURVE('',#3798,#4121,#4135,.T.);
#4135=LINE('',#3799,#4137);
#4137=VECTOR('',#4138,2.6585306748);
#4138=DIRECTION('',(0.0,0.0,-1.0));
#4129=ORIENTED_EDGE('',*,*,#4130,.F.);
#4139=ORIENTED_EDGE('',*,*,#3826,.T.);
#4149=ORIENTED_EDGE('',*,*,#4081,.T.);
#4159=STYLED_ITEM('',(#43),#4160);
#4160=ADVANCED_FACE('',(#4166),#4161,.T.);
#4161=PLANE('',#4162);
#4162=AXIS2_PLACEMENT_3D('',#4163,#4164,#4165);
#4163=CARTESIAN_POINT('',(0.825,-1.27,0.0));
#4164=DIRECTION('',(0.394,-0.919,0.0));
#4165=DIRECTION('',(0.,0.,1.));
#4166=FACE_OUTER_BOUND('',#4167,.T.);
#4167=EDGE_LOOP('',(#4168,#4178,#4188,#4198));
#4169=EDGE_CURVE('',#3486,#4121,#4174,.T.);
#4174=LINE('',#3487,#4176);
#4176=VECTOR('',#4177,0.821972840407628);
#4177=DIRECTION('',(-0.541,-0.232,-0.809));
#4168=ORIENTED_EDGE('',*,*,#4169,.F.);
#4178=ORIENTED_EDGE('',*,*,#3513,.T.);
#4188=ORIENTED_EDGE('',*,*,#3807,.T.);
#4198=ORIENTED_EDGE('',*,*,#4130,.T.);
#4208=STYLED_ITEM('',(#43),#4209);
#4209=ADVANCED_FACE('',(#4215),#4210,.T.);
#4210=PLANE('',#4211);
#4211=AXIS2_PLACEMENT_3D('',#4212,#4213,#4214);
#4212=CARTESIAN_POINT('',(0.825,-1.27,0.0));
#4213=DIRECTION('',(0.831,0.0,-0.556));
#4214=DIRECTION('',(0.,0.,1.));
#4215=FACE_OUTER_BOUND('',#4216,.T.);
#4216=EDGE_LOOP('',(#4217,#4227,#4237,#4247));
#4218=EDGE_CURVE('',#3925,#4121,#4223,.T.);
#4223=LINE('',#3926,#4225);
#4225=VECTOR('',#4226,2.54);
#4226=DIRECTION('',(0.0,-1.0,0.0));
#4217=ORIENTED_EDGE('',*,*,#4218,.F.);
#4227=ORIENTED_EDGE('',*,*,#3924,.T.);
#4237=ORIENTED_EDGE('',*,*,#3748,.T.);
#4247=ORIENTED_EDGE('',*,*,#4169,.T.);
#4257=STYLED_ITEM('',(#43),#4258);
#4258=ADVANCED_FACE('',(#4264),#4259,.T.);
#4259=PLANE('',#4260);
#4260=AXIS2_PLACEMENT_3D('',#4261,#4262,#4263);
#4261=CARTESIAN_POINT('',(-0.825,1.27,0.0));
#4262=DIRECTION('',(0.0,0.0,-1.0));
#4263=DIRECTION('',(0.,1.,0.));
#4264=FACE_OUTER_BOUND('',#4265,.T.);
#4265=EDGE_LOOP('',(#4266,#4276,#4286,#4296));
#4266=ORIENTED_EDGE('',*,*,#3973,.T.);
#4276=ORIENTED_EDGE('',*,*,#4218,.T.);
#4286=ORIENTED_EDGE('',*,*,#4120,.T.);
#4297=EDGE_CURVE('',#3974,#4072,#4302,.T.);
#4302=LINE('',#3975,#4304);
#4304=VECTOR('',#4305,2.54);
#4305=DIRECTION('',(0.0,-1.0,0.0));
#4296=ORIENTED_EDGE('',*,*,#4297,.F.);
#4306=STYLED_ITEM('',(#43),#4307);
#4307=ADVANCED_FACE('',(#4313),#4308,.T.);
#4308=PLANE('',#4309);
#4309=AXIS2_PLACEMENT_3D('',#4310,#4311,#4312);
#4310=CARTESIAN_POINT('',(-0.825,1.27,0.0));
#4311=DIRECTION('',(-0.831,0.0,-0.556));
#4312=DIRECTION('',(0.,0.,1.));
#4313=FACE_OUTER_BOUND('',#4314,.T.);
#4314=EDGE_LOOP('',(#4315,#4325,#4335,#4345));
#4315=ORIENTED_EDGE('',*,*,#4297,.T.);
#4325=ORIENTED_EDGE('',*,*,#4071,.T.);
#4336=EDGE_CURVE('',#4023,#4074,#4341,.T.);
#4341=LINE('',#4024,#4343);
#4343=VECTOR('',#4344,2.159127);
#4344=DIRECTION('',(0.0,-1.0,0.0));
#4335=ORIENTED_EDGE('',*,*,#4336,.F.);
#4345=ORIENTED_EDGE('',*,*,#4022,.T.);
#4355=STYLED_ITEM('',(#43),#4356);
#4356=ADVANCED_FACE('',(#4362),#4357,.T.);
#4357=PLANE('',#4358);
#4358=AXIS2_PLACEMENT_3D('',#4359,#4360,#4361);
#4359=CARTESIAN_POINT('',(-1.27,1.08,0.665));
#4360=DIRECTION('',(-1.0,0.0,0.0));
#4361=DIRECTION('',(0.,0.,1.));
#4362=FACE_OUTER_BOUND('',#4363,.T.);
#4363=EDGE_LOOP('',(#4364,#4374,#4384,#4394));
#4364=ORIENTED_EDGE('',*,*,#4336,.T.);
#4374=ORIENTED_EDGE('',*,*,#4101,.T.);
#4384=ORIENTED_EDGE('',*,*,#3905,.T.);
#4394=ORIENTED_EDGE('',*,*,#4032,.T.);
#4404=MANIFOLD_SOLID_BREP($,#4405);
#4405=CLOSED_SHELL('',(#4407,#4456,#4505,#4554,#4603,#4652,#4701,#4750,#4799,#4848,#4897,#4946,#4995,#5044,#5093,#5142,#5191,#5240,#5289,#5338,#5387,#5436,#5485,#5534,#5583,#5632,#5681,#5730,#5779,#5828,#5877,#5926,#5975,#6024,#6073,#6122,#6171,#6220,#6269,#6318,#6367,#6416,#6465,#6514,#6563,#6612,#6661,#6710,#6759,#6808,#6857,#6906,#6955,#7004,#7053,#7102,#7151,#7200,#7249,#7298,#7347,#7396,#7445,#7494,#7543,#7592,#7641,#7690,#7739,#7788,#7837,#7886,#7935,#7984,#8033,#8082,#8131,#8180,#8229,#8278,#8327,#8376,#8425,#8474,#8523,#8572));
#4406=STYLED_ITEM('',(#43),#4407);
#4407=ADVANCED_FACE('',(#4413),#4408,.T.);
#4408=PLANE('',#4409);
#4409=AXIS2_PLACEMENT_3D('',#4410,#4411,#4412);
#4410=CARTESIAN_POINT('',(16.51,-3.62,2.393));
#4411=DIRECTION('',(0.513,0.0,0.858));
#4412=DIRECTION('',(0.,0.,1.));
#4413=FACE_OUTER_BOUND('',#4414,.T.);
#4414=EDGE_LOOP('',(#4415,#4425,#4435,#4445));
#4418=CARTESIAN_POINT('',(16.51,-1.46,2.393));
#4417=VERTEX_POINT('',#4418);
#4420=CARTESIAN_POINT('',(16.51,-3.62,2.393));
#4419=VERTEX_POINT('',#4420);
#4416=EDGE_CURVE('',#4417,#4419,#4421,.T.);
#4421=LINE('',#4418,#4423);
#4423=VECTOR('',#4424,2.159127);
#4424=DIRECTION('',(0.0,-1.0,0.0));
#4415=ORIENTED_EDGE('',*,*,#4416,.F.);
#4428=CARTESIAN_POINT('',(16.065,-1.27,2.659));
#4427=VERTEX_POINT('',#4428);
#4426=EDGE_CURVE('',#4427,#4417,#4431,.T.);
#4431=LINE('',#4428,#4433);
#4433=VECTOR('',#4434,0.551888231033265);
#4434=DIRECTION('',(0.806,-0.345,-0.482));
#4425=ORIENTED_EDGE('',*,*,#4426,.F.);
#4438=CARTESIAN_POINT('',(16.065,-3.81,2.659));
#4437=VERTEX_POINT('',#4438);
#4436=EDGE_CURVE('',#4437,#4427,#4441,.T.);
#4441=LINE('',#4438,#4443);
#4443=VECTOR('',#4444,2.54);
#4444=DIRECTION('',(0.0,1.0,0.0));
#4435=ORIENTED_EDGE('',*,*,#4436,.F.);
#4446=EDGE_CURVE('',#4419,#4437,#4451,.T.);
#4451=LINE('',#4420,#4453);
#4453=VECTOR('',#4454,0.551888231033265);
#4454=DIRECTION('',(-0.806,-0.345,0.482));
#4445=ORIENTED_EDGE('',*,*,#4446,.F.);
#4455=STYLED_ITEM('',(#43),#4456);
#4456=ADVANCED_FACE('',(#4462),#4457,.T.);
#4457=PLANE('',#4458);
#4458=AXIS2_PLACEMENT_3D('',#4459,#4460,#4461);
#4459=CARTESIAN_POINT('',(14.415,-3.81,2.659));
#4460=DIRECTION('',(0.0,0.0,1.0));
#4461=DIRECTION('',(0.,1.,0.));
#4462=FACE_OUTER_BOUND('',#4463,.T.);
#4463=EDGE_LOOP('',(#4464,#4474,#4484,#4494));
#4469=CARTESIAN_POINT('',(14.415,-3.81,2.659));
#4468=VERTEX_POINT('',#4469);
#4465=EDGE_CURVE('',#4437,#4468,#4470,.T.);
#4470=LINE('',#4438,#4472);
#4472=VECTOR('',#4473,1.650873);
#4473=DIRECTION('',(-1.0,0.0,0.0));
#4464=ORIENTED_EDGE('',*,*,#4465,.F.);
#4474=ORIENTED_EDGE('',*,*,#4436,.T.);
#4487=CARTESIAN_POINT('',(14.415,-1.27,2.659));
#4486=VERTEX_POINT('',#4487);
#4485=EDGE_CURVE('',#4486,#4427,#4490,.T.);
#4490=LINE('',#4487,#4492);
#4492=VECTOR('',#4493,1.650873);
#4493=DIRECTION('',(1.0,0.0,0.0));
#4484=ORIENTED_EDGE('',*,*,#4485,.F.);
#4495=EDGE_CURVE('',#4468,#4486,#4500,.T.);
#4500=LINE('',#4469,#4502);
#4502=VECTOR('',#4503,2.54);
#4503=DIRECTION('',(0.0,1.0,0.0));
#4494=ORIENTED_EDGE('',*,*,#4495,.F.);
#4504=STYLED_ITEM('',(#43),#4505);
#4505=ADVANCED_FACE('',(#4511),#4506,.T.);
#4506=PLANE('',#4507);
#4507=AXIS2_PLACEMENT_3D('',#4508,#4509,#4510);
#4508=CARTESIAN_POINT('',(13.97,-3.62,2.393));
#4509=DIRECTION('',(-0.513,0.0,0.858));
#4510=DIRECTION('',(0.,0.,1.));
#4511=FACE_OUTER_BOUND('',#4512,.T.);
#4512=EDGE_LOOP('',(#4513,#4523,#4533,#4543));
#4518=CARTESIAN_POINT('',(13.97,-3.62,2.393));
#4517=VERTEX_POINT('',#4518);
#4514=EDGE_CURVE('',#4468,#4517,#4519,.T.);
#4519=LINE('',#4469,#4521);
#4521=VECTOR('',#4522,0.551888231033265);
#4522=DIRECTION('',(-0.806,0.345,-0.482));
#4513=ORIENTED_EDGE('',*,*,#4514,.F.);
#4523=ORIENTED_EDGE('',*,*,#4495,.T.);
#4536=CARTESIAN_POINT('',(13.97,-1.46,2.393));
#4535=VERTEX_POINT('',#4536);
#4534=EDGE_CURVE('',#4535,#4486,#4539,.T.);
#4539=LINE('',#4536,#4541);
#4541=VECTOR('',#4542,0.551888231033265);
#4542=DIRECTION('',(0.806,0.345,0.482));
#4533=ORIENTED_EDGE('',*,*,#4534,.F.);
#4544=EDGE_CURVE('',#4517,#4535,#4549,.T.);
#4549=LINE('',#4518,#4551);
#4551=VECTOR('',#4552,2.159127);
#4552=DIRECTION('',(0.0,1.0,0.0));
#4543=ORIENTED_EDGE('',*,*,#4544,.F.);
#4553=STYLED_ITEM('',(#43),#4554);
#4554=ADVANCED_FACE('',(#4560),#4555,.T.);
#4555=PLANE('',#4556);
#4556=AXIS2_PLACEMENT_3D('',#4557,#4558,#4559);
#4557=CARTESIAN_POINT('',(16.51,-3.62,0.665));
#4558=DIRECTION('',(1.0,0.0,0.0));
#4559=DIRECTION('',(0.,0.,1.));
#4560=FACE_OUTER_BOUND('',#4561,.T.);
#4561=EDGE_LOOP('',(#4562,#4572,#4582,#4592));
#4565=CARTESIAN_POINT('',(16.51,-1.46,0.665));
#4564=VERTEX_POINT('',#4565);
#4567=CARTESIAN_POINT('',(16.51,-3.62,0.665));
#4566=VERTEX_POINT('',#4567);
#4563=EDGE_CURVE('',#4564,#4566,#4568,.T.);
#4568=LINE('',#4565,#4570);
#4570=VECTOR('',#4571,2.159127);
#4571=DIRECTION('',(0.0,-1.0,0.0));
#4562=ORIENTED_EDGE('',*,*,#4563,.F.);
#4573=EDGE_CURVE('',#4417,#4564,#4578,.T.);
#4578=LINE('',#4418,#4580);
#4580=VECTOR('',#4581,1.72804493862);
#4581=DIRECTION('',(0.0,0.0,-1.0));
#4572=ORIENTED_EDGE('',*,*,#4573,.F.);
#4582=ORIENTED_EDGE('',*,*,#4416,.T.);
#4593=EDGE_CURVE('',#4566,#4419,#4598,.T.);
#4598=LINE('',#4567,#4600);
#4600=VECTOR('',#4601,1.72804493862);
#4601=DIRECTION('',(0.0,0.0,1.0));
#4592=ORIENTED_EDGE('',*,*,#4593,.F.);
#4602=STYLED_ITEM('',(#43),#4603);
#4603=ADVANCED_FACE('',(#4609),#4604,.T.);
#4604=PLANE('',#4605);
#4605=AXIS2_PLACEMENT_3D('',#4606,#4607,#4608);
#4606=CARTESIAN_POINT('',(16.51,-1.46,0.665));
#4607=DIRECTION('',(0.394,0.919,0.0));
#4608=DIRECTION('',(0.,0.,1.));
#4609=FACE_OUTER_BOUND('',#4610,.T.);
#4610=EDGE_LOOP('',(#4611,#4621,#4631,#4641));
#4614=CARTESIAN_POINT('',(16.065,-1.27,0.0));
#4613=VERTEX_POINT('',#4614);
#4612=EDGE_CURVE('',#4613,#4564,#4617,.T.);
#4617=LINE('',#4614,#4619);
#4619=VECTOR('',#4620,0.821972840407629);
#4620=DIRECTION('',(0.541,-0.232,0.809));
#4611=ORIENTED_EDGE('',*,*,#4612,.F.);
#4622=EDGE_CURVE('',#4427,#4613,#4627,.T.);
#4627=LINE('',#4428,#4629);
#4629=VECTOR('',#4630,2.6585306748);
#4630=DIRECTION('',(0.0,0.0,-1.0));
#4621=ORIENTED_EDGE('',*,*,#4622,.F.);
#4631=ORIENTED_EDGE('',*,*,#4426,.T.);
#4641=ORIENTED_EDGE('',*,*,#4573,.T.);
#4651=STYLED_ITEM('',(#43),#4652);
#4652=ADVANCED_FACE('',(#4658),#4653,.T.);
#4653=PLANE('',#4654);
#4654=AXIS2_PLACEMENT_3D('',#4655,#4656,#4657);
#4655=CARTESIAN_POINT('',(16.065,-1.27,0.0));
#4656=DIRECTION('',(0.0,1.0,0.0));
#4657=DIRECTION('',(0.,0.,1.));
#4658=FACE_OUTER_BOUND('',#4659,.T.);
#4659=EDGE_LOOP('',(#4660,#4670,#4680,#4690));
#4663=CARTESIAN_POINT('',(14.415,-1.27,0.0));
#4662=VERTEX_POINT('',#4663);
#4661=EDGE_CURVE('',#4662,#4613,#4666,.T.);
#4666=LINE('',#4663,#4668);
#4668=VECTOR('',#4669,1.650873);
#4669=DIRECTION('',(1.0,0.0,0.0));
#4660=ORIENTED_EDGE('',*,*,#4661,.F.);
#4671=EDGE_CURVE('',#4486,#4662,#4676,.T.);
#4676=LINE('',#4487,#4678);
#4678=VECTOR('',#4679,2.6585306748);
#4679=DIRECTION('',(0.0,0.0,-1.0));
#4670=ORIENTED_EDGE('',*,*,#4671,.F.);
#4680=ORIENTED_EDGE('',*,*,#4485,.T.);
#4690=ORIENTED_EDGE('',*,*,#4622,.T.);
#4700=STYLED_ITEM('',(#43),#4701);
#4701=ADVANCED_FACE('',(#4707),#4702,.T.);
#4702=PLANE('',#4703);
#4703=AXIS2_PLACEMENT_3D('',#4704,#4705,#4706);
#4704=CARTESIAN_POINT('',(14.415,-1.27,0.0));
#4705=DIRECTION('',(-0.394,0.919,0.0));
#4706=DIRECTION('',(0.,0.,1.));
#4707=FACE_OUTER_BOUND('',#4708,.T.);
#4708=EDGE_LOOP('',(#4709,#4719,#4729,#4739));
#4712=CARTESIAN_POINT('',(13.97,-1.46,0.665));
#4711=VERTEX_POINT('',#4712);
#4710=EDGE_CURVE('',#4711,#4662,#4715,.T.);
#4715=LINE('',#4712,#4717);
#4717=VECTOR('',#4718,0.821972840407629);
#4718=DIRECTION('',(0.541,0.232,-0.809));
#4709=ORIENTED_EDGE('',*,*,#4710,.F.);
#4720=EDGE_CURVE('',#4535,#4711,#4725,.T.);
#4725=LINE('',#4536,#4727);
#4727=VECTOR('',#4728,1.72804493862);
#4728=DIRECTION('',(0.0,0.0,-1.0));
#4719=ORIENTED_EDGE('',*,*,#4720,.F.);
#4729=ORIENTED_EDGE('',*,*,#4534,.T.);
#4739=ORIENTED_EDGE('',*,*,#4671,.T.);
#4749=STYLED_ITEM('',(#43),#4750);
#4750=ADVANCED_FACE('',(#4756),#4751,.T.);
#4751=PLANE('',#4752);
#4752=AXIS2_PLACEMENT_3D('',#4753,#4754,#4755);
#4753=CARTESIAN_POINT('',(13.97,-3.62,0.665));
#4754=DIRECTION('',(-0.394,-0.919,0.0));
#4755=DIRECTION('',(0.,0.,1.));
#4756=FACE_OUTER_BOUND('',#4757,.T.);
#4757=EDGE_LOOP('',(#4758,#4768,#4778,#4788));
#4761=CARTESIAN_POINT('',(14.415,-3.81,0.0));
#4760=VERTEX_POINT('',#4761);
#4763=CARTESIAN_POINT('',(13.97,-3.62,0.665));
#4762=VERTEX_POINT('',#4763);
#4759=EDGE_CURVE('',#4760,#4762,#4764,.T.);
#4764=LINE('',#4761,#4766);
#4766=VECTOR('',#4767,0.821972840407629);
#4767=DIRECTION('',(-0.541,0.232,0.809));
#4758=ORIENTED_EDGE('',*,*,#4759,.F.);
#4769=EDGE_CURVE('',#4468,#4760,#4774,.T.);
#4774=LINE('',#4469,#4776);
#4776=VECTOR('',#4777,2.6585306748);
#4777=DIRECTION('',(0.0,0.0,-1.0));
#4768=ORIENTED_EDGE('',*,*,#4769,.F.);
#4778=ORIENTED_EDGE('',*,*,#4514,.T.);
#4789=EDGE_CURVE('',#4762,#4517,#4794,.T.);
#4794=LINE('',#4763,#4796);
#4796=VECTOR('',#4797,1.72804493862);
#4797=DIRECTION('',(0.0,0.0,1.0));
#4788=ORIENTED_EDGE('',*,*,#4789,.F.);
#4798=STYLED_ITEM('',(#43),#4799);
#4799=ADVANCED_FACE('',(#4805),#4800,.T.);
#4800=PLANE('',#4801);
#4801=AXIS2_PLACEMENT_3D('',#4802,#4803,#4804);
#4802=CARTESIAN_POINT('',(14.415,-3.81,0.0));
#4803=DIRECTION('',(0.0,-1.0,0.0));
#4804=DIRECTION('',(0.,0.,1.));
#4805=FACE_OUTER_BOUND('',#4806,.T.);
#4806=EDGE_LOOP('',(#4807,#4817,#4827,#4837));
#4810=CARTESIAN_POINT('',(16.065,-3.81,0.0));
#4809=VERTEX_POINT('',#4810);
#4808=EDGE_CURVE('',#4809,#4760,#4813,.T.);
#4813=LINE('',#4810,#4815);
#4815=VECTOR('',#4816,1.650873);
#4816=DIRECTION('',(-1.0,0.0,0.0));
#4807=ORIENTED_EDGE('',*,*,#4808,.F.);
#4818=EDGE_CURVE('',#4437,#4809,#4823,.T.);
#4823=LINE('',#4438,#4825);
#4825=VECTOR('',#4826,2.6585306748);
#4826=DIRECTION('',(0.0,0.0,-1.0));
#4817=ORIENTED_EDGE('',*,*,#4818,.F.);
#4827=ORIENTED_EDGE('',*,*,#4465,.T.);
#4837=ORIENTED_EDGE('',*,*,#4769,.T.);
#4847=STYLED_ITEM('',(#43),#4848);
#4848=ADVANCED_FACE('',(#4854),#4849,.T.);
#4849=PLANE('',#4850);
#4850=AXIS2_PLACEMENT_3D('',#4851,#4852,#4853);
#4851=CARTESIAN_POINT('',(16.065,-3.81,0.0));
#4852=DIRECTION('',(0.394,-0.919,0.0));
#4853=DIRECTION('',(0.,0.,1.));
#4854=FACE_OUTER_BOUND('',#4855,.T.);
#4855=EDGE_LOOP('',(#4856,#4866,#4876,#4886));
#4857=EDGE_CURVE('',#4566,#4809,#4862,.T.);
#4862=LINE('',#4567,#4864);
#4864=VECTOR('',#4865,0.821972840407629);
#4865=DIRECTION('',(-0.541,-0.232,-0.809));
#4856=ORIENTED_EDGE('',*,*,#4857,.F.);
#4866=ORIENTED_EDGE('',*,*,#4593,.T.);
#4876=ORIENTED_EDGE('',*,*,#4446,.T.);
#4886=ORIENTED_EDGE('',*,*,#4818,.T.);
#4896=STYLED_ITEM('',(#43),#4897);
#4897=ADVANCED_FACE('',(#4903),#4898,.T.);
#4898=PLANE('',#4899);
#4899=AXIS2_PLACEMENT_3D('',#4900,#4901,#4902);
#4900=CARTESIAN_POINT('',(16.065,-3.81,0.0));
#4901=DIRECTION('',(0.831,0.0,-0.556));
#4902=DIRECTION('',(0.,0.,1.));
#4903=FACE_OUTER_BOUND('',#4904,.T.);
#4904=EDGE_LOOP('',(#4905,#4915,#4925,#4935));
#4906=EDGE_CURVE('',#4613,#4809,#4911,.T.);
#4911=LINE('',#4614,#4913);
#4913=VECTOR('',#4914,2.54);
#4914=DIRECTION('',(0.0,-1.0,0.0));
#4905=ORIENTED_EDGE('',*,*,#4906,.F.);
#4915=ORIENTED_EDGE('',*,*,#4612,.T.);
#4925=ORIENTED_EDGE('',*,*,#4563,.T.);
#4935=ORIENTED_EDGE('',*,*,#4857,.T.);
#4945=STYLED_ITEM('',(#43),#4946);
#4946=ADVANCED_FACE('',(#4952),#4947,.T.);
#4947=PLANE('',#4948);
#4948=AXIS2_PLACEMENT_3D('',#4949,#4950,#4951);
#4949=CARTESIAN_POINT('',(14.415,-1.27,0.0));
#4950=DIRECTION('',(0.0,0.0,-1.0));
#4951=DIRECTION('',(0.,1.,0.));
#4952=FACE_OUTER_BOUND('',#4953,.T.);
#4953=EDGE_LOOP('',(#4954,#4964,#4974,#4984));
#4954=ORIENTED_EDGE('',*,*,#4661,.T.);
#4964=ORIENTED_EDGE('',*,*,#4906,.T.);
#4974=ORIENTED_EDGE('',*,*,#4808,.T.);
#4985=EDGE_CURVE('',#4662,#4760,#4990,.T.);
#4990=LINE('',#4663,#4992);
#4992=VECTOR('',#4993,2.54);
#4993=DIRECTION('',(0.0,-1.0,0.0));
#4984=ORIENTED_EDGE('',*,*,#4985,.F.);
#4994=STYLED_ITEM('',(#43),#4995);
#4995=ADVANCED_FACE('',(#5001),#4996,.T.);
#4996=PLANE('',#4997);
#4997=AXIS2_PLACEMENT_3D('',#4998,#4999,#5000);
#4998=CARTESIAN_POINT('',(14.415,-1.27,0.0));
#4999=DIRECTION('',(-0.831,0.0,-0.556));
#5000=DIRECTION('',(0.,0.,1.));
#5001=FACE_OUTER_BOUND('',#5002,.T.);
#5002=EDGE_LOOP('',(#5003,#5013,#5023,#5033));
#5003=ORIENTED_EDGE('',*,*,#4985,.T.);
#5013=ORIENTED_EDGE('',*,*,#4759,.T.);
#5024=EDGE_CURVE('',#4711,#4762,#5029,.T.);
#5029=LINE('',#4712,#5031);
#5031=VECTOR('',#5032,2.159127);
#5032=DIRECTION('',(0.0,-1.0,0.0));
#5023=ORIENTED_EDGE('',*,*,#5024,.F.);
#5033=ORIENTED_EDGE('',*,*,#4710,.T.);
#5043=STYLED_ITEM('',(#43),#5044);
#5044=ADVANCED_FACE('',(#5050),#5045,.T.);
#5045=PLANE('',#5046);
#5046=AXIS2_PLACEMENT_3D('',#5047,#5048,#5049);
#5047=CARTESIAN_POINT('',(13.97,-3.62,2.393));
#5048=DIRECTION('',(0.513,0.0,0.858));
#5049=DIRECTION('',(0.,0.,1.));
#5050=FACE_OUTER_BOUND('',#5051,.T.);
#5051=EDGE_LOOP('',(#5052,#5062,#5072,#5082));
#5052=ORIENTED_EDGE('',*,*,#4544,.T.);
#5065=CARTESIAN_POINT('',(13.525,-1.27,2.659));
#5064=VERTEX_POINT('',#5065);
#5063=EDGE_CURVE('',#5064,#4535,#5068,.T.);
#5068=LINE('',#5065,#5070);
#5070=VECTOR('',#5071,0.551888231033265);
#5071=DIRECTION('',(0.806,-0.345,-0.482));
#5062=ORIENTED_EDGE('',*,*,#5063,.F.);
#5075=CARTESIAN_POINT('',(13.525,-3.81,2.659));
#5074=VERTEX_POINT('',#5075);
#5073=EDGE_CURVE('',#5074,#5064,#5078,.T.);
#5078=LINE('',#5075,#5080);
#5080=VECTOR('',#5081,2.54);
#5081=DIRECTION('',(0.0,1.0,0.0));
#5072=ORIENTED_EDGE('',*,*,#5073,.F.);
#5083=EDGE_CURVE('',#4517,#5074,#5088,.T.);
#5088=LINE('',#4518,#5090);
#5090=VECTOR('',#5091,0.551888231033265);
#5091=DIRECTION('',(-0.806,-0.345,0.482));
#5082=ORIENTED_EDGE('',*,*,#5083,.F.);
#5092=STYLED_ITEM('',(#43),#5093);
#5093=ADVANCED_FACE('',(#5099),#5094,.T.);
#5094=PLANE('',#5095);
#5095=AXIS2_PLACEMENT_3D('',#5096,#5097,#5098);
#5096=CARTESIAN_POINT('',(11.875,-3.81,2.659));
#5097=DIRECTION('',(0.0,0.0,1.0));
#5098=DIRECTION('',(0.,1.,0.));
#5099=FACE_OUTER_BOUND('',#5100,.T.);
#5100=EDGE_LOOP('',(#5101,#5111,#5121,#5131));
#5106=CARTESIAN_POINT('',(11.875,-3.81,2.659));
#5105=VERTEX_POINT('',#5106);
#5102=EDGE_CURVE('',#5074,#5105,#5107,.T.);
#5107=LINE('',#5075,#5109);
#5109=VECTOR('',#5110,1.650873);
#5110=DIRECTION('',(-1.0,0.0,0.0));
#5101=ORIENTED_EDGE('',*,*,#5102,.F.);
#5111=ORIENTED_EDGE('',*,*,#5073,.T.);
#5124=CARTESIAN_POINT('',(11.875,-1.27,2.659));
#5123=VERTEX_POINT('',#5124);
#5122=EDGE_CURVE('',#5123,#5064,#5127,.T.);
#5127=LINE('',#5124,#5129);
#5129=VECTOR('',#5130,1.650873);
#5130=DIRECTION('',(1.0,0.0,0.0));
#5121=ORIENTED_EDGE('',*,*,#5122,.F.);
#5132=EDGE_CURVE('',#5105,#5123,#5137,.T.);
#5137=LINE('',#5106,#5139);
#5139=VECTOR('',#5140,2.54);
#5140=DIRECTION('',(0.0,1.0,0.0));
#5131=ORIENTED_EDGE('',*,*,#5132,.F.);
#5141=STYLED_ITEM('',(#43),#5142);
#5142=ADVANCED_FACE('',(#5148),#5143,.T.);
#5143=PLANE('',#5144);
#5144=AXIS2_PLACEMENT_3D('',#5145,#5146,#5147);
#5145=CARTESIAN_POINT('',(11.43,-3.62,2.393));
#5146=DIRECTION('',(-0.513,0.0,0.858));
#5147=DIRECTION('',(0.,0.,1.));
#5148=FACE_OUTER_BOUND('',#5149,.T.);
#5149=EDGE_LOOP('',(#5150,#5160,#5170,#5180));
#5155=CARTESIAN_POINT('',(11.43,-3.62,2.393));
#5154=VERTEX_POINT('',#5155);
#5151=EDGE_CURVE('',#5105,#5154,#5156,.T.);
#5156=LINE('',#5106,#5158);
#5158=VECTOR('',#5159,0.551888231033264);
#5159=DIRECTION('',(-0.806,0.345,-0.482));
#5150=ORIENTED_EDGE('',*,*,#5151,.F.);
#5160=ORIENTED_EDGE('',*,*,#5132,.T.);
#5173=CARTESIAN_POINT('',(11.43,-1.46,2.393));
#5172=VERTEX_POINT('',#5173);
#5171=EDGE_CURVE('',#5172,#5123,#5176,.T.);
#5176=LINE('',#5173,#5178);
#5178=VECTOR('',#5179,0.551888231033264);
#5179=DIRECTION('',(0.806,0.345,0.482));
#5170=ORIENTED_EDGE('',*,*,#5171,.F.);
#5181=EDGE_CURVE('',#5154,#5172,#5186,.T.);
#5186=LINE('',#5155,#5188);
#5188=VECTOR('',#5189,2.159127);
#5189=DIRECTION('',(0.0,1.0,0.0));
#5180=ORIENTED_EDGE('',*,*,#5181,.F.);
#5190=STYLED_ITEM('',(#43),#5191);
#5191=ADVANCED_FACE('',(#5197),#5192,.T.);
#5192=PLANE('',#5193);
#5193=AXIS2_PLACEMENT_3D('',#5194,#5195,#5196);
#5194=CARTESIAN_POINT('',(13.97,-1.46,0.665));
#5195=DIRECTION('',(0.394,0.919,0.0));
#5196=DIRECTION('',(0.,0.,1.));
#5197=FACE_OUTER_BOUND('',#5198,.T.);
#5198=EDGE_LOOP('',(#5199,#5209,#5219,#5229));
#5202=CARTESIAN_POINT('',(13.525,-1.27,0.0));
#5201=VERTEX_POINT('',#5202);
#5200=EDGE_CURVE('',#5201,#4711,#5205,.T.);
#5205=LINE('',#5202,#5207);
#5207=VECTOR('',#5208,0.821972840407629);
#5208=DIRECTION('',(0.541,-0.232,0.809));
#5199=ORIENTED_EDGE('',*,*,#5200,.F.);
#5210=EDGE_CURVE('',#5064,#5201,#5215,.T.);
#5215=LINE('',#5065,#5217);
#5217=VECTOR('',#5218,2.6585306748);
#5218=DIRECTION('',(0.0,0.0,-1.0));
#5209=ORIENTED_EDGE('',*,*,#5210,.F.);
#5219=ORIENTED_EDGE('',*,*,#5063,.T.);
#5229=ORIENTED_EDGE('',*,*,#4720,.T.);
#5239=STYLED_ITEM('',(#43),#5240);
#5240=ADVANCED_FACE('',(#5246),#5241,.T.);
#5241=PLANE('',#5242);
#5242=AXIS2_PLACEMENT_3D('',#5243,#5244,#5245);
#5243=CARTESIAN_POINT('',(13.525,-1.27,0.0));
#5244=DIRECTION('',(0.0,1.0,0.0));
#5245=DIRECTION('',(0.,0.,1.));
#5246=FACE_OUTER_BOUND('',#5247,.T.);
#5247=EDGE_LOOP('',(#5248,#5258,#5268,#5278));
#5251=CARTESIAN_POINT('',(11.875,-1.27,0.0));
#5250=VERTEX_POINT('',#5251);
#5249=EDGE_CURVE('',#5250,#5201,#5254,.T.);
#5254=LINE('',#5251,#5256);
#5256=VECTOR('',#5257,1.650873);
#5257=DIRECTION('',(1.0,0.0,0.0));
#5248=ORIENTED_EDGE('',*,*,#5249,.F.);
#5259=EDGE_CURVE('',#5123,#5250,#5264,.T.);
#5264=LINE('',#5124,#5266);
#5266=VECTOR('',#5267,2.6585306748);
#5267=DIRECTION('',(0.0,0.0,-1.0));
#5258=ORIENTED_EDGE('',*,*,#5259,.F.);
#5268=ORIENTED_EDGE('',*,*,#5122,.T.);
#5278=ORIENTED_EDGE('',*,*,#5210,.T.);
#5288=STYLED_ITEM('',(#43),#5289);
#5289=ADVANCED_FACE('',(#5295),#5290,.T.);
#5290=PLANE('',#5291);
#5291=AXIS2_PLACEMENT_3D('',#5292,#5293,#5294);
#5292=CARTESIAN_POINT('',(11.875,-1.27,0.0));
#5293=DIRECTION('',(-0.394,0.919,0.0));
#5294=DIRECTION('',(0.,0.,1.));
#5295=FACE_OUTER_BOUND('',#5296,.T.);
#5296=EDGE_LOOP('',(#5297,#5307,#5317,#5327));
#5300=CARTESIAN_POINT('',(11.43,-1.46,0.665));
#5299=VERTEX_POINT('',#5300);
#5298=EDGE_CURVE('',#5299,#5250,#5303,.T.);
#5303=LINE('',#5300,#5305);
#5305=VECTOR('',#5306,0.821972840407628);
#5306=DIRECTION('',(0.541,0.232,-0.809));
#5297=ORIENTED_EDGE('',*,*,#5298,.F.);
#5308=EDGE_CURVE('',#5172,#5299,#5313,.T.);
#5313=LINE('',#5173,#5315);
#5315=VECTOR('',#5316,1.72804493862);
#5316=DIRECTION('',(0.0,0.0,-1.0));
#5307=ORIENTED_EDGE('',*,*,#5308,.F.);
#5317=ORIENTED_EDGE('',*,*,#5171,.T.);
#5327=ORIENTED_EDGE('',*,*,#5259,.T.);
#5337=STYLED_ITEM('',(#43),#5338);
#5338=ADVANCED_FACE('',(#5344),#5339,.T.);
#5339=PLANE('',#5340);
#5340=AXIS2_PLACEMENT_3D('',#5341,#5342,#5343);
#5341=CARTESIAN_POINT('',(11.43,-3.62,0.665));
#5342=DIRECTION('',(-0.394,-0.919,0.0));
#5343=DIRECTION('',(0.,0.,1.));
#5344=FACE_OUTER_BOUND('',#5345,.T.);
#5345=EDGE_LOOP('',(#5346,#5356,#5366,#5376));
#5349=CARTESIAN_POINT('',(11.875,-3.81,0.0));
#5348=VERTEX_POINT('',#5349);
#5351=CARTESIAN_POINT('',(11.43,-3.62,0.665));
#5350=VERTEX_POINT('',#5351);
#5347=EDGE_CURVE('',#5348,#5350,#5352,.T.);
#5352=LINE('',#5349,#5354);
#5354=VECTOR('',#5355,0.821972840407628);
#5355=DIRECTION('',(-0.541,0.232,0.809));
#5346=ORIENTED_EDGE('',*,*,#5347,.F.);
#5357=EDGE_CURVE('',#5105,#5348,#5362,.T.);
#5362=LINE('',#5106,#5364);
#5364=VECTOR('',#5365,2.6585306748);
#5365=DIRECTION('',(0.0,0.0,-1.0));
#5356=ORIENTED_EDGE('',*,*,#5357,.F.);
#5366=ORIENTED_EDGE('',*,*,#5151,.T.);
#5377=EDGE_CURVE('',#5350,#5154,#5382,.T.);
#5382=LINE('',#5351,#5384);
#5384=VECTOR('',#5385,1.72804493862);
#5385=DIRECTION('',(0.0,0.0,1.0));
#5376=ORIENTED_EDGE('',*,*,#5377,.F.);
#5386=STYLED_ITEM('',(#43),#5387);
#5387=ADVANCED_FACE('',(#5393),#5388,.T.);
#5388=PLANE('',#5389);
#5389=AXIS2_PLACEMENT_3D('',#5390,#5391,#5392);
#5390=CARTESIAN_POINT('',(11.875,-3.81,0.0));
#5391=DIRECTION('',(0.0,-1.0,0.0));
#5392=DIRECTION('',(0.,0.,1.));
#5393=FACE_OUTER_BOUND('',#5394,.T.);
#5394=EDGE_LOOP('',(#5395,#5405,#5415,#5425));
#5398=CARTESIAN_POINT('',(13.525,-3.81,0.0));
#5397=VERTEX_POINT('',#5398);
#5396=EDGE_CURVE('',#5397,#5348,#5401,.T.);
#5401=LINE('',#5398,#5403);
#5403=VECTOR('',#5404,1.650873);
#5404=DIRECTION('',(-1.0,0.0,0.0));
#5395=ORIENTED_EDGE('',*,*,#5396,.F.);
#5406=EDGE_CURVE('',#5074,#5397,#5411,.T.);
#5411=LINE('',#5075,#5413);
#5413=VECTOR('',#5414,2.6585306748);
#5414=DIRECTION('',(0.0,0.0,-1.0));
#5405=ORIENTED_EDGE('',*,*,#5406,.F.);
#5415=ORIENTED_EDGE('',*,*,#5102,.T.);
#5425=ORIENTED_EDGE('',*,*,#5357,.T.);
#5435=STYLED_ITEM('',(#43),#5436);
#5436=ADVANCED_FACE('',(#5442),#5437,.T.);
#5437=PLANE('',#5438);
#5438=AXIS2_PLACEMENT_3D('',#5439,#5440,#5441);
#5439=CARTESIAN_POINT('',(13.525,-3.81,0.0));
#5440=DIRECTION('',(0.394,-0.919,0.0));
#5441=DIRECTION('',(0.,0.,1.));
#5442=FACE_OUTER_BOUND('',#5443,.T.);
#5443=EDGE_LOOP('',(#5444,#5454,#5464,#5474));
#5445=EDGE_CURVE('',#4762,#5397,#5450,.T.);
#5450=LINE('',#4763,#5452);
#5452=VECTOR('',#5453,0.821972840407629);
#5453=DIRECTION('',(-0.541,-0.232,-0.809));
#5444=ORIENTED_EDGE('',*,*,#5445,.F.);
#5454=ORIENTED_EDGE('',*,*,#4789,.T.);
#5464=ORIENTED_EDGE('',*,*,#5083,.T.);
#5474=ORIENTED_EDGE('',*,*,#5406,.T.);
#5484=STYLED_ITEM('',(#43),#5485);
#5485=ADVANCED_FACE('',(#5491),#5486,.T.);
#5486=PLANE('',#5487);
#5487=AXIS2_PLACEMENT_3D('',#5488,#5489,#5490);
#5488=CARTESIAN_POINT('',(13.525,-3.81,0.0));
#5489=DIRECTION('',(0.831,0.0,-0.556));
#5490=DIRECTION('',(0.,0.,1.));
#5491=FACE_OUTER_BOUND('',#5492,.T.);
#5492=EDGE_LOOP('',(#5493,#5503,#5513,#5523));
#5494=EDGE_CURVE('',#5201,#5397,#5499,.T.);
#5499=LINE('',#5202,#5501);
#5501=VECTOR('',#5502,2.54);
#5502=DIRECTION('',(0.0,-1.0,0.0));
#5493=ORIENTED_EDGE('',*,*,#5494,.F.);
#5503=ORIENTED_EDGE('',*,*,#5200,.T.);
#5513=ORIENTED_EDGE('',*,*,#5024,.T.);
#5523=ORIENTED_EDGE('',*,*,#5445,.T.);
#5533=STYLED_ITEM('',(#43),#5534);
#5534=ADVANCED_FACE('',(#5540),#5535,.T.);
#5535=PLANE('',#5536);
#5536=AXIS2_PLACEMENT_3D('',#5537,#5538,#5539);
#5537=CARTESIAN_POINT('',(11.875,-3.81,0.0));
#5538=DIRECTION('',(0.0,0.0,-1.0));
#5539=DIRECTION('',(0.,1.,0.));
#5540=FACE_OUTER_BOUND('',#5541,.T.);
#5541=EDGE_LOOP('',(#5542,#5552,#5562,#5572));
#5543=EDGE_CURVE('',#5250,#5348,#5548,.T.);
#5548=LINE('',#5251,#5550);
#5550=VECTOR('',#5551,2.54);
#5551=DIRECTION('',(0.0,-1.0,0.0));
#5542=ORIENTED_EDGE('',*,*,#5543,.F.);
#5552=ORIENTED_EDGE('',*,*,#5249,.T.);
#5562=ORIENTED_EDGE('',*,*,#5494,.T.);
#5572=ORIENTED_EDGE('',*,*,#5396,.T.);
#5582=STYLED_ITEM('',(#43),#5583);
#5583=ADVANCED_FACE('',(#5589),#5584,.T.);
#5584=PLANE('',#5585);
#5585=AXIS2_PLACEMENT_3D('',#5586,#5587,#5588);
#5586=CARTESIAN_POINT('',(11.43,-3.62,0.665));
#5587=DIRECTION('',(-0.831,0.0,-0.556));
#5588=DIRECTION('',(0.,0.,1.));
#5589=FACE_OUTER_BOUND('',#5590,.T.);
#5590=EDGE_LOOP('',(#5591,#5601,#5611,#5621));
#5592=EDGE_CURVE('',#5299,#5350,#5597,.T.);
#5597=LINE('',#5300,#5599);
#5599=VECTOR('',#5600,2.159127);
#5600=DIRECTION('',(0.0,-1.0,0.0));
#5591=ORIENTED_EDGE('',*,*,#5592,.F.);
#5601=ORIENTED_EDGE('',*,*,#5298,.T.);
#5611=ORIENTED_EDGE('',*,*,#5543,.T.);
#5621=ORIENTED_EDGE('',*,*,#5347,.T.);
#5631=STYLED_ITEM('',(#43),#5632);
#5632=ADVANCED_FACE('',(#5638),#5633,.T.);
#5633=PLANE('',#5634);
#5634=AXIS2_PLACEMENT_3D('',#5635,#5636,#5637);
#5635=CARTESIAN_POINT('',(11.43,-3.62,2.393));
#5636=DIRECTION('',(0.513,0.0,0.858));
#5637=DIRECTION('',(0.,0.,1.));
#5638=FACE_OUTER_BOUND('',#5639,.T.);
#5639=EDGE_LOOP('',(#5640,#5650,#5660,#5670));
#5640=ORIENTED_EDGE('',*,*,#5181,.T.);
#5653=CARTESIAN_POINT('',(10.985,-1.27,2.659));
#5652=VERTEX_POINT('',#5653);
#5651=EDGE_CURVE('',#5652,#5172,#5656,.T.);
#5656=LINE('',#5653,#5658);
#5658=VECTOR('',#5659,0.551888231033264);
#5659=DIRECTION('',(0.806,-0.345,-0.482));
#5650=ORIENTED_EDGE('',*,*,#5651,.F.);
#5663=CARTESIAN_POINT('',(10.985,-3.81,2.659));
#5662=VERTEX_POINT('',#5663);
#5661=EDGE_CURVE('',#5662,#5652,#5666,.T.);
#5666=LINE('',#5663,#5668);
#5668=VECTOR('',#5669,2.54);
#5669=DIRECTION('',(0.0,1.0,0.0));
#5660=ORIENTED_EDGE('',*,*,#5661,.F.);
#5671=EDGE_CURVE('',#5154,#5662,#5676,.T.);
#5676=LINE('',#5155,#5678);
#5678=VECTOR('',#5679,0.551888231033264);
#5679=DIRECTION('',(-0.806,-0.345,0.482));
#5670=ORIENTED_EDGE('',*,*,#5671,.F.);
#5680=STYLED_ITEM('',(#43),#5681);
#5681=ADVANCED_FACE('',(#5687),#5682,.T.);
#5682=PLANE('',#5683);
#5683=AXIS2_PLACEMENT_3D('',#5684,#5685,#5686);
#5684=CARTESIAN_POINT('',(9.335,-3.81,2.659));
#5685=DIRECTION('',(0.0,0.0,1.0));
#5686=DIRECTION('',(0.,1.,0.));
#5687=FACE_OUTER_BOUND('',#5688,.T.);
#5688=EDGE_LOOP('',(#5689,#5699,#5709,#5719));
#5694=CARTESIAN_POINT('',(9.335,-3.81,2.659));
#5693=VERTEX_POINT('',#5694);
#5690=EDGE_CURVE('',#5662,#5693,#5695,.T.);
#5695=LINE('',#5663,#5697);
#5697=VECTOR('',#5698,1.650873);
#5698=DIRECTION('',(-1.0,0.0,0.0));
#5689=ORIENTED_EDGE('',*,*,#5690,.F.);
#5699=ORIENTED_EDGE('',*,*,#5661,.T.);
#5712=CARTESIAN_POINT('',(9.335,-1.27,2.659));
#5711=VERTEX_POINT('',#5712);
#5710=EDGE_CURVE('',#5711,#5652,#5715,.T.);
#5715=LINE('',#5712,#5717);
#5717=VECTOR('',#5718,1.650873);
#5718=DIRECTION('',(1.0,0.0,0.0));
#5709=ORIENTED_EDGE('',*,*,#5710,.F.);
#5720=EDGE_CURVE('',#5693,#5711,#5725,.T.);
#5725=LINE('',#5694,#5727);
#5727=VECTOR('',#5728,2.54);
#5728=DIRECTION('',(0.0,1.0,0.0));
#5719=ORIENTED_EDGE('',*,*,#5720,.F.);
#5729=STYLED_ITEM('',(#43),#5730);
#5730=ADVANCED_FACE('',(#5736),#5731,.T.);
#5731=PLANE('',#5732);
#5732=AXIS2_PLACEMENT_3D('',#5733,#5734,#5735);
#5733=CARTESIAN_POINT('',(8.89,-3.62,2.393));
#5734=DIRECTION('',(-0.513,0.0,0.858));
#5735=DIRECTION('',(0.,0.,1.));
#5736=FACE_OUTER_BOUND('',#5737,.T.);
#5737=EDGE_LOOP('',(#5738,#5748,#5758,#5768));
#5743=CARTESIAN_POINT('',(8.89,-3.62,2.393));
#5742=VERTEX_POINT('',#5743);
#5739=EDGE_CURVE('',#5693,#5742,#5744,.T.);
#5744=LINE('',#5694,#5746);
#5746=VECTOR('',#5747,0.551888231033264);
#5747=DIRECTION('',(-0.806,0.345,-0.482));
#5738=ORIENTED_EDGE('',*,*,#5739,.F.);
#5748=ORIENTED_EDGE('',*,*,#5720,.T.);
#5761=CARTESIAN_POINT('',(8.89,-1.46,2.393));
#5760=VERTEX_POINT('',#5761);
#5759=EDGE_CURVE('',#5760,#5711,#5764,.T.);
#5764=LINE('',#5761,#5766);
#5766=VECTOR('',#5767,0.551888231033264);
#5767=DIRECTION('',(0.806,0.345,0.482));
#5758=ORIENTED_EDGE('',*,*,#5759,.F.);
#5769=EDGE_CURVE('',#5742,#5760,#5774,.T.);
#5774=LINE('',#5743,#5776);
#5776=VECTOR('',#5777,2.159127);
#5777=DIRECTION('',(0.0,1.0,0.0));
#5768=ORIENTED_EDGE('',*,*,#5769,.F.);
#5778=STYLED_ITEM('',(#43),#5779);
#5779=ADVANCED_FACE('',(#5785),#5780,.T.);
#5780=PLANE('',#5781);
#5781=AXIS2_PLACEMENT_3D('',#5782,#5783,#5784);
#5782=CARTESIAN_POINT('',(11.43,-1.46,0.665));
#5783=DIRECTION('',(0.394,0.919,0.0));
#5784=DIRECTION('',(0.,0.,1.));
#5785=FACE_OUTER_BOUND('',#5786,.T.);
#5786=EDGE_LOOP('',(#5787,#5797,#5807,#5817));
#5790=CARTESIAN_POINT('',(10.985,-1.27,0.0));
#5789=VERTEX_POINT('',#5790);
#5788=EDGE_CURVE('',#5789,#5299,#5793,.T.);
#5793=LINE('',#5790,#5795);
#5795=VECTOR('',#5796,0.821972840407628);
#5796=DIRECTION('',(0.541,-0.232,0.809));
#5787=ORIENTED_EDGE('',*,*,#5788,.F.);
#5798=EDGE_CURVE('',#5652,#5789,#5803,.T.);
#5803=LINE('',#5653,#5805);
#5805=VECTOR('',#5806,2.6585306748);
#5806=DIRECTION('',(0.0,0.0,-1.0));
#5797=ORIENTED_EDGE('',*,*,#5798,.F.);
#5807=ORIENTED_EDGE('',*,*,#5651,.T.);
#5817=ORIENTED_EDGE('',*,*,#5308,.T.);
#5827=STYLED_ITEM('',(#43),#5828);
#5828=ADVANCED_FACE('',(#5834),#5829,.T.);
#5829=PLANE('',#5830);
#5830=AXIS2_PLACEMENT_3D('',#5831,#5832,#5833);
#5831=CARTESIAN_POINT('',(10.985,-1.27,0.0));
#5832=DIRECTION('',(0.0,1.0,0.0));
#5833=DIRECTION('',(0.,0.,1.));
#5834=FACE_OUTER_BOUND('',#5835,.T.);
#5835=EDGE_LOOP('',(#5836,#5846,#5856,#5866));
#5839=CARTESIAN_POINT('',(9.335,-1.27,0.0));
#5838=VERTEX_POINT('',#5839);
#5837=EDGE_CURVE('',#5838,#5789,#5842,.T.);
#5842=LINE('',#5839,#5844);
#5844=VECTOR('',#5845,1.650873);
#5845=DIRECTION('',(1.0,0.0,0.0));
#5836=ORIENTED_EDGE('',*,*,#5837,.F.);
#5847=EDGE_CURVE('',#5711,#5838,#5852,.T.);
#5852=LINE('',#5712,#5854);
#5854=VECTOR('',#5855,2.6585306748);
#5855=DIRECTION('',(0.0,0.0,-1.0));
#5846=ORIENTED_EDGE('',*,*,#5847,.F.);
#5856=ORIENTED_EDGE('',*,*,#5710,.T.);
#5866=ORIENTED_EDGE('',*,*,#5798,.T.);
#5876=STYLED_ITEM('',(#43),#5877);
#5877=ADVANCED_FACE('',(#5883),#5878,.T.);
#5878=PLANE('',#5879);
#5879=AXIS2_PLACEMENT_3D('',#5880,#5881,#5882);
#5880=CARTESIAN_POINT('',(9.335,-1.27,0.0));
#5881=DIRECTION('',(-0.394,0.919,0.0));
#5882=DIRECTION('',(0.,0.,1.));
#5883=FACE_OUTER_BOUND('',#5884,.T.);
#5884=EDGE_LOOP('',(#5885,#5895,#5905,#5915));
#5888=CARTESIAN_POINT('',(8.89,-1.46,0.665));
#5887=VERTEX_POINT('',#5888);
#5886=EDGE_CURVE('',#5887,#5838,#5891,.T.);
#5891=LINE('',#5888,#5893);
#5893=VECTOR('',#5894,0.821972840407628);
#5894=DIRECTION('',(0.541,0.232,-0.809));
#5885=ORIENTED_EDGE('',*,*,#5886,.F.);
#5896=EDGE_CURVE('',#5760,#5887,#5901,.T.);
#5901=LINE('',#5761,#5903);
#5903=VECTOR('',#5904,1.72804493862);
#5904=DIRECTION('',(0.0,0.0,-1.0));
#5895=ORIENTED_EDGE('',*,*,#5896,.F.);
#5905=ORIENTED_EDGE('',*,*,#5759,.T.);
#5915=ORIENTED_EDGE('',*,*,#5847,.T.);
#5925=STYLED_ITEM('',(#43),#5926);
#5926=ADVANCED_FACE('',(#5932),#5927,.T.);
#5927=PLANE('',#5928);
#5928=AXIS2_PLACEMENT_3D('',#5929,#5930,#5931);
#5929=CARTESIAN_POINT('',(8.89,-3.62,0.665));
#5930=DIRECTION('',(-0.394,-0.919,0.0));
#5931=DIRECTION('',(0.,0.,1.));
#5932=FACE_OUTER_BOUND('',#5933,.T.);
#5933=EDGE_LOOP('',(#5934,#5944,#5954,#5964));
#5937=CARTESIAN_POINT('',(9.335,-3.81,0.0));
#5936=VERTEX_POINT('',#5937);
#5939=CARTESIAN_POINT('',(8.89,-3.62,0.665));
#5938=VERTEX_POINT('',#5939);
#5935=EDGE_CURVE('',#5936,#5938,#5940,.T.);
#5940=LINE('',#5937,#5942);
#5942=VECTOR('',#5943,0.821972840407628);
#5943=DIRECTION('',(-0.541,0.232,0.809));
#5934=ORIENTED_EDGE('',*,*,#5935,.F.);
#5945=EDGE_CURVE('',#5693,#5936,#5950,.T.);
#5950=LINE('',#5694,#5952);
#5952=VECTOR('',#5953,2.6585306748);
#5953=DIRECTION('',(0.0,0.0,-1.0));
#5944=ORIENTED_EDGE('',*,*,#5945,.F.);
#5954=ORIENTED_EDGE('',*,*,#5739,.T.);
#5965=EDGE_CURVE('',#5938,#5742,#5970,.T.);
#5970=LINE('',#5939,#5972);
#5972=VECTOR('',#5973,1.72804493862);
#5973=DIRECTION('',(0.0,0.0,1.0));
#5964=ORIENTED_EDGE('',*,*,#5965,.F.);
#5974=STYLED_ITEM('',(#43),#5975);
#5975=ADVANCED_FACE('',(#5981),#5976,.T.);
#5976=PLANE('',#5977);
#5977=AXIS2_PLACEMENT_3D('',#5978,#5979,#5980);
#5978=CARTESIAN_POINT('',(9.335,-3.81,0.0));
#5979=DIRECTION('',(0.0,-1.0,0.0));
#5980=DIRECTION('',(0.,0.,1.));
#5981=FACE_OUTER_BOUND('',#5982,.T.);
#5982=EDGE_LOOP('',(#5983,#5993,#6003,#6013));
#5986=CARTESIAN_POINT('',(10.985,-3.81,0.0));
#5985=VERTEX_POINT('',#5986);
#5984=EDGE_CURVE('',#5985,#5936,#5989,.T.);
#5989=LINE('',#5986,#5991);
#5991=VECTOR('',#5992,1.650873);
#5992=DIRECTION('',(-1.0,0.0,0.0));
#5983=ORIENTED_EDGE('',*,*,#5984,.F.);
#5994=EDGE_CURVE('',#5662,#5985,#5999,.T.);
#5999=LINE('',#5663,#6001);
#6001=VECTOR('',#6002,2.6585306748);
#6002=DIRECTION('',(0.0,0.0,-1.0));
#5993=ORIENTED_EDGE('',*,*,#5994,.F.);
#6003=ORIENTED_EDGE('',*,*,#5690,.T.);
#6013=ORIENTED_EDGE('',*,*,#5945,.T.);
#6023=STYLED_ITEM('',(#43),#6024);
#6024=ADVANCED_FACE('',(#6030),#6025,.T.);
#6025=PLANE('',#6026);
#6026=AXIS2_PLACEMENT_3D('',#6027,#6028,#6029);
#6027=CARTESIAN_POINT('',(10.985,-3.81,0.0));
#6028=DIRECTION('',(0.394,-0.919,0.0));
#6029=DIRECTION('',(0.,0.,1.));
#6030=FACE_OUTER_BOUND('',#6031,.T.);
#6031=EDGE_LOOP('',(#6032,#6042,#6052,#6062));
#6033=EDGE_CURVE('',#5350,#5985,#6038,.T.);
#6038=LINE('',#5351,#6040);
#6040=VECTOR('',#6041,0.821972840407628);
#6041=DIRECTION('',(-0.541,-0.232,-0.809));
#6032=ORIENTED_EDGE('',*,*,#6033,.F.);
#6042=ORIENTED_EDGE('',*,*,#5377,.T.);
#6052=ORIENTED_EDGE('',*,*,#5671,.T.);
#6062=ORIENTED_EDGE('',*,*,#5994,.T.);
#6072=STYLED_ITEM('',(#43),#6073);
#6073=ADVANCED_FACE('',(#6079),#6074,.T.);
#6074=PLANE('',#6075);
#6075=AXIS2_PLACEMENT_3D('',#6076,#6077,#6078);
#6076=CARTESIAN_POINT('',(10.985,-3.81,0.0));
#6077=DIRECTION('',(0.831,0.0,-0.556));
#6078=DIRECTION('',(0.,0.,1.));
#6079=FACE_OUTER_BOUND('',#6080,.T.);
#6080=EDGE_LOOP('',(#6081,#6091,#6101,#6111));
#6082=EDGE_CURVE('',#5789,#5985,#6087,.T.);
#6087=LINE('',#5790,#6089);
#6089=VECTOR('',#6090,2.54);
#6090=DIRECTION('',(0.0,-1.0,0.0));
#6081=ORIENTED_EDGE('',*,*,#6082,.F.);
#6091=ORIENTED_EDGE('',*,*,#5788,.T.);
#6101=ORIENTED_EDGE('',*,*,#5592,.T.);
#6111=ORIENTED_EDGE('',*,*,#6033,.T.);
#6121=STYLED_ITEM('',(#43),#6122);
#6122=ADVANCED_FACE('',(#6128),#6123,.T.);
#6123=PLANE('',#6124);
#6124=AXIS2_PLACEMENT_3D('',#6125,#6126,#6127);
#6125=CARTESIAN_POINT('',(9.335,-1.27,0.0));
#6126=DIRECTION('',(0.0,0.0,-1.0));
#6127=DIRECTION('',(0.,1.,0.));
#6128=FACE_OUTER_BOUND('',#6129,.T.);
#6129=EDGE_LOOP('',(#6130,#6140,#6150,#6160));
#6130=ORIENTED_EDGE('',*,*,#5837,.T.);
#6140=ORIENTED_EDGE('',*,*,#6082,.T.);
#6150=ORIENTED_EDGE('',*,*,#5984,.T.);
#6161=EDGE_CURVE('',#5838,#5936,#6166,.T.);
#6166=LINE('',#5839,#6168);
#6168=VECTOR('',#6169,2.54);
#6169=DIRECTION('',(0.0,-1.0,0.0));
#6160=ORIENTED_EDGE('',*,*,#6161,.F.);
#6170=STYLED_ITEM('',(#43),#6171);
#6171=ADVANCED_FACE('',(#6177),#6172,.T.);
#6172=PLANE('',#6173);
#6173=AXIS2_PLACEMENT_3D('',#6174,#6175,#6176);
#6174=CARTESIAN_POINT('',(9.335,-1.27,0.0));
#6175=DIRECTION('',(-0.831,0.0,-0.556));
#6176=DIRECTION('',(0.,0.,1.));
#6177=FACE_OUTER_BOUND('',#6178,.T.);
#6178=EDGE_LOOP('',(#6179,#6189,#6199,#6209));
#6179=ORIENTED_EDGE('',*,*,#6161,.T.);
#6189=ORIENTED_EDGE('',*,*,#5935,.T.);
#6200=EDGE_CURVE('',#5887,#5938,#6205,.T.);
#6205=LINE('',#5888,#6207);
#6207=VECTOR('',#6208,2.159127);
#6208=DIRECTION('',(0.0,-1.0,0.0));
#6199=ORIENTED_EDGE('',*,*,#6200,.F.);
#6209=ORIENTED_EDGE('',*,*,#5886,.T.);
#6219=STYLED_ITEM('',(#43),#6220);
#6220=ADVANCED_FACE('',(#6226),#6221,.T.);
#6221=PLANE('',#6222);
#6222=AXIS2_PLACEMENT_3D('',#6223,#6224,#6225);
#6223=CARTESIAN_POINT('',(8.89,-3.62,2.393));
#6224=DIRECTION('',(0.513,0.0,0.858));
#6225=DIRECTION('',(0.,0.,1.));
#6226=FACE_OUTER_BOUND('',#6227,.T.);
#6227=EDGE_LOOP('',(#6228,#6238,#6248,#6258));
#6228=ORIENTED_EDGE('',*,*,#5769,.T.);
#6241=CARTESIAN_POINT('',(8.445,-1.27,2.659));
#6240=VERTEX_POINT('',#6241);
#6239=EDGE_CURVE('',#6240,#5760,#6244,.T.);
#6244=LINE('',#6241,#6246);
#6246=VECTOR('',#6247,0.551888231033264);
#6247=DIRECTION('',(0.806,-0.345,-0.482));
#6238=ORIENTED_EDGE('',*,*,#6239,.F.);
#6251=CARTESIAN_POINT('',(8.445,-3.81,2.659));
#6250=VERTEX_POINT('',#6251);
#6249=EDGE_CURVE('',#6250,#6240,#6254,.T.);
#6254=LINE('',#6251,#6256);
#6256=VECTOR('',#6257,2.54);
#6257=DIRECTION('',(0.0,1.0,0.0));
#6248=ORIENTED_EDGE('',*,*,#6249,.F.);
#6259=EDGE_CURVE('',#5742,#6250,#6264,.T.);
#6264=LINE('',#5743,#6266);
#6266=VECTOR('',#6267,0.551888231033264);
#6267=DIRECTION('',(-0.806,-0.345,0.482));
#6258=ORIENTED_EDGE('',*,*,#6259,.F.);
#6268=STYLED_ITEM('',(#43),#6269);
#6269=ADVANCED_FACE('',(#6275),#6270,.T.);
#6270=PLANE('',#6271);
#6271=AXIS2_PLACEMENT_3D('',#6272,#6273,#6274);
#6272=CARTESIAN_POINT('',(6.795,-3.81,2.659));
#6273=DIRECTION('',(0.0,0.0,1.0));
#6274=DIRECTION('',(0.,1.,0.));
#6275=FACE_OUTER_BOUND('',#6276,.T.);
#6276=EDGE_LOOP('',(#6277,#6287,#6297,#6307));
#6282=CARTESIAN_POINT('',(6.795,-3.81,2.659));
#6281=VERTEX_POINT('',#6282);
#6278=EDGE_CURVE('',#6250,#6281,#6283,.T.);
#6283=LINE('',#6251,#6285);
#6285=VECTOR('',#6286,1.650873);
#6286=DIRECTION('',(-1.0,0.0,0.0));
#6277=ORIENTED_EDGE('',*,*,#6278,.F.);
#6287=ORIENTED_EDGE('',*,*,#6249,.T.);
#6300=CARTESIAN_POINT('',(6.795,-1.27,2.659));
#6299=VERTEX_POINT('',#6300);
#6298=EDGE_CURVE('',#6299,#6240,#6303,.T.);
#6303=LINE('',#6300,#6305);
#6305=VECTOR('',#6306,1.650873);
#6306=DIRECTION('',(1.0,0.0,0.0));
#6297=ORIENTED_EDGE('',*,*,#6298,.F.);
#6308=EDGE_CURVE('',#6281,#6299,#6313,.T.);
#6313=LINE('',#6282,#6315);
#6315=VECTOR('',#6316,2.54);
#6316=DIRECTION('',(0.0,1.0,0.0));
#6307=ORIENTED_EDGE('',*,*,#6308,.F.);
#6317=STYLED_ITEM('',(#43),#6318);
#6318=ADVANCED_FACE('',(#6324),#6319,.T.);
#6319=PLANE('',#6320);
#6320=AXIS2_PLACEMENT_3D('',#6321,#6322,#6323);
#6321=CARTESIAN_POINT('',(6.35,-3.62,2.393));
#6322=DIRECTION('',(-0.513,0.0,0.858));
#6323=DIRECTION('',(0.,0.,1.));
#6324=FACE_OUTER_BOUND('',#6325,.T.);
#6325=EDGE_LOOP('',(#6326,#6336,#6346,#6356));
#6331=CARTESIAN_POINT('',(6.35,-3.62,2.393));
#6330=VERTEX_POINT('',#6331);
#6327=EDGE_CURVE('',#6281,#6330,#6332,.T.);
#6332=LINE('',#6282,#6334);
#6334=VECTOR('',#6335,0.551888231033264);
#6335=DIRECTION('',(-0.806,0.345,-0.482));
#6326=ORIENTED_EDGE('',*,*,#6327,.F.);
#6336=ORIENTED_EDGE('',*,*,#6308,.T.);
#6349=CARTESIAN_POINT('',(6.35,-1.46,2.393));
#6348=VERTEX_POINT('',#6349);
#6347=EDGE_CURVE('',#6348,#6299,#6352,.T.);
#6352=LINE('',#6349,#6354);
#6354=VECTOR('',#6355,0.551888231033264);
#6355=DIRECTION('',(0.806,0.345,0.482));
#6346=ORIENTED_EDGE('',*,*,#6347,.F.);
#6357=EDGE_CURVE('',#6330,#6348,#6362,.T.);
#6362=LINE('',#6331,#6364);
#6364=VECTOR('',#6365,2.159127);
#6365=DIRECTION('',(0.0,1.0,0.0));
#6356=ORIENTED_EDGE('',*,*,#6357,.F.);
#6366=STYLED_ITEM('',(#43),#6367);
#6367=ADVANCED_FACE('',(#6373),#6368,.T.);
#6368=PLANE('',#6369);
#6369=AXIS2_PLACEMENT_3D('',#6370,#6371,#6372);
#6370=CARTESIAN_POINT('',(8.89,-1.46,0.665));
#6371=DIRECTION('',(0.394,0.919,0.0));
#6372=DIRECTION('',(0.,0.,1.));
#6373=FACE_OUTER_BOUND('',#6374,.T.);
#6374=EDGE_LOOP('',(#6375,#6385,#6395,#6405));
#6378=CARTESIAN_POINT('',(8.445,-1.27,0.0));
#6377=VERTEX_POINT('',#6378);
#6376=EDGE_CURVE('',#6377,#5887,#6381,.T.);
#6381=LINE('',#6378,#6383);
#6383=VECTOR('',#6384,0.821972840407628);
#6384=DIRECTION('',(0.541,-0.232,0.809));
#6375=ORIENTED_EDGE('',*,*,#6376,.F.);
#6386=EDGE_CURVE('',#6240,#6377,#6391,.T.);
#6391=LINE('',#6241,#6393);
#6393=VECTOR('',#6394,2.6585306748);
#6394=DIRECTION('',(0.0,0.0,-1.0));
#6385=ORIENTED_EDGE('',*,*,#6386,.F.);
#6395=ORIENTED_EDGE('',*,*,#6239,.T.);
#6405=ORIENTED_EDGE('',*,*,#5896,.T.);
#6415=STYLED_ITEM('',(#43),#6416);
#6416=ADVANCED_FACE('',(#6422),#6417,.T.);
#6417=PLANE('',#6418);
#6418=AXIS2_PLACEMENT_3D('',#6419,#6420,#6421);
#6419=CARTESIAN_POINT('',(8.445,-1.27,0.0));
#6420=DIRECTION('',(0.0,1.0,0.0));
#6421=DIRECTION('',(0.,0.,1.));
#6422=FACE_OUTER_BOUND('',#6423,.T.);
#6423=EDGE_LOOP('',(#6424,#6434,#6444,#6454));
#6427=CARTESIAN_POINT('',(6.795,-1.27,0.0));
#6426=VERTEX_POINT('',#6427);
#6425=EDGE_CURVE('',#6426,#6377,#6430,.T.);
#6430=LINE('',#6427,#6432);
#6432=VECTOR('',#6433,1.650873);
#6433=DIRECTION('',(1.0,0.0,0.0));
#6424=ORIENTED_EDGE('',*,*,#6425,.F.);
#6435=EDGE_CURVE('',#6299,#6426,#6440,.T.);
#6440=LINE('',#6300,#6442);
#6442=VECTOR('',#6443,2.6585306748);
#6443=DIRECTION('',(0.0,0.0,-1.0));
#6434=ORIENTED_EDGE('',*,*,#6435,.F.);
#6444=ORIENTED_EDGE('',*,*,#6298,.T.);
#6454=ORIENTED_EDGE('',*,*,#6386,.T.);
#6464=STYLED_ITEM('',(#43),#6465);
#6465=ADVANCED_FACE('',(#6471),#6466,.T.);
#6466=PLANE('',#6467);
#6467=AXIS2_PLACEMENT_3D('',#6468,#6469,#6470);
#6468=CARTESIAN_POINT('',(6.795,-1.27,0.0));
#6469=DIRECTION('',(-0.394,0.919,0.0));
#6470=DIRECTION('',(0.,0.,1.));
#6471=FACE_OUTER_BOUND('',#6472,.T.);
#6472=EDGE_LOOP('',(#6473,#6483,#6493,#6503));
#6476=CARTESIAN_POINT('',(6.35,-1.46,0.665));
#6475=VERTEX_POINT('',#6476);
#6474=EDGE_CURVE('',#6475,#6426,#6479,.T.);
#6479=LINE('',#6476,#6481);
#6481=VECTOR('',#6482,0.821972840407628);
#6482=DIRECTION('',(0.541,0.232,-0.809));
#6473=ORIENTED_EDGE('',*,*,#6474,.F.);
#6484=EDGE_CURVE('',#6348,#6475,#6489,.T.);
#6489=LINE('',#6349,#6491);
#6491=VECTOR('',#6492,1.72804493862);
#6492=DIRECTION('',(0.0,0.0,-1.0));
#6483=ORIENTED_EDGE('',*,*,#6484,.F.);
#6493=ORIENTED_EDGE('',*,*,#6347,.T.);
#6503=ORIENTED_EDGE('',*,*,#6435,.T.);
#6513=STYLED_ITEM('',(#43),#6514);
#6514=ADVANCED_FACE('',(#6520),#6515,.T.);
#6515=PLANE('',#6516);
#6516=AXIS2_PLACEMENT_3D('',#6517,#6518,#6519);
#6517=CARTESIAN_POINT('',(6.35,-3.62,0.665));
#6518=DIRECTION('',(-0.394,-0.919,0.0));
#6519=DIRECTION('',(0.,0.,1.));
#6520=FACE_OUTER_BOUND('',#6521,.T.);
#6521=EDGE_LOOP('',(#6522,#6532,#6542,#6552));
#6525=CARTESIAN_POINT('',(6.795,-3.81,0.0));
#6524=VERTEX_POINT('',#6525);
#6527=CARTESIAN_POINT('',(6.35,-3.62,0.665));
#6526=VERTEX_POINT('',#6527);
#6523=EDGE_CURVE('',#6524,#6526,#6528,.T.);
#6528=LINE('',#6525,#6530);
#6530=VECTOR('',#6531,0.821972840407628);
#6531=DIRECTION('',(-0.541,0.232,0.809));
#6522=ORIENTED_EDGE('',*,*,#6523,.F.);
#6533=EDGE_CURVE('',#6281,#6524,#6538,.T.);
#6538=LINE('',#6282,#6540);
#6540=VECTOR('',#6541,2.6585306748);
#6541=DIRECTION('',(0.0,0.0,-1.0));
#6532=ORIENTED_EDGE('',*,*,#6533,.F.);
#6542=ORIENTED_EDGE('',*,*,#6327,.T.);
#6553=EDGE_CURVE('',#6526,#6330,#6558,.T.);
#6558=LINE('',#6527,#6560);
#6560=VECTOR('',#6561,1.72804493862);
#6561=DIRECTION('',(0.0,0.0,1.0));
#6552=ORIENTED_EDGE('',*,*,#6553,.F.);
#6562=STYLED_ITEM('',(#43),#6563);
#6563=ADVANCED_FACE('',(#6569),#6564,.T.);
#6564=PLANE('',#6565);
#6565=AXIS2_PLACEMENT_3D('',#6566,#6567,#6568);
#6566=CARTESIAN_POINT('',(6.795,-3.81,0.0));
#6567=DIRECTION('',(0.0,-1.0,0.0));
#6568=DIRECTION('',(0.,0.,1.));
#6569=FACE_OUTER_BOUND('',#6570,.T.);
#6570=EDGE_LOOP('',(#6571,#6581,#6591,#6601));
#6574=CARTESIAN_POINT('',(8.445,-3.81,0.0));
#6573=VERTEX_POINT('',#6574);
#6572=EDGE_CURVE('',#6573,#6524,#6577,.T.);
#6577=LINE('',#6574,#6579);
#6579=VECTOR('',#6580,1.650873);
#6580=DIRECTION('',(-1.0,0.0,0.0));
#6571=ORIENTED_EDGE('',*,*,#6572,.F.);
#6582=EDGE_CURVE('',#6250,#6573,#6587,.T.);
#6587=LINE('',#6251,#6589);
#6589=VECTOR('',#6590,2.6585306748);
#6590=DIRECTION('',(0.0,0.0,-1.0));
#6581=ORIENTED_EDGE('',*,*,#6582,.F.);
#6591=ORIENTED_EDGE('',*,*,#6278,.T.);
#6601=ORIENTED_EDGE('',*,*,#6533,.T.);
#6611=STYLED_ITEM('',(#43),#6612);
#6612=ADVANCED_FACE('',(#6618),#6613,.T.);
#6613=PLANE('',#6614);
#6614=AXIS2_PLACEMENT_3D('',#6615,#6616,#6617);
#6615=CARTESIAN_POINT('',(8.445,-3.81,0.0));
#6616=DIRECTION('',(0.394,-0.919,0.0));
#6617=DIRECTION('',(0.,0.,1.));
#6618=FACE_OUTER_BOUND('',#6619,.T.);
#6619=EDGE_LOOP('',(#6620,#6630,#6640,#6650));
#6621=EDGE_CURVE('',#5938,#6573,#6626,.T.);
#6626=LINE('',#5939,#6628);
#6628=VECTOR('',#6629,0.821972840407628);
#6629=DIRECTION('',(-0.541,-0.232,-0.809));
#6620=ORIENTED_EDGE('',*,*,#6621,.F.);
#6630=ORIENTED_EDGE('',*,*,#5965,.T.);
#6640=ORIENTED_EDGE('',*,*,#6259,.T.);
#6650=ORIENTED_EDGE('',*,*,#6582,.T.);
#6660=STYLED_ITEM('',(#43),#6661);
#6661=ADVANCED_FACE('',(#6667),#6662,.T.);
#6662=PLANE('',#6663);
#6663=AXIS2_PLACEMENT_3D('',#6664,#6665,#6666);
#6664=CARTESIAN_POINT('',(8.445,-3.81,0.0));
#6665=DIRECTION('',(0.831,0.0,-0.556));
#6666=DIRECTION('',(0.,0.,1.));
#6667=FACE_OUTER_BOUND('',#6668,.T.);
#6668=EDGE_LOOP('',(#6669,#6679,#6689,#6699));
#6670=EDGE_CURVE('',#6377,#6573,#6675,.T.);
#6675=LINE('',#6378,#6677);
#6677=VECTOR('',#6678,2.54);
#6678=DIRECTION('',(0.0,-1.0,0.0));
#6669=ORIENTED_EDGE('',*,*,#6670,.F.);
#6679=ORIENTED_EDGE('',*,*,#6376,.T.);
#6689=ORIENTED_EDGE('',*,*,#6200,.T.);
#6699=ORIENTED_EDGE('',*,*,#6621,.T.);
#6709=STYLED_ITEM('',(#43),#6710);
#6710=ADVANCED_FACE('',(#6716),#6711,.T.);
#6711=PLANE('',#6712);
#6712=AXIS2_PLACEMENT_3D('',#6713,#6714,#6715);
#6713=CARTESIAN_POINT('',(6.795,-1.27,0.0));
#6714=DIRECTION('',(0.0,0.0,-1.0));
#6715=DIRECTION('',(0.,1.,0.));
#6716=FACE_OUTER_BOUND('',#6717,.T.);
#6717=EDGE_LOOP('',(#6718,#6728,#6738,#6748));
#6718=ORIENTED_EDGE('',*,*,#6425,.T.);
#6728=ORIENTED_EDGE('',*,*,#6670,.T.);
#6738=ORIENTED_EDGE('',*,*,#6572,.T.);
#6749=EDGE_CURVE('',#6426,#6524,#6754,.T.);
#6754=LINE('',#6427,#6756);
#6756=VECTOR('',#6757,2.54);
#6757=DIRECTION('',(0.0,-1.0,0.0));
#6748=ORIENTED_EDGE('',*,*,#6749,.F.);
#6758=STYLED_ITEM('',(#43),#6759);
#6759=ADVANCED_FACE('',(#6765),#6760,.T.);
#6760=PLANE('',#6761);
#6761=AXIS2_PLACEMENT_3D('',#6762,#6763,#6764);
#6762=CARTESIAN_POINT('',(6.795,-1.27,0.0));
#6763=DIRECTION('',(-0.831,0.0,-0.556));
#6764=DIRECTION('',(0.,0.,1.));
#6765=FACE_OUTER_BOUND('',#6766,.T.);
#6766=EDGE_LOOP('',(#6767,#6777,#6787,#6797));
#6767=ORIENTED_EDGE('',*,*,#6749,.T.);
#6777=ORIENTED_EDGE('',*,*,#6523,.T.);
#6788=EDGE_CURVE('',#6475,#6526,#6793,.T.);
#6793=LINE('',#6476,#6795);
#6795=VECTOR('',#6796,2.159127);
#6796=DIRECTION('',(0.0,-1.0,0.0));
#6787=ORIENTED_EDGE('',*,*,#6788,.F.);
#6797=ORIENTED_EDGE('',*,*,#6474,.T.);
#6807=STYLED_ITEM('',(#43),#6808);
#6808=ADVANCED_FACE('',(#6814),#6809,.T.);
#6809=PLANE('',#6810);
#6810=AXIS2_PLACEMENT_3D('',#6811,#6812,#6813);
#6811=CARTESIAN_POINT('',(6.35,-3.62,2.393));
#6812=DIRECTION('',(0.513,0.0,0.858));
#6813=DIRECTION('',(0.,0.,1.));
#6814=FACE_OUTER_BOUND('',#6815,.T.);
#6815=EDGE_LOOP('',(#6816,#6826,#6836,#6846));
#6816=ORIENTED_EDGE('',*,*,#6357,.T.);
#6829=CARTESIAN_POINT('',(5.905,-1.27,2.659));
#6828=VERTEX_POINT('',#6829);
#6827=EDGE_CURVE('',#6828,#6348,#6832,.T.);
#6832=LINE('',#6829,#6834);
#6834=VECTOR('',#6835,0.551888231033264);
#6835=DIRECTION('',(0.806,-0.345,-0.482));
#6826=ORIENTED_EDGE('',*,*,#6827,.F.);
#6839=CARTESIAN_POINT('',(5.905,-3.81,2.659));
#6838=VERTEX_POINT('',#6839);
#6837=EDGE_CURVE('',#6838,#6828,#6842,.T.);
#6842=LINE('',#6839,#6844);
#6844=VECTOR('',#6845,2.54);
#6845=DIRECTION('',(0.0,1.0,0.0));
#6836=ORIENTED_EDGE('',*,*,#6837,.F.);
#6847=EDGE_CURVE('',#6330,#6838,#6852,.T.);
#6852=LINE('',#6331,#6854);
#6854=VECTOR('',#6855,0.551888231033264);
#6855=DIRECTION('',(-0.806,-0.345,0.482));
#6846=ORIENTED_EDGE('',*,*,#6847,.F.);
#6856=STYLED_ITEM('',(#43),#6857);
#6857=ADVANCED_FACE('',(#6863),#6858,.T.);
#6858=PLANE('',#6859);
#6859=AXIS2_PLACEMENT_3D('',#6860,#6861,#6862);
#6860=CARTESIAN_POINT('',(4.255,-3.81,2.659));
#6861=DIRECTION('',(0.0,0.0,1.0));
#6862=DIRECTION('',(0.,1.,0.));
#6863=FACE_OUTER_BOUND('',#6864,.T.);
#6864=EDGE_LOOP('',(#6865,#6875,#6885,#6895));
#6870=CARTESIAN_POINT('',(4.255,-3.81,2.659));
#6869=VERTEX_POINT('',#6870);
#6866=EDGE_CURVE('',#6838,#6869,#6871,.T.);
#6871=LINE('',#6839,#6873);
#6873=VECTOR('',#6874,1.650873);
#6874=DIRECTION('',(-1.0,0.0,0.0));
#6865=ORIENTED_EDGE('',*,*,#6866,.F.);
#6875=ORIENTED_EDGE('',*,*,#6837,.T.);
#6888=CARTESIAN_POINT('',(4.255,-1.27,2.659));
#6887=VERTEX_POINT('',#6888);
#6886=EDGE_CURVE('',#6887,#6828,#6891,.T.);
#6891=LINE('',#6888,#6893);
#6893=VECTOR('',#6894,1.650873);
#6894=DIRECTION('',(1.0,0.0,0.0));
#6885=ORIENTED_EDGE('',*,*,#6886,.F.);
#6896=EDGE_CURVE('',#6869,#6887,#6901,.T.);
#6901=LINE('',#6870,#6903);
#6903=VECTOR('',#6904,2.54);
#6904=DIRECTION('',(0.0,1.0,0.0));
#6895=ORIENTED_EDGE('',*,*,#6896,.F.);
#6905=STYLED_ITEM('',(#43),#6906);
#6906=ADVANCED_FACE('',(#6912),#6907,.T.);
#6907=PLANE('',#6908);
#6908=AXIS2_PLACEMENT_3D('',#6909,#6910,#6911);
#6909=CARTESIAN_POINT('',(3.81,-3.62,2.393));
#6910=DIRECTION('',(-0.513,0.0,0.858));
#6911=DIRECTION('',(0.,0.,1.));
#6912=FACE_OUTER_BOUND('',#6913,.T.);
#6913=EDGE_LOOP('',(#6914,#6924,#6934,#6944));
#6919=CARTESIAN_POINT('',(3.81,-3.62,2.393));
#6918=VERTEX_POINT('',#6919);
#6915=EDGE_CURVE('',#6869,#6918,#6920,.T.);
#6920=LINE('',#6870,#6922);
#6922=VECTOR('',#6923,0.551888231033264);
#6923=DIRECTION('',(-0.806,0.345,-0.482));
#6914=ORIENTED_EDGE('',*,*,#6915,.F.);
#6924=ORIENTED_EDGE('',*,*,#6896,.T.);
#6937=CARTESIAN_POINT('',(3.81,-1.46,2.393));
#6936=VERTEX_POINT('',#6937);
#6935=EDGE_CURVE('',#6936,#6887,#6940,.T.);
#6940=LINE('',#6937,#6942);
#6942=VECTOR('',#6943,0.551888231033264);
#6943=DIRECTION('',(0.806,0.345,0.482));
#6934=ORIENTED_EDGE('',*,*,#6935,.F.);
#6945=EDGE_CURVE('',#6918,#6936,#6950,.T.);
#6950=LINE('',#6919,#6952);
#6952=VECTOR('',#6953,2.159127);
#6953=DIRECTION('',(0.0,1.0,0.0));
#6944=ORIENTED_EDGE('',*,*,#6945,.F.);
#6954=STYLED_ITEM('',(#43),#6955);
#6955=ADVANCED_FACE('',(#6961),#6956,.T.);
#6956=PLANE('',#6957);
#6957=AXIS2_PLACEMENT_3D('',#6958,#6959,#6960);
#6958=CARTESIAN_POINT('',(6.35,-1.46,0.665));
#6959=DIRECTION('',(0.394,0.919,0.0));
#6960=DIRECTION('',(0.,0.,1.));
#6961=FACE_OUTER_BOUND('',#6962,.T.);
#6962=EDGE_LOOP('',(#6963,#6973,#6983,#6993));
#6966=CARTESIAN_POINT('',(5.905,-1.27,0.0));
#6965=VERTEX_POINT('',#6966);
#6964=EDGE_CURVE('',#6965,#6475,#6969,.T.);
#6969=LINE('',#6966,#6971);
#6971=VECTOR('',#6972,0.821972840407628);
#6972=DIRECTION('',(0.541,-0.232,0.809));
#6963=ORIENTED_EDGE('',*,*,#6964,.F.);
#6974=EDGE_CURVE('',#6828,#6965,#6979,.T.);
#6979=LINE('',#6829,#6981);
#6981=VECTOR('',#6982,2.6585306748);
#6982=DIRECTION('',(0.0,0.0,-1.0));
#6973=ORIENTED_EDGE('',*,*,#6974,.F.);
#6983=ORIENTED_EDGE('',*,*,#6827,.T.);
#6993=ORIENTED_EDGE('',*,*,#6484,.T.);
#7003=STYLED_ITEM('',(#43),#7004);
#7004=ADVANCED_FACE('',(#7010),#7005,.T.);
#7005=PLANE('',#7006);
#7006=AXIS2_PLACEMENT_3D('',#7007,#7008,#7009);
#7007=CARTESIAN_POINT('',(5.905,-1.27,0.0));
#7008=DIRECTION('',(0.0,1.0,0.0));
#7009=DIRECTION('',(0.,0.,1.));
#7010=FACE_OUTER_BOUND('',#7011,.T.);
#7011=EDGE_LOOP('',(#7012,#7022,#7032,#7042));
#7015=CARTESIAN_POINT('',(4.255,-1.27,0.0));
#7014=VERTEX_POINT('',#7015);
#7013=EDGE_CURVE('',#7014,#6965,#7018,.T.);
#7018=LINE('',#7015,#7020);
#7020=VECTOR('',#7021,1.650873);
#7021=DIRECTION('',(1.0,0.0,0.0));
#7012=ORIENTED_EDGE('',*,*,#7013,.F.);
#7023=EDGE_CURVE('',#6887,#7014,#7028,.T.);
#7028=LINE('',#6888,#7030);
#7030=VECTOR('',#7031,2.6585306748);
#7031=DIRECTION('',(0.0,0.0,-1.0));
#7022=ORIENTED_EDGE('',*,*,#7023,.F.);
#7032=ORIENTED_EDGE('',*,*,#6886,.T.);
#7042=ORIENTED_EDGE('',*,*,#6974,.T.);
#7052=STYLED_ITEM('',(#43),#7053);
#7053=ADVANCED_FACE('',(#7059),#7054,.T.);
#7054=PLANE('',#7055);
#7055=AXIS2_PLACEMENT_3D('',#7056,#7057,#7058);
#7056=CARTESIAN_POINT('',(4.255,-1.27,0.0));
#7057=DIRECTION('',(-0.394,0.919,0.0));
#7058=DIRECTION('',(0.,0.,1.));
#7059=FACE_OUTER_BOUND('',#7060,.T.);
#7060=EDGE_LOOP('',(#7061,#7071,#7081,#7091));
#7064=CARTESIAN_POINT('',(3.81,-1.46,0.665));
#7063=VERTEX_POINT('',#7064);
#7062=EDGE_CURVE('',#7063,#7014,#7067,.T.);
#7067=LINE('',#7064,#7069);
#7069=VECTOR('',#7070,0.821972840407628);
#7070=DIRECTION('',(0.541,0.232,-0.809));
#7061=ORIENTED_EDGE('',*,*,#7062,.F.);
#7072=EDGE_CURVE('',#6936,#7063,#7077,.T.);
#7077=LINE('',#6937,#7079);
#7079=VECTOR('',#7080,1.72804493862);
#7080=DIRECTION('',(0.0,0.0,-1.0));
#7071=ORIENTED_EDGE('',*,*,#7072,.F.);
#7081=ORIENTED_EDGE('',*,*,#6935,.T.);
#7091=ORIENTED_EDGE('',*,*,#7023,.T.);
#7101=STYLED_ITEM('',(#43),#7102);
#7102=ADVANCED_FACE('',(#7108),#7103,.T.);
#7103=PLANE('',#7104);
#7104=AXIS2_PLACEMENT_3D('',#7105,#7106,#7107);
#7105=CARTESIAN_POINT('',(3.81,-3.62,0.665));
#7106=DIRECTION('',(-0.394,-0.919,0.0));
#7107=DIRECTION('',(0.,0.,1.));
#7108=FACE_OUTER_BOUND('',#7109,.T.);
#7109=EDGE_LOOP('',(#7110,#7120,#7130,#7140));
#7113=CARTESIAN_POINT('',(4.255,-3.81,0.0));
#7112=VERTEX_POINT('',#7113);
#7115=CARTESIAN_POINT('',(3.81,-3.62,0.665));
#7114=VERTEX_POINT('',#7115);
#7111=EDGE_CURVE('',#7112,#7114,#7116,.T.);
#7116=LINE('',#7113,#7118);
#7118=VECTOR('',#7119,0.821972840407628);
#7119=DIRECTION('',(-0.541,0.232,0.809));
#7110=ORIENTED_EDGE('',*,*,#7111,.F.);
#7121=EDGE_CURVE('',#6869,#7112,#7126,.T.);
#7126=LINE('',#6870,#7128);
#7128=VECTOR('',#7129,2.6585306748);
#7129=DIRECTION('',(0.0,0.0,-1.0));
#7120=ORIENTED_EDGE('',*,*,#7121,.F.);
#7130=ORIENTED_EDGE('',*,*,#6915,.T.);
#7141=EDGE_CURVE('',#7114,#6918,#7146,.T.);
#7146=LINE('',#7115,#7148);
#7148=VECTOR('',#7149,1.72804493862);
#7149=DIRECTION('',(0.0,0.0,1.0));
#7140=ORIENTED_EDGE('',*,*,#7141,.F.);
#7150=STYLED_ITEM('',(#43),#7151);
#7151=ADVANCED_FACE('',(#7157),#7152,.T.);
#7152=PLANE('',#7153);
#7153=AXIS2_PLACEMENT_3D('',#7154,#7155,#7156);
#7154=CARTESIAN_POINT('',(4.255,-3.81,0.0));
#7155=DIRECTION('',(0.0,-1.0,0.0));
#7156=DIRECTION('',(0.,0.,1.));
#7157=FACE_OUTER_BOUND('',#7158,.T.);
#7158=EDGE_LOOP('',(#7159,#7169,#7179,#7189));
#7162=CARTESIAN_POINT('',(5.905,-3.81,0.0));
#7161=VERTEX_POINT('',#7162);
#7160=EDGE_CURVE('',#7161,#7112,#7165,.T.);
#7165=LINE('',#7162,#7167);
#7167=VECTOR('',#7168,1.650873);
#7168=DIRECTION('',(-1.0,0.0,0.0));
#7159=ORIENTED_EDGE('',*,*,#7160,.F.);
#7170=EDGE_CURVE('',#6838,#7161,#7175,.T.);
#7175=LINE('',#6839,#7177);
#7177=VECTOR('',#7178,2.6585306748);
#7178=DIRECTION('',(0.0,0.0,-1.0));
#7169=ORIENTED_EDGE('',*,*,#7170,.F.);
#7179=ORIENTED_EDGE('',*,*,#6866,.T.);
#7189=ORIENTED_EDGE('',*,*,#7121,.T.);
#7199=STYLED_ITEM('',(#43),#7200);
#7200=ADVANCED_FACE('',(#7206),#7201,.T.);
#7201=PLANE('',#7202);
#7202=AXIS2_PLACEMENT_3D('',#7203,#7204,#7205);
#7203=CARTESIAN_POINT('',(5.905,-3.81,0.0));
#7204=DIRECTION('',(0.394,-0.919,0.0));
#7205=DIRECTION('',(0.,0.,1.));
#7206=FACE_OUTER_BOUND('',#7207,.T.);
#7207=EDGE_LOOP('',(#7208,#7218,#7228,#7238));
#7209=EDGE_CURVE('',#6526,#7161,#7214,.T.);
#7214=LINE('',#6527,#7216);
#7216=VECTOR('',#7217,0.821972840407628);
#7217=DIRECTION('',(-0.541,-0.232,-0.809));
#7208=ORIENTED_EDGE('',*,*,#7209,.F.);
#7218=ORIENTED_EDGE('',*,*,#6553,.T.);
#7228=ORIENTED_EDGE('',*,*,#6847,.T.);
#7238=ORIENTED_EDGE('',*,*,#7170,.T.);
#7248=STYLED_ITEM('',(#43),#7249);
#7249=ADVANCED_FACE('',(#7255),#7250,.T.);
#7250=PLANE('',#7251);
#7251=AXIS2_PLACEMENT_3D('',#7252,#7253,#7254);
#7252=CARTESIAN_POINT('',(5.905,-3.81,0.0));
#7253=DIRECTION('',(0.831,0.0,-0.556));
#7254=DIRECTION('',(0.,0.,1.));
#7255=FACE_OUTER_BOUND('',#7256,.T.);
#7256=EDGE_LOOP('',(#7257,#7267,#7277,#7287));
#7258=EDGE_CURVE('',#6965,#7161,#7263,.T.);
#7263=LINE('',#6966,#7265);
#7265=VECTOR('',#7266,2.54);
#7266=DIRECTION('',(0.0,-1.0,0.0));
#7257=ORIENTED_EDGE('',*,*,#7258,.F.);
#7267=ORIENTED_EDGE('',*,*,#6964,.T.);
#7277=ORIENTED_EDGE('',*,*,#6788,.T.);
#7287=ORIENTED_EDGE('',*,*,#7209,.T.);
#7297=STYLED_ITEM('',(#43),#7298);
#7298=ADVANCED_FACE('',(#7304),#7299,.T.);
#7299=PLANE('',#7300);
#7300=AXIS2_PLACEMENT_3D('',#7301,#7302,#7303);
#7301=CARTESIAN_POINT('',(4.255,-1.27,0.0));
#7302=DIRECTION('',(0.0,0.0,-1.0));
#7303=DIRECTION('',(0.,1.,0.));
#7304=FACE_OUTER_BOUND('',#7305,.T.);
#7305=EDGE_LOOP('',(#7306,#7316,#7326,#7336));
#7306=ORIENTED_EDGE('',*,*,#7013,.T.);
#7316=ORIENTED_EDGE('',*,*,#7258,.T.);
#7326=ORIENTED_EDGE('',*,*,#7160,.T.);
#7337=EDGE_CURVE('',#7014,#7112,#7342,.T.);
#7342=LINE('',#7015,#7344);
#7344=VECTOR('',#7345,2.54);
#7345=DIRECTION('',(0.0,-1.0,0.0));
#7336=ORIENTED_EDGE('',*,*,#7337,.F.);
#7346=STYLED_ITEM('',(#43),#7347);
#7347=ADVANCED_FACE('',(#7353),#7348,.T.);
#7348=PLANE('',#7349);
#7349=AXIS2_PLACEMENT_3D('',#7350,#7351,#7352);
#7350=CARTESIAN_POINT('',(4.255,-1.27,0.0));
#7351=DIRECTION('',(-0.831,0.0,-0.556));
#7352=DIRECTION('',(0.,0.,1.));
#7353=FACE_OUTER_BOUND('',#7354,.T.);
#7354=EDGE_LOOP('',(#7355,#7365,#7375,#7385));
#7355=ORIENTED_EDGE('',*,*,#7337,.T.);
#7365=ORIENTED_EDGE('',*,*,#7111,.T.);
#7376=EDGE_CURVE('',#7063,#7114,#7381,.T.);
#7381=LINE('',#7064,#7383);
#7383=VECTOR('',#7384,2.159127);
#7384=DIRECTION('',(0.0,-1.0,0.0));
#7375=ORIENTED_EDGE('',*,*,#7376,.F.);
#7385=ORIENTED_EDGE('',*,*,#7062,.T.);
#7395=STYLED_ITEM('',(#43),#7396);
#7396=ADVANCED_FACE('',(#7402),#7397,.T.);
#7397=PLANE('',#7398);
#7398=AXIS2_PLACEMENT_3D('',#7399,#7400,#7401);
#7399=CARTESIAN_POINT('',(3.81,-3.62,2.393));
#7400=DIRECTION('',(0.513,0.0,0.858));
#7401=DIRECTION('',(0.,0.,1.));
#7402=FACE_OUTER_BOUND('',#7403,.T.);
#7403=EDGE_LOOP('',(#7404,#7414,#7424,#7434));
#7404=ORIENTED_EDGE('',*,*,#6945,.T.);
#7417=CARTESIAN_POINT('',(3.365,-1.27,2.659));
#7416=VERTEX_POINT('',#7417);
#7415=EDGE_CURVE('',#7416,#6936,#7420,.T.);
#7420=LINE('',#7417,#7422);
#7422=VECTOR('',#7423,0.551888231033264);
#7423=DIRECTION('',(0.806,-0.345,-0.482));
#7414=ORIENTED_EDGE('',*,*,#7415,.F.);
#7427=CARTESIAN_POINT('',(3.365,-3.81,2.659));
#7426=VERTEX_POINT('',#7427);
#7425=EDGE_CURVE('',#7426,#7416,#7430,.T.);
#7430=LINE('',#7427,#7432);
#7432=VECTOR('',#7433,2.54);
#7433=DIRECTION('',(0.0,1.0,0.0));
#7424=ORIENTED_EDGE('',*,*,#7425,.F.);
#7435=EDGE_CURVE('',#6918,#7426,#7440,.T.);
#7440=LINE('',#6919,#7442);
#7442=VECTOR('',#7443,0.551888231033264);
#7443=DIRECTION('',(-0.806,-0.345,0.482));
#7434=ORIENTED_EDGE('',*,*,#7435,.F.);
#7444=STYLED_ITEM('',(#43),#7445);
#7445=ADVANCED_FACE('',(#7451),#7446,.T.);
#7446=PLANE('',#7447);
#7447=AXIS2_PLACEMENT_3D('',#7448,#7449,#7450);
#7448=CARTESIAN_POINT('',(1.715,-3.81,2.659));
#7449=DIRECTION('',(0.0,0.0,1.0));
#7450=DIRECTION('',(0.,1.,0.));
#7451=FACE_OUTER_BOUND('',#7452,.T.);
#7452=EDGE_LOOP('',(#7453,#7463,#7473,#7483));
#7458=CARTESIAN_POINT('',(1.715,-3.81,2.659));
#7457=VERTEX_POINT('',#7458);
#7454=EDGE_CURVE('',#7426,#7457,#7459,.T.);
#7459=LINE('',#7427,#7461);
#7461=VECTOR('',#7462,1.650873);
#7462=DIRECTION('',(-1.0,0.0,0.0));
#7453=ORIENTED_EDGE('',*,*,#7454,.F.);
#7463=ORIENTED_EDGE('',*,*,#7425,.T.);
#7476=CARTESIAN_POINT('',(1.715,-1.27,2.659));
#7475=VERTEX_POINT('',#7476);
#7474=EDGE_CURVE('',#7475,#7416,#7479,.T.);
#7479=LINE('',#7476,#7481);
#7481=VECTOR('',#7482,1.650873);
#7482=DIRECTION('',(1.0,0.0,0.0));
#7473=ORIENTED_EDGE('',*,*,#7474,.F.);
#7484=EDGE_CURVE('',#7457,#7475,#7489,.T.);
#7489=LINE('',#7458,#7491);
#7491=VECTOR('',#7492,2.54);
#7492=DIRECTION('',(0.0,1.0,0.0));
#7483=ORIENTED_EDGE('',*,*,#7484,.F.);
#7493=STYLED_ITEM('',(#43),#7494);
#7494=ADVANCED_FACE('',(#7500),#7495,.T.);
#7495=PLANE('',#7496);
#7496=AXIS2_PLACEMENT_3D('',#7497,#7498,#7499);
#7497=CARTESIAN_POINT('',(1.27,-3.62,2.393));
#7498=DIRECTION('',(-0.513,0.0,0.858));
#7499=DIRECTION('',(0.,0.,1.));
#7500=FACE_OUTER_BOUND('',#7501,.T.);
#7501=EDGE_LOOP('',(#7502,#7512,#7522,#7532));
#7507=CARTESIAN_POINT('',(1.27,-3.62,2.393));
#7506=VERTEX_POINT('',#7507);
#7503=EDGE_CURVE('',#7457,#7506,#7508,.T.);
#7508=LINE('',#7458,#7510);
#7510=VECTOR('',#7511,0.551888231033264);
#7511=DIRECTION('',(-0.806,0.345,-0.482));
#7502=ORIENTED_EDGE('',*,*,#7503,.F.);
#7512=ORIENTED_EDGE('',*,*,#7484,.T.);
#7525=CARTESIAN_POINT('',(1.27,-1.46,2.393));
#7524=VERTEX_POINT('',#7525);
#7523=EDGE_CURVE('',#7524,#7475,#7528,.T.);
#7528=LINE('',#7525,#7530);
#7530=VECTOR('',#7531,0.551888231033264);
#7531=DIRECTION('',(0.806,0.345,0.482));
#7522=ORIENTED_EDGE('',*,*,#7523,.F.);
#7533=EDGE_CURVE('',#7506,#7524,#7538,.T.);
#7538=LINE('',#7507,#7540);
#7540=VECTOR('',#7541,2.159127);
#7541=DIRECTION('',(0.0,1.0,0.0));
#7532=ORIENTED_EDGE('',*,*,#7533,.F.);
#7542=STYLED_ITEM('',(#43),#7543);
#7543=ADVANCED_FACE('',(#7549),#7544,.T.);
#7544=PLANE('',#7545);
#7545=AXIS2_PLACEMENT_3D('',#7546,#7547,#7548);
#7546=CARTESIAN_POINT('',(3.81,-1.46,0.665));
#7547=DIRECTION('',(0.394,0.919,0.0));
#7548=DIRECTION('',(0.,0.,1.));
#7549=FACE_OUTER_BOUND('',#7550,.T.);
#7550=EDGE_LOOP('',(#7551,#7561,#7571,#7581));
#7554=CARTESIAN_POINT('',(3.365,-1.27,0.0));
#7553=VERTEX_POINT('',#7554);
#7552=EDGE_CURVE('',#7553,#7063,#7557,.T.);
#7557=LINE('',#7554,#7559);
#7559=VECTOR('',#7560,0.821972840407628);
#7560=DIRECTION('',(0.541,-0.232,0.809));
#7551=ORIENTED_EDGE('',*,*,#7552,.F.);
#7562=EDGE_CURVE('',#7416,#7553,#7567,.T.);
#7567=LINE('',#7417,#7569);
#7569=VECTOR('',#7570,2.6585306748);
#7570=DIRECTION('',(0.0,0.0,-1.0));
#7561=ORIENTED_EDGE('',*,*,#7562,.F.);
#7571=ORIENTED_EDGE('',*,*,#7415,.T.);
#7581=ORIENTED_EDGE('',*,*,#7072,.T.);
#7591=STYLED_ITEM('',(#43),#7592);
#7592=ADVANCED_FACE('',(#7598),#7593,.T.);
#7593=PLANE('',#7594);
#7594=AXIS2_PLACEMENT_3D('',#7595,#7596,#7597);
#7595=CARTESIAN_POINT('',(3.365,-1.27,0.0));
#7596=DIRECTION('',(0.0,1.0,0.0));
#7597=DIRECTION('',(0.,0.,1.));
#7598=FACE_OUTER_BOUND('',#7599,.T.);
#7599=EDGE_LOOP('',(#7600,#7610,#7620,#7630));
#7603=CARTESIAN_POINT('',(1.715,-1.27,0.0));
#7602=VERTEX_POINT('',#7603);
#7601=EDGE_CURVE('',#7602,#7553,#7606,.T.);
#7606=LINE('',#7603,#7608);
#7608=VECTOR('',#7609,1.650873);
#7609=DIRECTION('',(1.0,0.0,0.0));
#7600=ORIENTED_EDGE('',*,*,#7601,.F.);
#7611=EDGE_CURVE('',#7475,#7602,#7616,.T.);
#7616=LINE('',#7476,#7618);
#7618=VECTOR('',#7619,2.6585306748);
#7619=DIRECTION('',(0.0,0.0,-1.0));
#7610=ORIENTED_EDGE('',*,*,#7611,.F.);
#7620=ORIENTED_EDGE('',*,*,#7474,.T.);
#7630=ORIENTED_EDGE('',*,*,#7562,.T.);
#7640=STYLED_ITEM('',(#43),#7641);
#7641=ADVANCED_FACE('',(#7647),#7642,.T.);
#7642=PLANE('',#7643);
#7643=AXIS2_PLACEMENT_3D('',#7644,#7645,#7646);
#7644=CARTESIAN_POINT('',(1.715,-1.27,0.0));
#7645=DIRECTION('',(-0.394,0.919,0.0));
#7646=DIRECTION('',(0.,0.,1.));
#7647=FACE_OUTER_BOUND('',#7648,.T.);
#7648=EDGE_LOOP('',(#7649,#7659,#7669,#7679));
#7652=CARTESIAN_POINT('',(1.27,-1.46,0.665));
#7651=VERTEX_POINT('',#7652);
#7650=EDGE_CURVE('',#7651,#7602,#7655,.T.);
#7655=LINE('',#7652,#7657);
#7657=VECTOR('',#7658,0.821972840407628);
#7658=DIRECTION('',(0.541,0.232,-0.809));
#7649=ORIENTED_EDGE('',*,*,#7650,.F.);
#7660=EDGE_CURVE('',#7524,#7651,#7665,.T.);
#7665=LINE('',#7525,#7667);
#7667=VECTOR('',#7668,1.72804493862);
#7668=DIRECTION('',(0.0,0.0,-1.0));
#7659=ORIENTED_EDGE('',*,*,#7660,.F.);
#7669=ORIENTED_EDGE('',*,*,#7523,.T.);
#7679=ORIENTED_EDGE('',*,*,#7611,.T.);
#7689=STYLED_ITEM('',(#43),#7690);
#7690=ADVANCED_FACE('',(#7696),#7691,.T.);
#7691=PLANE('',#7692);
#7692=AXIS2_PLACEMENT_3D('',#7693,#7694,#7695);
#7693=CARTESIAN_POINT('',(1.27,-3.62,0.665));
#7694=DIRECTION('',(-0.394,-0.919,0.0));
#7695=DIRECTION('',(0.,0.,1.));
#7696=FACE_OUTER_BOUND('',#7697,.T.);
#7697=EDGE_LOOP('',(#7698,#7708,#7718,#7728));
#7701=CARTESIAN_POINT('',(1.715,-3.81,0.0));
#7700=VERTEX_POINT('',#7701);
#7703=CARTESIAN_POINT('',(1.27,-3.62,0.665));
#7702=VERTEX_POINT('',#7703);
#7699=EDGE_CURVE('',#7700,#7702,#7704,.T.);
#7704=LINE('',#7701,#7706);
#7706=VECTOR('',#7707,0.821972840407628);
#7707=DIRECTION('',(-0.541,0.232,0.809));
#7698=ORIENTED_EDGE('',*,*,#7699,.F.);
#7709=EDGE_CURVE('',#7457,#7700,#7714,.T.);
#7714=LINE('',#7458,#7716);
#7716=VECTOR('',#7717,2.6585306748);
#7717=DIRECTION('',(0.0,0.0,-1.0));
#7708=ORIENTED_EDGE('',*,*,#7709,.F.);
#7718=ORIENTED_EDGE('',*,*,#7503,.T.);
#7729=EDGE_CURVE('',#7702,#7506,#7734,.T.);
#7734=LINE('',#7703,#7736);
#7736=VECTOR('',#7737,1.72804493862);
#7737=DIRECTION('',(0.0,0.0,1.0));
#7728=ORIENTED_EDGE('',*,*,#7729,.F.);
#7738=STYLED_ITEM('',(#43),#7739);
#7739=ADVANCED_FACE('',(#7745),#7740,.T.);
#7740=PLANE('',#7741);
#7741=AXIS2_PLACEMENT_3D('',#7742,#7743,#7744);
#7742=CARTESIAN_POINT('',(1.715,-3.81,0.0));
#7743=DIRECTION('',(0.0,-1.0,0.0));
#7744=DIRECTION('',(0.,0.,1.));
#7745=FACE_OUTER_BOUND('',#7746,.T.);
#7746=EDGE_LOOP('',(#7747,#7757,#7767,#7777));
#7750=CARTESIAN_POINT('',(3.365,-3.81,0.0));
#7749=VERTEX_POINT('',#7750);
#7748=EDGE_CURVE('',#7749,#7700,#7753,.T.);
#7753=LINE('',#7750,#7755);
#7755=VECTOR('',#7756,1.650873);
#7756=DIRECTION('',(-1.0,0.0,0.0));
#7747=ORIENTED_EDGE('',*,*,#7748,.F.);
#7758=EDGE_CURVE('',#7426,#7749,#7763,.T.);
#7763=LINE('',#7427,#7765);
#7765=VECTOR('',#7766,2.6585306748);
#7766=DIRECTION('',(0.0,0.0,-1.0));
#7757=ORIENTED_EDGE('',*,*,#7758,.F.);
#7767=ORIENTED_EDGE('',*,*,#7454,.T.);
#7777=ORIENTED_EDGE('',*,*,#7709,.T.);
#7787=STYLED_ITEM('',(#43),#7788);
#7788=ADVANCED_FACE('',(#7794),#7789,.T.);
#7789=PLANE('',#7790);
#7790=AXIS2_PLACEMENT_3D('',#7791,#7792,#7793);
#7791=CARTESIAN_POINT('',(3.365,-3.81,0.0));
#7792=DIRECTION('',(0.394,-0.919,0.0));
#7793=DIRECTION('',(0.,0.,1.));
#7794=FACE_OUTER_BOUND('',#7795,.T.);
#7795=EDGE_LOOP('',(#7796,#7806,#7816,#7826));
#7797=EDGE_CURVE('',#7114,#7749,#7802,.T.);
#7802=LINE('',#7115,#7804);
#7804=VECTOR('',#7805,0.821972840407628);
#7805=DIRECTION('',(-0.541,-0.232,-0.809));
#7796=ORIENTED_EDGE('',*,*,#7797,.F.);
#7806=ORIENTED_EDGE('',*,*,#7141,.T.);
#7816=ORIENTED_EDGE('',*,*,#7435,.T.);
#7826=ORIENTED_EDGE('',*,*,#7758,.T.);
#7836=STYLED_ITEM('',(#43),#7837);
#7837=ADVANCED_FACE('',(#7843),#7838,.T.);
#7838=PLANE('',#7839);
#7839=AXIS2_PLACEMENT_3D('',#7840,#7841,#7842);
#7840=CARTESIAN_POINT('',(3.365,-3.81,0.0));
#7841=DIRECTION('',(0.831,0.0,-0.556));
#7842=DIRECTION('',(0.,0.,1.));
#7843=FACE_OUTER_BOUND('',#7844,.T.);
#7844=EDGE_LOOP('',(#7845,#7855,#7865,#7875));
#7846=EDGE_CURVE('',#7553,#7749,#7851,.T.);
#7851=LINE('',#7554,#7853);
#7853=VECTOR('',#7854,2.54);
#7854=DIRECTION('',(0.0,-1.0,0.0));
#7845=ORIENTED_EDGE('',*,*,#7846,.F.);
#7855=ORIENTED_EDGE('',*,*,#7552,.T.);
#7865=ORIENTED_EDGE('',*,*,#7376,.T.);
#7875=ORIENTED_EDGE('',*,*,#7797,.T.);
#7885=STYLED_ITEM('',(#43),#7886);
#7886=ADVANCED_FACE('',(#7892),#7887,.T.);
#7887=PLANE('',#7888);
#7888=AXIS2_PLACEMENT_3D('',#7889,#7890,#7891);
#7889=CARTESIAN_POINT('',(1.715,-1.27,0.0));
#7890=DIRECTION('',(0.0,0.0,-1.0));
#7891=DIRECTION('',(0.,1.,0.));
#7892=FACE_OUTER_BOUND('',#7893,.T.);
#7893=EDGE_LOOP('',(#7894,#7904,#7914,#7924));
#7894=ORIENTED_EDGE('',*,*,#7601,.T.);
#7904=ORIENTED_EDGE('',*,*,#7846,.T.);
#7914=ORIENTED_EDGE('',*,*,#7748,.T.);
#7925=EDGE_CURVE('',#7602,#7700,#7930,.T.);
#7930=LINE('',#7603,#7932);
#7932=VECTOR('',#7933,2.54);
#7933=DIRECTION('',(0.0,-1.0,0.0));
#7924=ORIENTED_EDGE('',*,*,#7925,.F.);
#7934=STYLED_ITEM('',(#43),#7935);
#7935=ADVANCED_FACE('',(#7941),#7936,.T.);
#7936=PLANE('',#7937);
#7937=AXIS2_PLACEMENT_3D('',#7938,#7939,#7940);
#7938=CARTESIAN_POINT('',(1.715,-1.27,0.0));
#7939=DIRECTION('',(-0.831,0.0,-0.556));
#7940=DIRECTION('',(0.,0.,1.));
#7941=FACE_OUTER_BOUND('',#7942,.T.);
#7942=EDGE_LOOP('',(#7943,#7953,#7963,#7973));
#7943=ORIENTED_EDGE('',*,*,#7925,.T.);
#7953=ORIENTED_EDGE('',*,*,#7699,.T.);
#7964=EDGE_CURVE('',#7651,#7702,#7969,.T.);
#7969=LINE('',#7652,#7971);
#7971=VECTOR('',#7972,2.159127);
#7972=DIRECTION('',(0.0,-1.0,0.0));
#7963=ORIENTED_EDGE('',*,*,#7964,.F.);
#7973=ORIENTED_EDGE('',*,*,#7650,.T.);
#7983=STYLED_ITEM('',(#43),#7984);
#7984=ADVANCED_FACE('',(#7990),#7985,.T.);
#7985=PLANE('',#7986);
#7986=AXIS2_PLACEMENT_3D('',#7987,#7988,#7989);
#7987=CARTESIAN_POINT('',(1.27,-3.62,2.393));
#7988=DIRECTION('',(0.513,0.0,0.858));
#7989=DIRECTION('',(0.,0.,1.));
#7990=FACE_OUTER_BOUND('',#7991,.T.);
#7991=EDGE_LOOP('',(#7992,#8002,#8012,#8022));
#7992=ORIENTED_EDGE('',*,*,#7533,.T.);
#8005=CARTESIAN_POINT('',(0.825,-1.27,2.659));
#8004=VERTEX_POINT('',#8005);
#8003=EDGE_CURVE('',#8004,#7524,#8008,.T.);
#8008=LINE('',#8005,#8010);
#8010=VECTOR('',#8011,0.551888231033264);
#8011=DIRECTION('',(0.806,-0.345,-0.482));
#8002=ORIENTED_EDGE('',*,*,#8003,.F.);
#8015=CARTESIAN_POINT('',(0.825,-3.81,2.659));
#8014=VERTEX_POINT('',#8015);
#8013=EDGE_CURVE('',#8014,#8004,#8018,.T.);
#8018=LINE('',#8015,#8020);
#8020=VECTOR('',#8021,2.54);
#8021=DIRECTION('',(0.0,1.0,0.0));
#8012=ORIENTED_EDGE('',*,*,#8013,.F.);
#8023=EDGE_CURVE('',#7506,#8014,#8028,.T.);
#8028=LINE('',#7507,#8030);
#8030=VECTOR('',#8031,0.551888231033264);
#8031=DIRECTION('',(-0.806,-0.345,0.482));
#8022=ORIENTED_EDGE('',*,*,#8023,.F.);
#8032=STYLED_ITEM('',(#43),#8033);
#8033=ADVANCED_FACE('',(#8039),#8034,.T.);
#8034=PLANE('',#8035);
#8035=AXIS2_PLACEMENT_3D('',#8036,#8037,#8038);
#8036=CARTESIAN_POINT('',(-0.825,-3.81,2.659));
#8037=DIRECTION('',(0.0,0.0,1.0));
#8038=DIRECTION('',(0.,1.,0.));
#8039=FACE_OUTER_BOUND('',#8040,.T.);
#8040=EDGE_LOOP('',(#8041,#8051,#8061,#8071));
#8046=CARTESIAN_POINT('',(-0.825,-3.81,2.659));
#8045=VERTEX_POINT('',#8046);
#8042=EDGE_CURVE('',#8014,#8045,#8047,.T.);
#8047=LINE('',#8015,#8049);
#8049=VECTOR('',#8050,1.650873);
#8050=DIRECTION('',(-1.0,0.0,0.0));
#8041=ORIENTED_EDGE('',*,*,#8042,.F.);
#8051=ORIENTED_EDGE('',*,*,#8013,.T.);
#8064=CARTESIAN_POINT('',(-0.825,-1.27,2.659));
#8063=VERTEX_POINT('',#8064);
#8062=EDGE_CURVE('',#8063,#8004,#8067,.T.);
#8067=LINE('',#8064,#8069);
#8069=VECTOR('',#8070,1.650873);
#8070=DIRECTION('',(1.0,0.0,0.0));
#8061=ORIENTED_EDGE('',*,*,#8062,.F.);
#8072=EDGE_CURVE('',#8045,#8063,#8077,.T.);
#8077=LINE('',#8046,#8079);
#8079=VECTOR('',#8080,2.54);
#8080=DIRECTION('',(0.0,1.0,0.0));
#8071=ORIENTED_EDGE('',*,*,#8072,.F.);
#8081=STYLED_ITEM('',(#43),#8082);
#8082=ADVANCED_FACE('',(#8088),#8083,.T.);
#8083=PLANE('',#8084);
#8084=AXIS2_PLACEMENT_3D('',#8085,#8086,#8087);
#8085=CARTESIAN_POINT('',(-1.27,-3.62,2.393));
#8086=DIRECTION('',(-0.513,0.0,0.858));
#8087=DIRECTION('',(0.,0.,1.));
#8088=FACE_OUTER_BOUND('',#8089,.T.);
#8089=EDGE_LOOP('',(#8090,#8100,#8110,#8120));
#8095=CARTESIAN_POINT('',(-1.27,-3.62,2.393));
#8094=VERTEX_POINT('',#8095);
#8091=EDGE_CURVE('',#8045,#8094,#8096,.T.);
#8096=LINE('',#8046,#8098);
#8098=VECTOR('',#8099,0.551888231033264);
#8099=DIRECTION('',(-0.806,0.345,-0.482));
#8090=ORIENTED_EDGE('',*,*,#8091,.F.);
#8100=ORIENTED_EDGE('',*,*,#8072,.T.);
#8113=CARTESIAN_POINT('',(-1.27,-1.46,2.393));
#8112=VERTEX_POINT('',#8113);
#8111=EDGE_CURVE('',#8112,#8063,#8116,.T.);
#8116=LINE('',#8113,#8118);
#8118=VECTOR('',#8119,0.551888231033264);
#8119=DIRECTION('',(0.806,0.345,0.482));
#8110=ORIENTED_EDGE('',*,*,#8111,.F.);
#8121=EDGE_CURVE('',#8094,#8112,#8126,.T.);
#8126=LINE('',#8095,#8128);
#8128=VECTOR('',#8129,2.159127);
#8129=DIRECTION('',(0.0,1.0,0.0));
#8120=ORIENTED_EDGE('',*,*,#8121,.F.);
#8130=STYLED_ITEM('',(#43),#8131);
#8131=ADVANCED_FACE('',(#8137),#8132,.T.);
#8132=PLANE('',#8133);
#8133=AXIS2_PLACEMENT_3D('',#8134,#8135,#8136);
#8134=CARTESIAN_POINT('',(1.27,-1.46,0.665));
#8135=DIRECTION('',(0.394,0.919,0.0));
#8136=DIRECTION('',(0.,0.,1.));
#8137=FACE_OUTER_BOUND('',#8138,.T.);
#8138=EDGE_LOOP('',(#8139,#8149,#8159,#8169));
#8142=CARTESIAN_POINT('',(0.825,-1.27,0.0));
#8141=VERTEX_POINT('',#8142);
#8140=EDGE_CURVE('',#8141,#7651,#8145,.T.);
#8145=LINE('',#8142,#8147);
#8147=VECTOR('',#8148,0.821972840407628);
#8148=DIRECTION('',(0.541,-0.232,0.809));
#8139=ORIENTED_EDGE('',*,*,#8140,.F.);
#8150=EDGE_CURVE('',#8004,#8141,#8155,.T.);
#8155=LINE('',#8005,#8157);
#8157=VECTOR('',#8158,2.6585306748);
#8158=DIRECTION('',(0.0,0.0,-1.0));
#8149=ORIENTED_EDGE('',*,*,#8150,.F.);
#8159=ORIENTED_EDGE('',*,*,#8003,.T.);
#8169=ORIENTED_EDGE('',*,*,#7660,.T.);
#8179=STYLED_ITEM('',(#43),#8180);
#8180=ADVANCED_FACE('',(#8186),#8181,.T.);
#8181=PLANE('',#8182);
#8182=AXIS2_PLACEMENT_3D('',#8183,#8184,#8185);
#8183=CARTESIAN_POINT('',(0.825,-1.27,0.0));
#8184=DIRECTION('',(0.0,1.0,0.0));
#8185=DIRECTION('',(0.,0.,1.));
#8186=FACE_OUTER_BOUND('',#8187,.T.);
#8187=EDGE_LOOP('',(#8188,#8198,#8208,#8218));
#8191=CARTESIAN_POINT('',(-0.825,-1.27,0.0));
#8190=VERTEX_POINT('',#8191);
#8189=EDGE_CURVE('',#8190,#8141,#8194,.T.);
#8194=LINE('',#8191,#8196);
#8196=VECTOR('',#8197,1.650873);
#8197=DIRECTION('',(1.0,0.0,0.0));
#8188=ORIENTED_EDGE('',*,*,#8189,.F.);
#8199=EDGE_CURVE('',#8063,#8190,#8204,.T.);
#8204=LINE('',#8064,#8206);
#8206=VECTOR('',#8207,2.6585306748);
#8207=DIRECTION('',(0.0,0.0,-1.0));
#8198=ORIENTED_EDGE('',*,*,#8199,.F.);
#8208=ORIENTED_EDGE('',*,*,#8062,.T.);
#8218=ORIENTED_EDGE('',*,*,#8150,.T.);
#8228=STYLED_ITEM('',(#43),#8229);
#8229=ADVANCED_FACE('',(#8235),#8230,.T.);
#8230=PLANE('',#8231);
#8231=AXIS2_PLACEMENT_3D('',#8232,#8233,#8234);
#8232=CARTESIAN_POINT('',(-0.825,-1.27,0.0));
#8233=DIRECTION('',(-0.394,0.919,0.0));
#8234=DIRECTION('',(0.,0.,1.));
#8235=FACE_OUTER_BOUND('',#8236,.T.);
#8236=EDGE_LOOP('',(#8237,#8247,#8257,#8267));
#8240=CARTESIAN_POINT('',(-1.27,-1.46,0.665));
#8239=VERTEX_POINT('',#8240);
#8238=EDGE_CURVE('',#8239,#8190,#8243,.T.);
#8243=LINE('',#8240,#8245);
#8245=VECTOR('',#8246,0.821972840407628);
#8246=DIRECTION('',(0.541,0.232,-0.809));
#8237=ORIENTED_EDGE('',*,*,#8238,.F.);
#8248=EDGE_CURVE('',#8112,#8239,#8253,.T.);
#8253=LINE('',#8113,#8255);
#8255=VECTOR('',#8256,1.72804493862);
#8256=DIRECTION('',(0.0,0.0,-1.0));
#8247=ORIENTED_EDGE('',*,*,#8248,.F.);
#8257=ORIENTED_EDGE('',*,*,#8111,.T.);
#8267=ORIENTED_EDGE('',*,*,#8199,.T.);
#8277=STYLED_ITEM('',(#43),#8278);
#8278=ADVANCED_FACE('',(#8284),#8279,.T.);
#8279=PLANE('',#8280);
#8280=AXIS2_PLACEMENT_3D('',#8281,#8282,#8283);
#8281=CARTESIAN_POINT('',(-1.27,-3.62,0.665));
#8282=DIRECTION('',(-0.394,-0.919,0.0));
#8283=DIRECTION('',(0.,0.,1.));
#8284=FACE_OUTER_BOUND('',#8285,.T.);
#8285=EDGE_LOOP('',(#8286,#8296,#8306,#8316));
#8289=CARTESIAN_POINT('',(-0.825,-3.81,0.0));
#8288=VERTEX_POINT('',#8289);
#8291=CARTESIAN_POINT('',(-1.27,-3.62,0.665));
#8290=VERTEX_POINT('',#8291);
#8287=EDGE_CURVE('',#8288,#8290,#8292,.T.);
#8292=LINE('',#8289,#8294);
#8294=VECTOR('',#8295,0.821972840407628);
#8295=DIRECTION('',(-0.541,0.232,0.809));
#8286=ORIENTED_EDGE('',*,*,#8287,.F.);
#8297=EDGE_CURVE('',#8045,#8288,#8302,.T.);
#8302=LINE('',#8046,#8304);
#8304=VECTOR('',#8305,2.6585306748);
#8305=DIRECTION('',(0.0,0.0,-1.0));
#8296=ORIENTED_EDGE('',*,*,#8297,.F.);
#8306=ORIENTED_EDGE('',*,*,#8091,.T.);
#8317=EDGE_CURVE('',#8290,#8094,#8322,.T.);
#8322=LINE('',#8291,#8324);
#8324=VECTOR('',#8325,1.72804493862);
#8325=DIRECTION('',(0.0,0.0,1.0));
#8316=ORIENTED_EDGE('',*,*,#8317,.F.);
#8326=STYLED_ITEM('',(#43),#8327);
#8327=ADVANCED_FACE('',(#8333),#8328,.T.);
#8328=PLANE('',#8329);
#8329=AXIS2_PLACEMENT_3D('',#8330,#8331,#8332);
#8330=CARTESIAN_POINT('',(-0.825,-3.81,0.0));
#8331=DIRECTION('',(0.0,-1.0,0.0));
#8332=DIRECTION('',(0.,0.,1.));
#8333=FACE_OUTER_BOUND('',#8334,.T.);
#8334=EDGE_LOOP('',(#8335,#8345,#8355,#8365));
#8338=CARTESIAN_POINT('',(0.825,-3.81,0.0));
#8337=VERTEX_POINT('',#8338);
#8336=EDGE_CURVE('',#8337,#8288,#8341,.T.);
#8341=LINE('',#8338,#8343);
#8343=VECTOR('',#8344,1.650873);
#8344=DIRECTION('',(-1.0,0.0,0.0));
#8335=ORIENTED_EDGE('',*,*,#8336,.F.);
#8346=EDGE_CURVE('',#8014,#8337,#8351,.T.);
#8351=LINE('',#8015,#8353);
#8353=VECTOR('',#8354,2.6585306748);
#8354=DIRECTION('',(0.0,0.0,-1.0));
#8345=ORIENTED_EDGE('',*,*,#8346,.F.);
#8355=ORIENTED_EDGE('',*,*,#8042,.T.);
#8365=ORIENTED_EDGE('',*,*,#8297,.T.);
#8375=STYLED_ITEM('',(#43),#8376);
#8376=ADVANCED_FACE('',(#8382),#8377,.T.);
#8377=PLANE('',#8378);
#8378=AXIS2_PLACEMENT_3D('',#8379,#8380,#8381);
#8379=CARTESIAN_POINT('',(0.825,-3.81,0.0));
#8380=DIRECTION('',(0.394,-0.919,0.0));
#8381=DIRECTION('',(0.,0.,1.));
#8382=FACE_OUTER_BOUND('',#8383,.T.);
#8383=EDGE_LOOP('',(#8384,#8394,#8404,#8414));
#8385=EDGE_CURVE('',#7702,#8337,#8390,.T.);
#8390=LINE('',#7703,#8392);
#8392=VECTOR('',#8393,0.821972840407628);
#8393=DIRECTION('',(-0.541,-0.232,-0.809));
#8384=ORIENTED_EDGE('',*,*,#8385,.F.);
#8394=ORIENTED_EDGE('',*,*,#7729,.T.);
#8404=ORIENTED_EDGE('',*,*,#8023,.T.);
#8414=ORIENTED_EDGE('',*,*,#8346,.T.);
#8424=STYLED_ITEM('',(#43),#8425);
#8425=ADVANCED_FACE('',(#8431),#8426,.T.);
#8426=PLANE('',#8427);
#8427=AXIS2_PLACEMENT_3D('',#8428,#8429,#8430);
#8428=CARTESIAN_POINT('',(0.825,-3.81,0.0));
#8429=DIRECTION('',(0.831,0.0,-0.556));
#8430=DIRECTION('',(0.,0.,1.));
#8431=FACE_OUTER_BOUND('',#8432,.T.);
#8432=EDGE_LOOP('',(#8433,#8443,#8453,#8463));
#8434=EDGE_CURVE('',#8141,#8337,#8439,.T.);
#8439=LINE('',#8142,#8441);
#8441=VECTOR('',#8442,2.54);
#8442=DIRECTION('',(0.0,-1.0,0.0));
#8433=ORIENTED_EDGE('',*,*,#8434,.F.);
#8443=ORIENTED_EDGE('',*,*,#8140,.T.);
#8453=ORIENTED_EDGE('',*,*,#7964,.T.);
#8463=ORIENTED_EDGE('',*,*,#8385,.T.);
#8473=STYLED_ITEM('',(#43),#8474);
#8474=ADVANCED_FACE('',(#8480),#8475,.T.);
#8475=PLANE('',#8476);
#8476=AXIS2_PLACEMENT_3D('',#8477,#8478,#8479);
#8477=CARTESIAN_POINT('',(-0.825,-1.27,0.0));
#8478=DIRECTION('',(0.0,0.0,-1.0));
#8479=DIRECTION('',(0.,1.,0.));
#8480=FACE_OUTER_BOUND('',#8481,.T.);
#8481=EDGE_LOOP('',(#8482,#8492,#8502,#8512));
#8482=ORIENTED_EDGE('',*,*,#8189,.T.);
#8492=ORIENTED_EDGE('',*,*,#8434,.T.);
#8502=ORIENTED_EDGE('',*,*,#8336,.T.);
#8513=EDGE_CURVE('',#8190,#8288,#8518,.T.);
#8518=LINE('',#8191,#8520);
#8520=VECTOR('',#8521,2.54);
#8521=DIRECTION('',(0.0,-1.0,0.0));
#8512=ORIENTED_EDGE('',*,*,#8513,.F.);
#8522=STYLED_ITEM('',(#43),#8523);
#8523=ADVANCED_FACE('',(#8529),#8524,.T.);
#8524=PLANE('',#8525);
#8525=AXIS2_PLACEMENT_3D('',#8526,#8527,#8528);
#8526=CARTESIAN_POINT('',(-0.825,-1.27,0.0));
#8527=DIRECTION('',(-0.831,0.0,-0.556));
#8528=DIRECTION('',(0.,0.,1.));
#8529=FACE_OUTER_BOUND('',#8530,.T.);
#8530=EDGE_LOOP('',(#8531,#8541,#8551,#8561));
#8531=ORIENTED_EDGE('',*,*,#8513,.T.);
#8541=ORIENTED_EDGE('',*,*,#8287,.T.);
#8552=EDGE_CURVE('',#8239,#8290,#8557,.T.);
#8557=LINE('',#8240,#8559);
#8559=VECTOR('',#8560,2.159127);
#8560=DIRECTION('',(0.0,-1.0,0.0));
#8551=ORIENTED_EDGE('',*,*,#8552,.F.);
#8561=ORIENTED_EDGE('',*,*,#8238,.T.);
#8571=STYLED_ITEM('',(#43),#8572);
#8572=ADVANCED_FACE('',(#8578),#8573,.T.);
#8573=PLANE('',#8574);
#8574=AXIS2_PLACEMENT_3D('',#8575,#8576,#8577);
#8575=CARTESIAN_POINT('',(-1.27,-1.46,0.665));
#8576=DIRECTION('',(-1.0,0.0,0.0));
#8577=DIRECTION('',(0.,0.,1.));
#8578=FACE_OUTER_BOUND('',#8579,.T.);
#8579=EDGE_LOOP('',(#8580,#8590,#8600,#8610));
#8580=ORIENTED_EDGE('',*,*,#8552,.T.);
#8590=ORIENTED_EDGE('',*,*,#8317,.T.);
#8600=ORIENTED_EDGE('',*,*,#8121,.T.);
#8610=ORIENTED_EDGE('',*,*,#8248,.T.);
#8621=MANIFOLD_SOLID_BREP($,#8622);
#8622=CLOSED_SHELL('',(#8626,#8675,#8724,#8773,#8822,#8871,#8920,#8969,#9018,#9067));
#8623=MANIFOLD_SOLID_BREP($,#8624);
#8624=CLOSED_SHELL('',(#9116,#9165,#9214,#9263,#9312,#9361,#9410,#9459,#9508,#9557));
#8625=STYLED_ITEM('',(#34),#8626);
#8626=ADVANCED_FACE('',(#8632),#8627,.T.);
#8627=PLANE('',#8628);
#8628=AXIS2_PLACEMENT_3D('',#8629,#8630,#8631);
#8629=CARTESIAN_POINT('',(15.05,-0.19,8.89));
#8630=DIRECTION('',(0.0,0.0,1.0));
#8631=DIRECTION('',(0.,1.,0.));
#8632=FACE_OUTER_BOUND('',#8633,.T.);
#8633=EDGE_LOOP('',(#8634,#8644,#8654,#8664));
#8637=CARTESIAN_POINT('',(15.43,-0.19,8.89));
#8636=VERTEX_POINT('',#8637);
#8639=CARTESIAN_POINT('',(15.05,-0.19,8.89));
#8638=VERTEX_POINT('',#8639);
#8635=EDGE_CURVE('',#8636,#8638,#8640,.T.);
#8640=LINE('',#8637,#8642);
#8642=VECTOR('',#8643,0.381);
#8643=DIRECTION('',(-1.0,0.0,0.0));
#8634=ORIENTED_EDGE('',*,*,#8635,.F.);
#8647=CARTESIAN_POINT('',(15.43,0.19,8.89));
#8646=VERTEX_POINT('',#8647);
#8645=EDGE_CURVE('',#8646,#8636,#8650,.T.);
#8650=LINE('',#8647,#8652);
#8652=VECTOR('',#8653,0.381);
#8653=DIRECTION('',(0.0,-1.0,0.0));
#8644=ORIENTED_EDGE('',*,*,#8645,.F.);
#8657=CARTESIAN_POINT('',(15.05,0.19,8.89));
#8656=VERTEX_POINT('',#8657);
#8655=EDGE_CURVE('',#8656,#8646,#8660,.T.);
#8660=LINE('',#8657,#8662);
#8662=VECTOR('',#8663,0.381);
#8663=DIRECTION('',(1.0,0.0,0.0));
#8654=ORIENTED_EDGE('',*,*,#8655,.F.);
#8665=EDGE_CURVE('',#8638,#8656,#8670,.T.);
#8670=LINE('',#8639,#8672);
#8672=VECTOR('',#8673,0.381);
#8673=DIRECTION('',(0.0,1.0,0.0));
#8664=ORIENTED_EDGE('',*,*,#8665,.F.);
#8674=STYLED_ITEM('',(#34),#8675);
#8675=ADVANCED_FACE('',(#8681),#8676,.T.);
#8676=PLANE('',#8677);
#8677=AXIS2_PLACEMENT_3D('',#8678,#8679,#8680);
#8678=CARTESIAN_POINT('',(15.621,-0.381,8.7));
#8679=DIRECTION('',(0.707,0.0,0.707));
#8680=DIRECTION('',(0.,0.,1.));
#8681=FACE_OUTER_BOUND('',#8682,.T.);
#8682=EDGE_LOOP('',(#8683,#8693,#8703,#8713));
#8686=CARTESIAN_POINT('',(15.621,0.381,8.7));
#8685=VERTEX_POINT('',#8686);
#8688=CARTESIAN_POINT('',(15.621,-0.381,8.7));
#8687=VERTEX_POINT('',#8688);
#8684=EDGE_CURVE('',#8685,#8687,#8689,.T.);
#8689=LINE('',#8686,#8691);
#8691=VECTOR('',#8692,0.762);
#8692=DIRECTION('',(0.0,-1.0,0.0));
#8683=ORIENTED_EDGE('',*,*,#8684,.F.);
#8694=EDGE_CURVE('',#8646,#8685,#8699,.T.);
#8699=LINE('',#8647,#8701);
#8701=VECTOR('',#8702,0.329955678841871);
#8702=DIRECTION('',(0.577,0.577,-0.577));
#8693=ORIENTED_EDGE('',*,*,#8694,.F.);
#8703=ORIENTED_EDGE('',*,*,#8645,.T.);
#8714=EDGE_CURVE('',#8687,#8636,#8719,.T.);
#8719=LINE('',#8688,#8721);
#8721=VECTOR('',#8722,0.329955678841871);
#8722=DIRECTION('',(-0.577,0.577,0.577));
#8713=ORIENTED_EDGE('',*,*,#8714,.F.);
#8723=STYLED_ITEM('',(#34),#8724);
#8724=ADVANCED_FACE('',(#8730),#8725,.T.);
#8725=PLANE('',#8726);
#8726=AXIS2_PLACEMENT_3D('',#8727,#8728,#8729);
#8727=CARTESIAN_POINT('',(15.621,0.381,8.7));
#8728=DIRECTION('',(0.0,0.707,0.707));
#8729=DIRECTION('',(0.,0.,1.));
#8730=FACE_OUTER_BOUND('',#8731,.T.);
#8731=EDGE_LOOP('',(#8732,#8742,#8752,#8762));
#8735=CARTESIAN_POINT('',(14.859,0.381,8.7));
#8734=VERTEX_POINT('',#8735);
#8733=EDGE_CURVE('',#8734,#8685,#8738,.T.);
#8738=LINE('',#8735,#8740);
#8740=VECTOR('',#8741,0.762);
#8741=DIRECTION('',(1.0,0.0,0.0));
#8732=ORIENTED_EDGE('',*,*,#8733,.F.);
#8743=EDGE_CURVE('',#8656,#8734,#8748,.T.);
#8748=LINE('',#8657,#8750);
#8750=VECTOR('',#8751,0.329955678841871);
#8751=DIRECTION('',(-0.577,0.577,-0.577));
#8742=ORIENTED_EDGE('',*,*,#8743,.F.);
#8752=ORIENTED_EDGE('',*,*,#8655,.T.);
#8762=ORIENTED_EDGE('',*,*,#8694,.T.);
#8772=STYLED_ITEM('',(#34),#8773);
#8773=ADVANCED_FACE('',(#8779),#8774,.T.);
#8774=PLANE('',#8775);
#8775=AXIS2_PLACEMENT_3D('',#8776,#8777,#8778);
#8776=CARTESIAN_POINT('',(14.859,0.381,8.7));
#8777=DIRECTION('',(-0.707,0.0,0.707));
#8778=DIRECTION('',(0.,0.,1.));
#8779=FACE_OUTER_BOUND('',#8780,.T.);
#8780=EDGE_LOOP('',(#8781,#8791,#8801,#8811));
#8784=CARTESIAN_POINT('',(14.859,-0.381,8.7));
#8783=VERTEX_POINT('',#8784);
#8782=EDGE_CURVE('',#8783,#8734,#8787,.T.);
#8787=LINE('',#8784,#8789);
#8789=VECTOR('',#8790,0.762);
#8790=DIRECTION('',(0.0,1.0,0.0));
#8781=ORIENTED_EDGE('',*,*,#8782,.F.);
#8792=EDGE_CURVE('',#8638,#8783,#8797,.T.);
#8797=LINE('',#8639,#8799);
#8799=VECTOR('',#8800,0.329955678841871);
#8800=DIRECTION('',(-0.577,-0.577,-0.577));
#8791=ORIENTED_EDGE('',*,*,#8792,.F.);
#8801=ORIENTED_EDGE('',*,*,#8665,.T.);
#8811=ORIENTED_EDGE('',*,*,#8743,.T.);
#8821=STYLED_ITEM('',(#34),#8822);
#8822=ADVANCED_FACE('',(#8828),#8823,.T.);
#8823=PLANE('',#8824);
#8824=AXIS2_PLACEMENT_3D('',#8825,#8826,#8827);
#8825=CARTESIAN_POINT('',(14.859,-0.381,8.7));
#8826=DIRECTION('',(0.0,-0.707,0.707));
#8827=DIRECTION('',(0.,0.,1.));
#8828=FACE_OUTER_BOUND('',#8829,.T.);
#8829=EDGE_LOOP('',(#8830,#8840,#8850,#8860));
#8831=EDGE_CURVE('',#8687,#8783,#8836,.T.);
#8836=LINE('',#8688,#8838);
#8838=VECTOR('',#8839,0.762);
#8839=DIRECTION('',(-1.0,0.0,0.0));
#8830=ORIENTED_EDGE('',*,*,#8831,.F.);
#8840=ORIENTED_EDGE('',*,*,#8714,.T.);
#8850=ORIENTED_EDGE('',*,*,#8635,.T.);
#8860=ORIENTED_EDGE('',*,*,#8792,.T.);
#8870=STYLED_ITEM('',(#34),#8871);
#8871=ADVANCED_FACE('',(#8877),#8872,.T.);
#8872=PLANE('',#8873);
#8873=AXIS2_PLACEMENT_3D('',#8874,#8875,#8876);
#8874=CARTESIAN_POINT('',(15.621,-0.381,2.659));
#8875=DIRECTION('',(1.0,0.0,0.0));
#8876=DIRECTION('',(0.,0.,1.));
#8877=FACE_OUTER_BOUND('',#8878,.T.);
#8878=EDGE_LOOP('',(#8879,#8889,#8899,#8909));
#8882=CARTESIAN_POINT('',(15.621,0.381,2.659));
#8881=VERTEX_POINT('',#8882);
#8884=CARTESIAN_POINT('',(15.621,-0.381,2.659));
#8883=VERTEX_POINT('',#8884);
#8880=EDGE_CURVE('',#8881,#8883,#8885,.T.);
#8885=LINE('',#8882,#8887);
#8887=VECTOR('',#8888,0.762);
#8888=DIRECTION('',(0.0,-1.0,0.0));
#8879=ORIENTED_EDGE('',*,*,#8880,.F.);
#8890=EDGE_CURVE('',#8685,#8881,#8895,.T.);
#8895=LINE('',#8686,#8897);
#8897=VECTOR('',#8898,6.0409693252);
#8898=DIRECTION('',(0.0,0.0,-1.0));
#8889=ORIENTED_EDGE('',*,*,#8890,.F.);
#8899=ORIENTED_EDGE('',*,*,#8684,.T.);
#8910=EDGE_CURVE('',#8883,#8687,#8915,.T.);
#8915=LINE('',#8884,#8917);
#8917=VECTOR('',#8918,6.0409693252);
#8918=DIRECTION('',(0.0,0.0,1.0));
#8909=ORIENTED_EDGE('',*,*,#8910,.F.);
#8919=STYLED_ITEM('',(#34),#8920);
#8920=ADVANCED_FACE('',(#8926),#8921,.T.);
#8921=PLANE('',#8922);
#8922=AXIS2_PLACEMENT_3D('',#8923,#8924,#8925);
#8923=CARTESIAN_POINT('',(15.621,0.381,2.659));
#8924=DIRECTION('',(0.0,1.0,0.0));
#8925=DIRECTION('',(0.,0.,1.));
#8926=FACE_OUTER_BOUND('',#8927,.T.);
#8927=EDGE_LOOP('',(#8928,#8938,#8948,#8958));
#8931=CARTESIAN_POINT('',(14.859,0.381,2.659));
#8930=VERTEX_POINT('',#8931);
#8929=EDGE_CURVE('',#8930,#8881,#8934,.T.);
#8934=LINE('',#8931,#8936);
#8936=VECTOR('',#8937,0.762);
#8937=DIRECTION('',(1.0,0.0,0.0));
#8928=ORIENTED_EDGE('',*,*,#8929,.F.);
#8939=EDGE_CURVE('',#8734,#8930,#8944,.T.);
#8944=LINE('',#8735,#8946);
#8946=VECTOR('',#8947,6.0409693252);
#8947=DIRECTION('',(0.0,0.0,-1.0));
#8938=ORIENTED_EDGE('',*,*,#8939,.F.);
#8948=ORIENTED_EDGE('',*,*,#8733,.T.);
#8958=ORIENTED_EDGE('',*,*,#8890,.T.);
#8968=STYLED_ITEM('',(#34),#8969);
#8969=ADVANCED_FACE('',(#8975),#8970,.T.);
#8970=PLANE('',#8971);
#8971=AXIS2_PLACEMENT_3D('',#8972,#8973,#8974);
#8972=CARTESIAN_POINT('',(14.859,0.381,2.659));
#8973=DIRECTION('',(-1.0,0.0,0.0));
#8974=DIRECTION('',(0.,0.,1.));
#8975=FACE_OUTER_BOUND('',#8976,.T.);
#8976=EDGE_LOOP('',(#8977,#8987,#8997,#9007));
#8980=CARTESIAN_POINT('',(14.859,-0.381,2.659));
#8979=VERTEX_POINT('',#8980);
#8978=EDGE_CURVE('',#8979,#8930,#8983,.T.);
#8983=LINE('',#8980,#8985);
#8985=VECTOR('',#8986,0.762);
#8986=DIRECTION('',(0.0,1.0,0.0));
#8977=ORIENTED_EDGE('',*,*,#8978,.F.);
#8988=EDGE_CURVE('',#8783,#8979,#8993,.T.);
#8993=LINE('',#8784,#8995);
#8995=VECTOR('',#8996,6.0409693252);
#8996=DIRECTION('',(0.0,0.0,-1.0));
#8987=ORIENTED_EDGE('',*,*,#8988,.F.);
#8997=ORIENTED_EDGE('',*,*,#8782,.T.);
#9007=ORIENTED_EDGE('',*,*,#8939,.T.);
#9017=STYLED_ITEM('',(#34),#9018);
#9018=ADVANCED_FACE('',(#9024),#9019,.T.);
#9019=PLANE('',#9020);
#9020=AXIS2_PLACEMENT_3D('',#9021,#9022,#9023);
#9021=CARTESIAN_POINT('',(14.859,-0.381,2.659));
#9022=DIRECTION('',(0.0,-1.0,0.0));
#9023=DIRECTION('',(0.,0.,1.));
#9024=FACE_OUTER_BOUND('',#9025,.T.);
#9025=EDGE_LOOP('',(#9026,#9036,#9046,#9056));
#9027=EDGE_CURVE('',#8883,#8979,#9032,.T.);
#9032=LINE('',#8884,#9034);
#9034=VECTOR('',#9035,0.762);
#9035=DIRECTION('',(-1.0,0.0,0.0));
#9026=ORIENTED_EDGE('',*,*,#9027,.F.);
#9036=ORIENTED_EDGE('',*,*,#8910,.T.);
#9046=ORIENTED_EDGE('',*,*,#8831,.T.);
#9056=ORIENTED_EDGE('',*,*,#8988,.T.);
#9066=STYLED_ITEM('',(#34),#9067);
#9067=ADVANCED_FACE('',(#9073),#9068,.T.);
#9068=PLANE('',#9069);
#9069=AXIS2_PLACEMENT_3D('',#9070,#9071,#9072);
#9070=CARTESIAN_POINT('',(14.859,0.381,2.659));
#9071=DIRECTION('',(0.0,0.0,-1.0));
#9072=DIRECTION('',(0.,1.,0.));
#9073=FACE_OUTER_BOUND('',#9074,.T.);
#9074=EDGE_LOOP('',(#9075,#9085,#9095,#9105));
#9075=ORIENTED_EDGE('',*,*,#8929,.T.);
#9085=ORIENTED_EDGE('',*,*,#8880,.T.);
#9095=ORIENTED_EDGE('',*,*,#9027,.T.);
#9105=ORIENTED_EDGE('',*,*,#8978,.T.);
#9115=STYLED_ITEM('',(#34),#9116);
#9116=ADVANCED_FACE('',(#9122),#9117,.T.);
#9117=PLANE('',#9118);
#9118=AXIS2_PLACEMENT_3D('',#9119,#9120,#9121);
#9119=CARTESIAN_POINT('',(14.859,-0.381,0.0));
#9120=DIRECTION('',(0.0,0.0,1.0));
#9121=DIRECTION('',(0.,1.,0.));
#9122=FACE_OUTER_BOUND('',#9123,.T.);
#9123=EDGE_LOOP('',(#9124,#9134,#9144,#9154));
#9127=CARTESIAN_POINT('',(15.621,-0.381,0.0));
#9126=VERTEX_POINT('',#9127);
#9129=CARTESIAN_POINT('',(14.859,-0.381,0.0));
#9128=VERTEX_POINT('',#9129);
#9125=EDGE_CURVE('',#9126,#9128,#9130,.T.);
#9130=LINE('',#9127,#9132);
#9132=VECTOR('',#9133,0.762);
#9133=DIRECTION('',(-1.0,0.0,0.0));
#9124=ORIENTED_EDGE('',*,*,#9125,.F.);
#9137=CARTESIAN_POINT('',(15.621,0.381,0.0));
#9136=VERTEX_POINT('',#9137);
#9135=EDGE_CURVE('',#9136,#9126,#9140,.T.);
#9140=LINE('',#9137,#9142);
#9142=VECTOR('',#9143,0.762);
#9143=DIRECTION('',(0.0,-1.0,0.0));
#9134=ORIENTED_EDGE('',*,*,#9135,.F.);
#9147=CARTESIAN_POINT('',(14.859,0.381,0.0));
#9146=VERTEX_POINT('',#9147);
#9145=EDGE_CURVE('',#9146,#9136,#9150,.T.);
#9150=LINE('',#9147,#9152);
#9152=VECTOR('',#9153,0.762);
#9153=DIRECTION('',(1.0,0.0,0.0));
#9144=ORIENTED_EDGE('',*,*,#9145,.F.);
#9155=EDGE_CURVE('',#9128,#9146,#9160,.T.);
#9160=LINE('',#9129,#9162);
#9162=VECTOR('',#9163,0.762);
#9163=DIRECTION('',(0.0,1.0,0.0));
#9154=ORIENTED_EDGE('',*,*,#9155,.F.);
#9164=STYLED_ITEM('',(#34),#9165);
#9165=ADVANCED_FACE('',(#9171),#9166,.T.);
#9166=PLANE('',#9167);
#9167=AXIS2_PLACEMENT_3D('',#9168,#9169,#9170);
#9168=CARTESIAN_POINT('',(15.621,-0.381,-4.89));
#9169=DIRECTION('',(1.0,0.0,0.0));
#9170=DIRECTION('',(0.,0.,1.));
#9171=FACE_OUTER_BOUND('',#9172,.T.);
#9172=EDGE_LOOP('',(#9173,#9183,#9193,#9203));
#9176=CARTESIAN_POINT('',(15.621,0.381,-4.89));
#9175=VERTEX_POINT('',#9176);
#9178=CARTESIAN_POINT('',(15.621,-0.381,-4.89));
#9177=VERTEX_POINT('',#9178);
#9174=EDGE_CURVE('',#9175,#9177,#9179,.T.);
#9179=LINE('',#9176,#9181);
#9181=VECTOR('',#9182,0.762);
#9182=DIRECTION('',(0.0,-1.0,0.0));
#9173=ORIENTED_EDGE('',*,*,#9174,.F.);
#9184=EDGE_CURVE('',#9136,#9175,#9189,.T.);
#9189=LINE('',#9137,#9191);
#9191=VECTOR('',#9192,4.8895);
#9192=DIRECTION('',(0.0,0.0,-1.0));
#9183=ORIENTED_EDGE('',*,*,#9184,.F.);
#9193=ORIENTED_EDGE('',*,*,#9135,.T.);
#9204=EDGE_CURVE('',#9177,#9126,#9209,.T.);
#9209=LINE('',#9178,#9211);
#9211=VECTOR('',#9212,4.8895);
#9212=DIRECTION('',(0.0,0.0,1.0));
#9203=ORIENTED_EDGE('',*,*,#9204,.F.);
#9213=STYLED_ITEM('',(#34),#9214);
#9214=ADVANCED_FACE('',(#9220),#9215,.T.);
#9215=PLANE('',#9216);
#9216=AXIS2_PLACEMENT_3D('',#9217,#9218,#9219);
#9217=CARTESIAN_POINT('',(15.621,0.381,-4.89));
#9218=DIRECTION('',(0.0,1.0,0.0));
#9219=DIRECTION('',(0.,0.,1.));
#9220=FACE_OUTER_BOUND('',#9221,.T.);
#9221=EDGE_LOOP('',(#9222,#9232,#9242,#9252));
#9225=CARTESIAN_POINT('',(14.859,0.381,-4.89));
#9224=VERTEX_POINT('',#9225);
#9223=EDGE_CURVE('',#9224,#9175,#9228,.T.);
#9228=LINE('',#9225,#9230);
#9230=VECTOR('',#9231,0.762);
#9231=DIRECTION('',(1.0,0.0,0.0));
#9222=ORIENTED_EDGE('',*,*,#9223,.F.);
#9233=EDGE_CURVE('',#9146,#9224,#9238,.T.);
#9238=LINE('',#9147,#9240);
#9240=VECTOR('',#9241,4.8895);
#9241=DIRECTION('',(0.0,0.0,-1.0));
#9232=ORIENTED_EDGE('',*,*,#9233,.F.);
#9242=ORIENTED_EDGE('',*,*,#9145,.T.);
#9252=ORIENTED_EDGE('',*,*,#9184,.T.);
#9262=STYLED_ITEM('',(#34),#9263);
#9263=ADVANCED_FACE('',(#9269),#9264,.T.);
#9264=PLANE('',#9265);
#9265=AXIS2_PLACEMENT_3D('',#9266,#9267,#9268);
#9266=CARTESIAN_POINT('',(14.859,0.381,-4.89));
#9267=DIRECTION('',(-1.0,0.0,0.0));
#9268=DIRECTION('',(0.,0.,1.));
#9269=FACE_OUTER_BOUND('',#9270,.T.);
#9270=EDGE_LOOP('',(#9271,#9281,#9291,#9301));
#9274=CARTESIAN_POINT('',(14.859,-0.381,-4.89));
#9273=VERTEX_POINT('',#9274);
#9272=EDGE_CURVE('',#9273,#9224,#9277,.T.);
#9277=LINE('',#9274,#9279);
#9279=VECTOR('',#9280,0.762);
#9280=DIRECTION('',(0.0,1.0,0.0));
#9271=ORIENTED_EDGE('',*,*,#9272,.F.);
#9282=EDGE_CURVE('',#9128,#9273,#9287,.T.);
#9287=LINE('',#9129,#9289);
#9289=VECTOR('',#9290,4.8895);
#9290=DIRECTION('',(0.0,0.0,-1.0));
#9281=ORIENTED_EDGE('',*,*,#9282,.F.);
#9291=ORIENTED_EDGE('',*,*,#9155,.T.);
#9301=ORIENTED_EDGE('',*,*,#9233,.T.);
#9311=STYLED_ITEM('',(#34),#9312);
#9312=ADVANCED_FACE('',(#9318),#9313,.T.);
#9313=PLANE('',#9314);
#9314=AXIS2_PLACEMENT_3D('',#9315,#9316,#9317);
#9315=CARTESIAN_POINT('',(14.859,-0.381,-4.89));
#9316=DIRECTION('',(0.0,-1.0,0.0));
#9317=DIRECTION('',(0.,0.,1.));
#9318=FACE_OUTER_BOUND('',#9319,.T.);
#9319=EDGE_LOOP('',(#9320,#9330,#9340,#9350));
#9321=EDGE_CURVE('',#9177,#9273,#9326,.T.);
#9326=LINE('',#9178,#9328);
#9328=VECTOR('',#9329,0.762);
#9329=DIRECTION('',(-1.0,0.0,0.0));
#9320=ORIENTED_EDGE('',*,*,#9321,.F.);
#9330=ORIENTED_EDGE('',*,*,#9204,.T.);
#9340=ORIENTED_EDGE('',*,*,#9125,.T.);
#9350=ORIENTED_EDGE('',*,*,#9282,.T.);
#9360=STYLED_ITEM('',(#34),#9361);
#9361=ADVANCED_FACE('',(#9367),#9362,.T.);
#9362=PLANE('',#9363);
#9363=AXIS2_PLACEMENT_3D('',#9364,#9365,#9366);
#9364=CARTESIAN_POINT('',(15.43,-0.19,-5.08));
#9365=DIRECTION('',(0.707,0.0,-0.707));
#9366=DIRECTION('',(0.,0.,1.));
#9367=FACE_OUTER_BOUND('',#9368,.T.);
#9368=EDGE_LOOP('',(#9369,#9379,#9389,#9399));
#9372=CARTESIAN_POINT('',(15.43,0.19,-5.08));
#9371=VERTEX_POINT('',#9372);
#9374=CARTESIAN_POINT('',(15.43,-0.19,-5.08));
#9373=VERTEX_POINT('',#9374);
#9370=EDGE_CURVE('',#9371,#9373,#9375,.T.);
#9375=LINE('',#9372,#9377);
#9377=VECTOR('',#9378,0.381);
#9378=DIRECTION('',(0.0,-1.0,0.0));
#9369=ORIENTED_EDGE('',*,*,#9370,.F.);
#9380=EDGE_CURVE('',#9175,#9371,#9385,.T.);
#9385=LINE('',#9176,#9387);
#9387=VECTOR('',#9388,0.329955678841871);
#9388=DIRECTION('',(-0.577,-0.577,-0.577));
#9379=ORIENTED_EDGE('',*,*,#9380,.F.);
#9389=ORIENTED_EDGE('',*,*,#9174,.T.);
#9400=EDGE_CURVE('',#9373,#9177,#9405,.T.);
#9405=LINE('',#9374,#9407);
#9407=VECTOR('',#9408,0.329955678841871);
#9408=DIRECTION('',(0.577,-0.577,0.577));
#9399=ORIENTED_EDGE('',*,*,#9400,.F.);
#9409=STYLED_ITEM('',(#34),#9410);
#9410=ADVANCED_FACE('',(#9416),#9411,.T.);
#9411=PLANE('',#9412);
#9412=AXIS2_PLACEMENT_3D('',#9413,#9414,#9415);
#9413=CARTESIAN_POINT('',(15.43,0.19,-5.08));
#9414=DIRECTION('',(0.0,0.707,-0.707));
#9415=DIRECTION('',(0.,0.,1.));
#9416=FACE_OUTER_BOUND('',#9417,.T.);
#9417=EDGE_LOOP('',(#9418,#9428,#9438,#9448));
#9421=CARTESIAN_POINT('',(15.05,0.19,-5.08));
#9420=VERTEX_POINT('',#9421);
#9419=EDGE_CURVE('',#9420,#9371,#9424,.T.);
#9424=LINE('',#9421,#9426);
#9426=VECTOR('',#9427,0.381);
#9427=DIRECTION('',(1.0,0.0,0.0));
#9418=ORIENTED_EDGE('',*,*,#9419,.F.);
#9429=EDGE_CURVE('',#9224,#9420,#9434,.T.);
#9434=LINE('',#9225,#9436);
#9436=VECTOR('',#9437,0.329955678841871);
#9437=DIRECTION('',(0.577,-0.577,-0.577));
#9428=ORIENTED_EDGE('',*,*,#9429,.F.);
#9438=ORIENTED_EDGE('',*,*,#9223,.T.);
#9448=ORIENTED_EDGE('',*,*,#9380,.T.);
#9458=STYLED_ITEM('',(#34),#9459);
#9459=ADVANCED_FACE('',(#9465),#9460,.T.);
#9460=PLANE('',#9461);
#9461=AXIS2_PLACEMENT_3D('',#9462,#9463,#9464);
#9462=CARTESIAN_POINT('',(15.05,0.19,-5.08));
#9463=DIRECTION('',(-0.707,0.0,-0.707));
#9464=DIRECTION('',(0.,0.,1.));
#9465=FACE_OUTER_BOUND('',#9466,.T.);
#9466=EDGE_LOOP('',(#9467,#9477,#9487,#9497));
#9470=CARTESIAN_POINT('',(15.05,-0.19,-5.08));
#9469=VERTEX_POINT('',#9470);
#9468=EDGE_CURVE('',#9469,#9420,#9473,.T.);
#9473=LINE('',#9470,#9475);
#9475=VECTOR('',#9476,0.381);
#9476=DIRECTION('',(0.0,1.0,0.0));
#9467=ORIENTED_EDGE('',*,*,#9468,.F.);
#9478=EDGE_CURVE('',#9273,#9469,#9483,.T.);
#9483=LINE('',#9274,#9485);
#9485=VECTOR('',#9486,0.329955678841871);
#9486=DIRECTION('',(0.577,0.577,-0.577));
#9477=ORIENTED_EDGE('',*,*,#9478,.F.);
#9487=ORIENTED_EDGE('',*,*,#9272,.T.);
#9497=ORIENTED_EDGE('',*,*,#9429,.T.);
#9507=STYLED_ITEM('',(#34),#9508);
#9508=ADVANCED_FACE('',(#9514),#9509,.T.);
#9509=PLANE('',#9510);
#9510=AXIS2_PLACEMENT_3D('',#9511,#9512,#9513);
#9511=CARTESIAN_POINT('',(15.05,-0.19,-5.08));
#9512=DIRECTION('',(0.0,-0.707,-0.707));
#9513=DIRECTION('',(0.,0.,1.));
#9514=FACE_OUTER_BOUND('',#9515,.T.);
#9515=EDGE_LOOP('',(#9516,#9526,#9536,#9546));
#9517=EDGE_CURVE('',#9373,#9469,#9522,.T.);
#9522=LINE('',#9374,#9524);
#9524=VECTOR('',#9525,0.381);
#9525=DIRECTION('',(-1.0,0.0,0.0));
#9516=ORIENTED_EDGE('',*,*,#9517,.F.);
#9526=ORIENTED_EDGE('',*,*,#9400,.T.);
#9536=ORIENTED_EDGE('',*,*,#9321,.T.);
#9546=ORIENTED_EDGE('',*,*,#9478,.T.);
#9556=STYLED_ITEM('',(#34),#9557);
#9557=ADVANCED_FACE('',(#9563),#9558,.T.);
#9558=PLANE('',#9559);
#9559=AXIS2_PLACEMENT_3D('',#9560,#9561,#9562);
#9560=CARTESIAN_POINT('',(15.05,0.19,-5.08));
#9561=DIRECTION('',(0.0,0.0,-1.0));
#9562=DIRECTION('',(0.,1.,0.));
#9563=FACE_OUTER_BOUND('',#9564,.T.);
#9564=EDGE_LOOP('',(#9565,#9575,#9585,#9595));
#9565=ORIENTED_EDGE('',*,*,#9419,.T.);
#9575=ORIENTED_EDGE('',*,*,#9370,.T.);
#9585=ORIENTED_EDGE('',*,*,#9517,.T.);
#9595=ORIENTED_EDGE('',*,*,#9468,.T.);
#9605=MANIFOLD_SOLID_BREP($,#9606);
#9606=CLOSED_SHELL('',(#9610,#9659,#9708,#9757,#9806,#9855,#9904,#9953,#10002,#10051));
#9607=MANIFOLD_SOLID_BREP($,#9608);
#9608=CLOSED_SHELL('',(#10100,#10149,#10198,#10247,#10296,#10345,#10394,#10443,#10492,#10541));
#9609=STYLED_ITEM('',(#34),#9610);
#9610=ADVANCED_FACE('',(#9616),#9611,.T.);
#9611=PLANE('',#9612);
#9612=AXIS2_PLACEMENT_3D('',#9613,#9614,#9615);
#9613=CARTESIAN_POINT('',(12.51,-0.19,8.89));
#9614=DIRECTION('',(0.0,0.0,1.0));
#9615=DIRECTION('',(0.,1.,0.));
#9616=FACE_OUTER_BOUND('',#9617,.T.);
#9617=EDGE_LOOP('',(#9618,#9628,#9638,#9648));
#9621=CARTESIAN_POINT('',(12.89,-0.19,8.89));
#9620=VERTEX_POINT('',#9621);
#9623=CARTESIAN_POINT('',(12.51,-0.19,8.89));
#9622=VERTEX_POINT('',#9623);
#9619=EDGE_CURVE('',#9620,#9622,#9624,.T.);
#9624=LINE('',#9621,#9626);
#9626=VECTOR('',#9627,0.381);
#9627=DIRECTION('',(-1.0,0.0,0.0));
#9618=ORIENTED_EDGE('',*,*,#9619,.F.);
#9631=CARTESIAN_POINT('',(12.89,0.19,8.89));
#9630=VERTEX_POINT('',#9631);
#9629=EDGE_CURVE('',#9630,#9620,#9634,.T.);
#9634=LINE('',#9631,#9636);
#9636=VECTOR('',#9637,0.381);
#9637=DIRECTION('',(0.0,-1.0,0.0));
#9628=ORIENTED_EDGE('',*,*,#9629,.F.);
#9641=CARTESIAN_POINT('',(12.51,0.19,8.89));
#9640=VERTEX_POINT('',#9641);
#9639=EDGE_CURVE('',#9640,#9630,#9644,.T.);
#9644=LINE('',#9641,#9646);
#9646=VECTOR('',#9647,0.381);
#9647=DIRECTION('',(1.0,0.0,0.0));
#9638=ORIENTED_EDGE('',*,*,#9639,.F.);
#9649=EDGE_CURVE('',#9622,#9640,#9654,.T.);
#9654=LINE('',#9623,#9656);
#9656=VECTOR('',#9657,0.381);
#9657=DIRECTION('',(0.0,1.0,0.0));
#9648=ORIENTED_EDGE('',*,*,#9649,.F.);
#9658=STYLED_ITEM('',(#34),#9659);
#9659=ADVANCED_FACE('',(#9665),#9660,.T.);
#9660=PLANE('',#9661);
#9661=AXIS2_PLACEMENT_3D('',#9662,#9663,#9664);
#9662=CARTESIAN_POINT('',(13.081,-0.381,8.7));
#9663=DIRECTION('',(0.707,0.0,0.707));
#9664=DIRECTION('',(0.,0.,1.));
#9665=FACE_OUTER_BOUND('',#9666,.T.);
#9666=EDGE_LOOP('',(#9667,#9677,#9687,#9697));
#9670=CARTESIAN_POINT('',(13.081,0.381,8.7));
#9669=VERTEX_POINT('',#9670);
#9672=CARTESIAN_POINT('',(13.081,-0.381,8.7));
#9671=VERTEX_POINT('',#9672);
#9668=EDGE_CURVE('',#9669,#9671,#9673,.T.);
#9673=LINE('',#9670,#9675);
#9675=VECTOR('',#9676,0.762);
#9676=DIRECTION('',(0.0,-1.0,0.0));
#9667=ORIENTED_EDGE('',*,*,#9668,.F.);
#9678=EDGE_CURVE('',#9630,#9669,#9683,.T.);
#9683=LINE('',#9631,#9685);
#9685=VECTOR('',#9686,0.329955678841871);
#9686=DIRECTION('',(0.577,0.577,-0.577));
#9677=ORIENTED_EDGE('',*,*,#9678,.F.);
#9687=ORIENTED_EDGE('',*,*,#9629,.T.);
#9698=EDGE_CURVE('',#9671,#9620,#9703,.T.);
#9703=LINE('',#9672,#9705);
#9705=VECTOR('',#9706,0.329955678841871);
#9706=DIRECTION('',(-0.577,0.577,0.577));
#9697=ORIENTED_EDGE('',*,*,#9698,.F.);
#9707=STYLED_ITEM('',(#34),#9708);
#9708=ADVANCED_FACE('',(#9714),#9709,.T.);
#9709=PLANE('',#9710);
#9710=AXIS2_PLACEMENT_3D('',#9711,#9712,#9713);
#9711=CARTESIAN_POINT('',(13.081,0.381,8.7));
#9712=DIRECTION('',(0.0,0.707,0.707));
#9713=DIRECTION('',(0.,0.,1.));
#9714=FACE_OUTER_BOUND('',#9715,.T.);
#9715=EDGE_LOOP('',(#9716,#9726,#9736,#9746));
#9719=CARTESIAN_POINT('',(12.319,0.381,8.7));
#9718=VERTEX_POINT('',#9719);
#9717=EDGE_CURVE('',#9718,#9669,#9722,.T.);
#9722=LINE('',#9719,#9724);
#9724=VECTOR('',#9725,0.762);
#9725=DIRECTION('',(1.0,0.0,0.0));
#9716=ORIENTED_EDGE('',*,*,#9717,.F.);
#9727=EDGE_CURVE('',#9640,#9718,#9732,.T.);
#9732=LINE('',#9641,#9734);
#9734=VECTOR('',#9735,0.329955678841871);
#9735=DIRECTION('',(-0.577,0.577,-0.577));
#9726=ORIENTED_EDGE('',*,*,#9727,.F.);
#9736=ORIENTED_EDGE('',*,*,#9639,.T.);
#9746=ORIENTED_EDGE('',*,*,#9678,.T.);
#9756=STYLED_ITEM('',(#34),#9757);
#9757=ADVANCED_FACE('',(#9763),#9758,.T.);
#9758=PLANE('',#9759);
#9759=AXIS2_PLACEMENT_3D('',#9760,#9761,#9762);
#9760=CARTESIAN_POINT('',(12.319,0.381,8.7));
#9761=DIRECTION('',(-0.707,0.0,0.707));
#9762=DIRECTION('',(0.,0.,1.));
#9763=FACE_OUTER_BOUND('',#9764,.T.);
#9764=EDGE_LOOP('',(#9765,#9775,#9785,#9795));
#9768=CARTESIAN_POINT('',(12.319,-0.381,8.7));
#9767=VERTEX_POINT('',#9768);
#9766=EDGE_CURVE('',#9767,#9718,#9771,.T.);
#9771=LINE('',#9768,#9773);
#9773=VECTOR('',#9774,0.762);
#9774=DIRECTION('',(0.0,1.0,0.0));
#9765=ORIENTED_EDGE('',*,*,#9766,.F.);
#9776=EDGE_CURVE('',#9622,#9767,#9781,.T.);
#9781=LINE('',#9623,#9783);
#9783=VECTOR('',#9784,0.329955678841871);
#9784=DIRECTION('',(-0.577,-0.577,-0.577));
#9775=ORIENTED_EDGE('',*,*,#9776,.F.);
#9785=ORIENTED_EDGE('',*,*,#9649,.T.);
#9795=ORIENTED_EDGE('',*,*,#9727,.T.);
#9805=STYLED_ITEM('',(#34),#9806);
#9806=ADVANCED_FACE('',(#9812),#9807,.T.);
#9807=PLANE('',#9808);
#9808=AXIS2_PLACEMENT_3D('',#9809,#9810,#9811);
#9809=CARTESIAN_POINT('',(12.319,-0.381,8.7));
#9810=DIRECTION('',(0.0,-0.707,0.707));
#9811=DIRECTION('',(0.,0.,1.));
#9812=FACE_OUTER_BOUND('',#9813,.T.);
#9813=EDGE_LOOP('',(#9814,#9824,#9834,#9844));
#9815=EDGE_CURVE('',#9671,#9767,#9820,.T.);
#9820=LINE('',#9672,#9822);
#9822=VECTOR('',#9823,0.762);
#9823=DIRECTION('',(-1.0,0.0,0.0));
#9814=ORIENTED_EDGE('',*,*,#9815,.F.);
#9824=ORIENTED_EDGE('',*,*,#9698,.T.);
#9834=ORIENTED_EDGE('',*,*,#9619,.T.);
#9844=ORIENTED_EDGE('',*,*,#9776,.T.);
#9854=STYLED_ITEM('',(#34),#9855);
#9855=ADVANCED_FACE('',(#9861),#9856,.T.);
#9856=PLANE('',#9857);
#9857=AXIS2_PLACEMENT_3D('',#9858,#9859,#9860);
#9858=CARTESIAN_POINT('',(13.081,-0.381,2.659));
#9859=DIRECTION('',(1.0,0.0,0.0));
#9860=DIRECTION('',(0.,0.,1.));
#9861=FACE_OUTER_BOUND('',#9862,.T.);
#9862=EDGE_LOOP('',(#9863,#9873,#9883,#9893));
#9866=CARTESIAN_POINT('',(13.081,0.381,2.659));
#9865=VERTEX_POINT('',#9866);
#9868=CARTESIAN_POINT('',(13.081,-0.381,2.659));
#9867=VERTEX_POINT('',#9868);
#9864=EDGE_CURVE('',#9865,#9867,#9869,.T.);
#9869=LINE('',#9866,#9871);
#9871=VECTOR('',#9872,0.762);
#9872=DIRECTION('',(0.0,-1.0,0.0));
#9863=ORIENTED_EDGE('',*,*,#9864,.F.);
#9874=EDGE_CURVE('',#9669,#9865,#9879,.T.);
#9879=LINE('',#9670,#9881);
#9881=VECTOR('',#9882,6.0409693252);
#9882=DIRECTION('',(0.0,0.0,-1.0));
#9873=ORIENTED_EDGE('',*,*,#9874,.F.);
#9883=ORIENTED_EDGE('',*,*,#9668,.T.);
#9894=EDGE_CURVE('',#9867,#9671,#9899,.T.);
#9899=LINE('',#9868,#9901);
#9901=VECTOR('',#9902,6.0409693252);
#9902=DIRECTION('',(0.0,0.0,1.0));
#9893=ORIENTED_EDGE('',*,*,#9894,.F.);
#9903=STYLED_ITEM('',(#34),#9904);
#9904=ADVANCED_FACE('',(#9910),#9905,.T.);
#9905=PLANE('',#9906);
#9906=AXIS2_PLACEMENT_3D('',#9907,#9908,#9909);
#9907=CARTESIAN_POINT('',(13.081,0.381,2.659));
#9908=DIRECTION('',(0.0,1.0,0.0));
#9909=DIRECTION('',(0.,0.,1.));
#9910=FACE_OUTER_BOUND('',#9911,.T.);
#9911=EDGE_LOOP('',(#9912,#9922,#9932,#9942));
#9915=CARTESIAN_POINT('',(12.319,0.381,2.659));
#9914=VERTEX_POINT('',#9915);
#9913=EDGE_CURVE('',#9914,#9865,#9918,.T.);
#9918=LINE('',#9915,#9920);
#9920=VECTOR('',#9921,0.762);
#9921=DIRECTION('',(1.0,0.0,0.0));
#9912=ORIENTED_EDGE('',*,*,#9913,.F.);
#9923=EDGE_CURVE('',#9718,#9914,#9928,.T.);
#9928=LINE('',#9719,#9930);
#9930=VECTOR('',#9931,6.0409693252);
#9931=DIRECTION('',(0.0,0.0,-1.0));
#9922=ORIENTED_EDGE('',*,*,#9923,.F.);
#9932=ORIENTED_EDGE('',*,*,#9717,.T.);
#9942=ORIENTED_EDGE('',*,*,#9874,.T.);
#9952=STYLED_ITEM('',(#34),#9953);
#9953=ADVANCED_FACE('',(#9959),#9954,.T.);
#9954=PLANE('',#9955);
#9955=AXIS2_PLACEMENT_3D('',#9956,#9957,#9958);
#9956=CARTESIAN_POINT('',(12.319,0.381,2.659));
#9957=DIRECTION('',(-1.0,0.0,0.0));
#9958=DIRECTION('',(0.,0.,1.));
#9959=FACE_OUTER_BOUND('',#9960,.T.);
#9960=EDGE_LOOP('',(#9961,#9971,#9981,#9991));
#9964=CARTESIAN_POINT('',(12.319,-0.381,2.659));
#9963=VERTEX_POINT('',#9964);
#9962=EDGE_CURVE('',#9963,#9914,#9967,.T.);
#9967=LINE('',#9964,#9969);
#9969=VECTOR('',#9970,0.762);
#9970=DIRECTION('',(0.0,1.0,0.0));
#9961=ORIENTED_EDGE('',*,*,#9962,.F.);
#9972=EDGE_CURVE('',#9767,#9963,#9977,.T.);
#9977=LINE('',#9768,#9979);
#9979=VECTOR('',#9980,6.0409693252);
#9980=DIRECTION('',(0.0,0.0,-1.0));
#9971=ORIENTED_EDGE('',*,*,#9972,.F.);
#9981=ORIENTED_EDGE('',*,*,#9766,.T.);
#9991=ORIENTED_EDGE('',*,*,#9923,.T.);
#10001=STYLED_ITEM('',(#34),#10002);
#10002=ADVANCED_FACE('',(#10008),#10003,.T.);
#10003=PLANE('',#10004);
#10004=AXIS2_PLACEMENT_3D('',#10005,#10006,#10007);
#10005=CARTESIAN_POINT('',(12.319,-0.381,2.659));
#10006=DIRECTION('',(0.0,-1.0,0.0));
#10007=DIRECTION('',(0.,0.,1.));
#10008=FACE_OUTER_BOUND('',#10009,.T.);
#10009=EDGE_LOOP('',(#10010,#10020,#10030,#10040));
#10011=EDGE_CURVE('',#9867,#9963,#10016,.T.);
#10016=LINE('',#9868,#10018);
#10018=VECTOR('',#10019,0.762);
#10019=DIRECTION('',(-1.0,0.0,0.0));
#10010=ORIENTED_EDGE('',*,*,#10011,.F.);
#10020=ORIENTED_EDGE('',*,*,#9894,.T.);
#10030=ORIENTED_EDGE('',*,*,#9815,.T.);
#10040=ORIENTED_EDGE('',*,*,#9972,.T.);
#10050=STYLED_ITEM('',(#34),#10051);
#10051=ADVANCED_FACE('',(#10057),#10052,.T.);
#10052=PLANE('',#10053);
#10053=AXIS2_PLACEMENT_3D('',#10054,#10055,#10056);
#10054=CARTESIAN_POINT('',(12.319,0.381,2.659));
#10055=DIRECTION('',(0.0,0.0,-1.0));
#10056=DIRECTION('',(0.,1.,0.));
#10057=FACE_OUTER_BOUND('',#10058,.T.);
#10058=EDGE_LOOP('',(#10059,#10069,#10079,#10089));
#10059=ORIENTED_EDGE('',*,*,#9913,.T.);
#10069=ORIENTED_EDGE('',*,*,#9864,.T.);
#10079=ORIENTED_EDGE('',*,*,#10011,.T.);
#10089=ORIENTED_EDGE('',*,*,#9962,.T.);
#10099=STYLED_ITEM('',(#34),#10100);
#10100=ADVANCED_FACE('',(#10106),#10101,.T.);
#10101=PLANE('',#10102);
#10102=AXIS2_PLACEMENT_3D('',#10103,#10104,#10105);
#10103=CARTESIAN_POINT('',(12.319,-0.381,0.0));
#10104=DIRECTION('',(0.0,0.0,1.0));
#10105=DIRECTION('',(0.,1.,0.));
#10106=FACE_OUTER_BOUND('',#10107,.T.);
#10107=EDGE_LOOP('',(#10108,#10118,#10128,#10138));
#10111=CARTESIAN_POINT('',(13.081,-0.381,0.0));
#10110=VERTEX_POINT('',#10111);
#10113=CARTESIAN_POINT('',(12.319,-0.381,0.0));
#10112=VERTEX_POINT('',#10113);
#10109=EDGE_CURVE('',#10110,#10112,#10114,.T.);
#10114=LINE('',#10111,#10116);
#10116=VECTOR('',#10117,0.762);
#10117=DIRECTION('',(-1.0,0.0,0.0));
#10108=ORIENTED_EDGE('',*,*,#10109,.F.);
#10121=CARTESIAN_POINT('',(13.081,0.381,0.0));
#10120=VERTEX_POINT('',#10121);
#10119=EDGE_CURVE('',#10120,#10110,#10124,.T.);
#10124=LINE('',#10121,#10126);
#10126=VECTOR('',#10127,0.762);
#10127=DIRECTION('',(0.0,-1.0,0.0));
#10118=ORIENTED_EDGE('',*,*,#10119,.F.);
#10131=CARTESIAN_POINT('',(12.319,0.381,0.0));
#10130=VERTEX_POINT('',#10131);
#10129=EDGE_CURVE('',#10130,#10120,#10134,.T.);
#10134=LINE('',#10131,#10136);
#10136=VECTOR('',#10137,0.762);
#10137=DIRECTION('',(1.0,0.0,0.0));
#10128=ORIENTED_EDGE('',*,*,#10129,.F.);
#10139=EDGE_CURVE('',#10112,#10130,#10144,.T.);
#10144=LINE('',#10113,#10146);
#10146=VECTOR('',#10147,0.762);
#10147=DIRECTION('',(0.0,1.0,0.0));
#10138=ORIENTED_EDGE('',*,*,#10139,.F.);
#10148=STYLED_ITEM('',(#34),#10149);
#10149=ADVANCED_FACE('',(#10155),#10150,.T.);
#10150=PLANE('',#10151);
#10151=AXIS2_PLACEMENT_3D('',#10152,#10153,#10154);
#10152=CARTESIAN_POINT('',(13.081,-0.381,-4.89));
#10153=DIRECTION('',(1.0,0.0,0.0));
#10154=DIRECTION('',(0.,0.,1.));
#10155=FACE_OUTER_BOUND('',#10156,.T.);
#10156=EDGE_LOOP('',(#10157,#10167,#10177,#10187));
#10160=CARTESIAN_POINT('',(13.081,0.381,-4.89));
#10159=VERTEX_POINT('',#10160);
#10162=CARTESIAN_POINT('',(13.081,-0.381,-4.89));
#10161=VERTEX_POINT('',#10162);
#10158=EDGE_CURVE('',#10159,#10161,#10163,.T.);
#10163=LINE('',#10160,#10165);
#10165=VECTOR('',#10166,0.762);
#10166=DIRECTION('',(0.0,-1.0,0.0));
#10157=ORIENTED_EDGE('',*,*,#10158,.F.);
#10168=EDGE_CURVE('',#10120,#10159,#10173,.T.);
#10173=LINE('',#10121,#10175);
#10175=VECTOR('',#10176,4.8895);
#10176=DIRECTION('',(0.0,0.0,-1.0));
#10167=ORIENTED_EDGE('',*,*,#10168,.F.);
#10177=ORIENTED_EDGE('',*,*,#10119,.T.);
#10188=EDGE_CURVE('',#10161,#10110,#10193,.T.);
#10193=LINE('',#10162,#10195);
#10195=VECTOR('',#10196,4.8895);
#10196=DIRECTION('',(0.0,0.0,1.0));
#10187=ORIENTED_EDGE('',*,*,#10188,.F.);
#10197=STYLED_ITEM('',(#34),#10198);
#10198=ADVANCED_FACE('',(#10204),#10199,.T.);
#10199=PLANE('',#10200);
#10200=AXIS2_PLACEMENT_3D('',#10201,#10202,#10203);
#10201=CARTESIAN_POINT('',(13.081,0.381,-4.89));
#10202=DIRECTION('',(0.0,1.0,0.0));
#10203=DIRECTION('',(0.,0.,1.));
#10204=FACE_OUTER_BOUND('',#10205,.T.);
#10205=EDGE_LOOP('',(#10206,#10216,#10226,#10236));
#10209=CARTESIAN_POINT('',(12.319,0.381,-4.89));
#10208=VERTEX_POINT('',#10209);
#10207=EDGE_CURVE('',#10208,#10159,#10212,.T.);
#10212=LINE('',#10209,#10214);
#10214=VECTOR('',#10215,0.762);
#10215=DIRECTION('',(1.0,0.0,0.0));
#10206=ORIENTED_EDGE('',*,*,#10207,.F.);
#10217=EDGE_CURVE('',#10130,#10208,#10222,.T.);
#10222=LINE('',#10131,#10224);
#10224=VECTOR('',#10225,4.8895);
#10225=DIRECTION('',(0.0,0.0,-1.0));
#10216=ORIENTED_EDGE('',*,*,#10217,.F.);
#10226=ORIENTED_EDGE('',*,*,#10129,.T.);
#10236=ORIENTED_EDGE('',*,*,#10168,.T.);
#10246=STYLED_ITEM('',(#34),#10247);
#10247=ADVANCED_FACE('',(#10253),#10248,.T.);
#10248=PLANE('',#10249);
#10249=AXIS2_PLACEMENT_3D('',#10250,#10251,#10252);
#10250=CARTESIAN_POINT('',(12.319,0.381,-4.89));
#10251=DIRECTION('',(-1.0,0.0,0.0));
#10252=DIRECTION('',(0.,0.,1.));
#10253=FACE_OUTER_BOUND('',#10254,.T.);
#10254=EDGE_LOOP('',(#10255,#10265,#10275,#10285));
#10258=CARTESIAN_POINT('',(12.319,-0.381,-4.89));
#10257=VERTEX_POINT('',#10258);
#10256=EDGE_CURVE('',#10257,#10208,#10261,.T.);
#10261=LINE('',#10258,#10263);
#10263=VECTOR('',#10264,0.762);
#10264=DIRECTION('',(0.0,1.0,0.0));
#10255=ORIENTED_EDGE('',*,*,#10256,.F.);
#10266=EDGE_CURVE('',#10112,#10257,#10271,.T.);
#10271=LINE('',#10113,#10273);
#10273=VECTOR('',#10274,4.8895);
#10274=DIRECTION('',(0.0,0.0,-1.0));
#10265=ORIENTED_EDGE('',*,*,#10266,.F.);
#10275=ORIENTED_EDGE('',*,*,#10139,.T.);
#10285=ORIENTED_EDGE('',*,*,#10217,.T.);
#10295=STYLED_ITEM('',(#34),#10296);
#10296=ADVANCED_FACE('',(#10302),#10297,.T.);
#10297=PLANE('',#10298);
#10298=AXIS2_PLACEMENT_3D('',#10299,#10300,#10301);
#10299=CARTESIAN_POINT('',(12.319,-0.381,-4.89));
#10300=DIRECTION('',(0.0,-1.0,0.0));
#10301=DIRECTION('',(0.,0.,1.));
#10302=FACE_OUTER_BOUND('',#10303,.T.);
#10303=EDGE_LOOP('',(#10304,#10314,#10324,#10334));
#10305=EDGE_CURVE('',#10161,#10257,#10310,.T.);
#10310=LINE('',#10162,#10312);
#10312=VECTOR('',#10313,0.762);
#10313=DIRECTION('',(-1.0,0.0,0.0));
#10304=ORIENTED_EDGE('',*,*,#10305,.F.);
#10314=ORIENTED_EDGE('',*,*,#10188,.T.);
#10324=ORIENTED_EDGE('',*,*,#10109,.T.);
#10334=ORIENTED_EDGE('',*,*,#10266,.T.);
#10344=STYLED_ITEM('',(#34),#10345);
#10345=ADVANCED_FACE('',(#10351),#10346,.T.);
#10346=PLANE('',#10347);
#10347=AXIS2_PLACEMENT_3D('',#10348,#10349,#10350);
#10348=CARTESIAN_POINT('',(12.89,-0.19,-5.08));
#10349=DIRECTION('',(0.707,0.0,-0.707));
#10350=DIRECTION('',(0.,0.,1.));
#10351=FACE_OUTER_BOUND('',#10352,.T.);
#10352=EDGE_LOOP('',(#10353,#10363,#10373,#10383));
#10356=CARTESIAN_POINT('',(12.89,0.19,-5.08));
#10355=VERTEX_POINT('',#10356);
#10358=CARTESIAN_POINT('',(12.89,-0.19,-5.08));
#10357=VERTEX_POINT('',#10358);
#10354=EDGE_CURVE('',#10355,#10357,#10359,.T.);
#10359=LINE('',#10356,#10361);
#10361=VECTOR('',#10362,0.381);
#10362=DIRECTION('',(0.0,-1.0,0.0));
#10353=ORIENTED_EDGE('',*,*,#10354,.F.);
#10364=EDGE_CURVE('',#10159,#10355,#10369,.T.);
#10369=LINE('',#10160,#10371);
#10371=VECTOR('',#10372,0.329955678841871);
#10372=DIRECTION('',(-0.577,-0.577,-0.577));
#10363=ORIENTED_EDGE('',*,*,#10364,.F.);
#10373=ORIENTED_EDGE('',*,*,#10158,.T.);
#10384=EDGE_CURVE('',#10357,#10161,#10389,.T.);
#10389=LINE('',#10358,#10391);
#10391=VECTOR('',#10392,0.329955678841871);
#10392=DIRECTION('',(0.577,-0.577,0.577));
#10383=ORIENTED_EDGE('',*,*,#10384,.F.);
#10393=STYLED_ITEM('',(#34),#10394);
#10394=ADVANCED_FACE('',(#10400),#10395,.T.);
#10395=PLANE('',#10396);
#10396=AXIS2_PLACEMENT_3D('',#10397,#10398,#10399);
#10397=CARTESIAN_POINT('',(12.89,0.19,-5.08));
#10398=DIRECTION('',(0.0,0.707,-0.707));
#10399=DIRECTION('',(0.,0.,1.));
#10400=FACE_OUTER_BOUND('',#10401,.T.);
#10401=EDGE_LOOP('',(#10402,#10412,#10422,#10432));
#10405=CARTESIAN_POINT('',(12.51,0.19,-5.08));
#10404=VERTEX_POINT('',#10405);
#10403=EDGE_CURVE('',#10404,#10355,#10408,.T.);
#10408=LINE('',#10405,#10410);
#10410=VECTOR('',#10411,0.381);
#10411=DIRECTION('',(1.0,0.0,0.0));
#10402=ORIENTED_EDGE('',*,*,#10403,.F.);
#10413=EDGE_CURVE('',#10208,#10404,#10418,.T.);
#10418=LINE('',#10209,#10420);
#10420=VECTOR('',#10421,0.329955678841871);
#10421=DIRECTION('',(0.577,-0.577,-0.577));
#10412=ORIENTED_EDGE('',*,*,#10413,.F.);
#10422=ORIENTED_EDGE('',*,*,#10207,.T.);
#10432=ORIENTED_EDGE('',*,*,#10364,.T.);
#10442=STYLED_ITEM('',(#34),#10443);
#10443=ADVANCED_FACE('',(#10449),#10444,.T.);
#10444=PLANE('',#10445);
#10445=AXIS2_PLACEMENT_3D('',#10446,#10447,#10448);
#10446=CARTESIAN_POINT('',(12.51,0.19,-5.08));
#10447=DIRECTION('',(-0.707,0.0,-0.707));
#10448=DIRECTION('',(0.,0.,1.));
#10449=FACE_OUTER_BOUND('',#10450,.T.);
#10450=EDGE_LOOP('',(#10451,#10461,#10471,#10481));
#10454=CARTESIAN_POINT('',(12.51,-0.19,-5.08));
#10453=VERTEX_POINT('',#10454);
#10452=EDGE_CURVE('',#10453,#10404,#10457,.T.);
#10457=LINE('',#10454,#10459);
#10459=VECTOR('',#10460,0.381);
#10460=DIRECTION('',(0.0,1.0,0.0));
#10451=ORIENTED_EDGE('',*,*,#10452,.F.);
#10462=EDGE_CURVE('',#10257,#10453,#10467,.T.);
#10467=LINE('',#10258,#10469);
#10469=VECTOR('',#10470,0.329955678841871);
#10470=DIRECTION('',(0.577,0.577,-0.577));
#10461=ORIENTED_EDGE('',*,*,#10462,.F.);
#10471=ORIENTED_EDGE('',*,*,#10256,.T.);
#10481=ORIENTED_EDGE('',*,*,#10413,.T.);
#10491=STYLED_ITEM('',(#34),#10492);
#10492=ADVANCED_FACE('',(#10498),#10493,.T.);
#10493=PLANE('',#10494);
#10494=AXIS2_PLACEMENT_3D('',#10495,#10496,#10497);
#10495=CARTESIAN_POINT('',(12.51,-0.19,-5.08));
#10496=DIRECTION('',(0.0,-0.707,-0.707));
#10497=DIRECTION('',(0.,0.,1.));
#10498=FACE_OUTER_BOUND('',#10499,.T.);
#10499=EDGE_LOOP('',(#10500,#10510,#10520,#10530));
#10501=EDGE_CURVE('',#10357,#10453,#10506,.T.);
#10506=LINE('',#10358,#10508);
#10508=VECTOR('',#10509,0.381);
#10509=DIRECTION('',(-1.0,0.0,0.0));
#10500=ORIENTED_EDGE('',*,*,#10501,.F.);
#10510=ORIENTED_EDGE('',*,*,#10384,.T.);
#10520=ORIENTED_EDGE('',*,*,#10305,.T.);
#10530=ORIENTED_EDGE('',*,*,#10462,.T.);
#10540=STYLED_ITEM('',(#34),#10541);
#10541=ADVANCED_FACE('',(#10547),#10542,.T.);
#10542=PLANE('',#10543);
#10543=AXIS2_PLACEMENT_3D('',#10544,#10545,#10546);
#10544=CARTESIAN_POINT('',(12.51,0.19,-5.08));
#10545=DIRECTION('',(0.0,0.0,-1.0));
#10546=DIRECTION('',(0.,1.,0.));
#10547=FACE_OUTER_BOUND('',#10548,.T.);
#10548=EDGE_LOOP('',(#10549,#10559,#10569,#10579));
#10549=ORIENTED_EDGE('',*,*,#10403,.T.);
#10559=ORIENTED_EDGE('',*,*,#10354,.T.);
#10569=ORIENTED_EDGE('',*,*,#10501,.T.);
#10579=ORIENTED_EDGE('',*,*,#10452,.T.);
#10589=MANIFOLD_SOLID_BREP($,#10590);
#10590=CLOSED_SHELL('',(#10594,#10643,#10692,#10741,#10790,#10839,#10888,#10937,#10986,#11035));
#10591=MANIFOLD_SOLID_BREP($,#10592);
#10592=CLOSED_SHELL('',(#11084,#11133,#11182,#11231,#11280,#11329,#11378,#11427,#11476,#11525));
#10593=STYLED_ITEM('',(#34),#10594);
#10594=ADVANCED_FACE('',(#10600),#10595,.T.);
#10595=PLANE('',#10596);
#10596=AXIS2_PLACEMENT_3D('',#10597,#10598,#10599);
#10597=CARTESIAN_POINT('',(9.97,-0.19,8.89));
#10598=DIRECTION('',(0.0,0.0,1.0));
#10599=DIRECTION('',(0.,1.,0.));
#10600=FACE_OUTER_BOUND('',#10601,.T.);
#10601=EDGE_LOOP('',(#10602,#10612,#10622,#10632));
#10605=CARTESIAN_POINT('',(10.35,-0.19,8.89));
#10604=VERTEX_POINT('',#10605);
#10607=CARTESIAN_POINT('',(9.97,-0.19,8.89));
#10606=VERTEX_POINT('',#10607);
#10603=EDGE_CURVE('',#10604,#10606,#10608,.T.);
#10608=LINE('',#10605,#10610);
#10610=VECTOR('',#10611,0.381);
#10611=DIRECTION('',(-1.0,0.0,0.0));
#10602=ORIENTED_EDGE('',*,*,#10603,.F.);
#10615=CARTESIAN_POINT('',(10.35,0.19,8.89));
#10614=VERTEX_POINT('',#10615);
#10613=EDGE_CURVE('',#10614,#10604,#10618,.T.);
#10618=LINE('',#10615,#10620);
#10620=VECTOR('',#10621,0.381);
#10621=DIRECTION('',(0.0,-1.0,0.0));
#10612=ORIENTED_EDGE('',*,*,#10613,.F.);
#10625=CARTESIAN_POINT('',(9.97,0.19,8.89));
#10624=VERTEX_POINT('',#10625);
#10623=EDGE_CURVE('',#10624,#10614,#10628,.T.);
#10628=LINE('',#10625,#10630);
#10630=VECTOR('',#10631,0.381);
#10631=DIRECTION('',(1.0,0.0,0.0));
#10622=ORIENTED_EDGE('',*,*,#10623,.F.);
#10633=EDGE_CURVE('',#10606,#10624,#10638,.T.);
#10638=LINE('',#10607,#10640);
#10640=VECTOR('',#10641,0.381);
#10641=DIRECTION('',(0.0,1.0,0.0));
#10632=ORIENTED_EDGE('',*,*,#10633,.F.);
#10642=STYLED_ITEM('',(#34),#10643);
#10643=ADVANCED_FACE('',(#10649),#10644,.T.);
#10644=PLANE('',#10645);
#10645=AXIS2_PLACEMENT_3D('',#10646,#10647,#10648);
#10646=CARTESIAN_POINT('',(10.541,-0.381,8.7));
#10647=DIRECTION('',(0.707,0.0,0.707));
#10648=DIRECTION('',(0.,0.,1.));
#10649=FACE_OUTER_BOUND('',#10650,.T.);
#10650=EDGE_LOOP('',(#10651,#10661,#10671,#10681));
#10654=CARTESIAN_POINT('',(10.541,0.381,8.7));
#10653=VERTEX_POINT('',#10654);
#10656=CARTESIAN_POINT('',(10.541,-0.381,8.7));
#10655=VERTEX_POINT('',#10656);
#10652=EDGE_CURVE('',#10653,#10655,#10657,.T.);
#10657=LINE('',#10654,#10659);
#10659=VECTOR('',#10660,0.762);
#10660=DIRECTION('',(0.0,-1.0,0.0));
#10651=ORIENTED_EDGE('',*,*,#10652,.F.);
#10662=EDGE_CURVE('',#10614,#10653,#10667,.T.);
#10667=LINE('',#10615,#10669);
#10669=VECTOR('',#10670,0.329955678841871);
#10670=DIRECTION('',(0.577,0.577,-0.577));
#10661=ORIENTED_EDGE('',*,*,#10662,.F.);
#10671=ORIENTED_EDGE('',*,*,#10613,.T.);
#10682=EDGE_CURVE('',#10655,#10604,#10687,.T.);
#10687=LINE('',#10656,#10689);
#10689=VECTOR('',#10690,0.329955678841871);
#10690=DIRECTION('',(-0.577,0.577,0.577));
#10681=ORIENTED_EDGE('',*,*,#10682,.F.);
#10691=STYLED_ITEM('',(#34),#10692);
#10692=ADVANCED_FACE('',(#10698),#10693,.T.);
#10693=PLANE('',#10694);
#10694=AXIS2_PLACEMENT_3D('',#10695,#10696,#10697);
#10695=CARTESIAN_POINT('',(10.541,0.381,8.7));
#10696=DIRECTION('',(0.0,0.707,0.707));
#10697=DIRECTION('',(0.,0.,1.));
#10698=FACE_OUTER_BOUND('',#10699,.T.);
#10699=EDGE_LOOP('',(#10700,#10710,#10720,#10730));
#10703=CARTESIAN_POINT('',(9.779,0.381,8.7));
#10702=VERTEX_POINT('',#10703);
#10701=EDGE_CURVE('',#10702,#10653,#10706,.T.);
#10706=LINE('',#10703,#10708);
#10708=VECTOR('',#10709,0.762);
#10709=DIRECTION('',(1.0,0.0,0.0));
#10700=ORIENTED_EDGE('',*,*,#10701,.F.);
#10711=EDGE_CURVE('',#10624,#10702,#10716,.T.);
#10716=LINE('',#10625,#10718);
#10718=VECTOR('',#10719,0.329955678841871);
#10719=DIRECTION('',(-0.577,0.577,-0.577));
#10710=ORIENTED_EDGE('',*,*,#10711,.F.);
#10720=ORIENTED_EDGE('',*,*,#10623,.T.);
#10730=ORIENTED_EDGE('',*,*,#10662,.T.);
#10740=STYLED_ITEM('',(#34),#10741);
#10741=ADVANCED_FACE('',(#10747),#10742,.T.);
#10742=PLANE('',#10743);
#10743=AXIS2_PLACEMENT_3D('',#10744,#10745,#10746);
#10744=CARTESIAN_POINT('',(9.779,0.381,8.7));
#10745=DIRECTION('',(-0.707,0.0,0.707));
#10746=DIRECTION('',(0.,0.,1.));
#10747=FACE_OUTER_BOUND('',#10748,.T.);
#10748=EDGE_LOOP('',(#10749,#10759,#10769,#10779));
#10752=CARTESIAN_POINT('',(9.779,-0.381,8.7));
#10751=VERTEX_POINT('',#10752);
#10750=EDGE_CURVE('',#10751,#10702,#10755,.T.);
#10755=LINE('',#10752,#10757);
#10757=VECTOR('',#10758,0.762);
#10758=DIRECTION('',(0.0,1.0,0.0));
#10749=ORIENTED_EDGE('',*,*,#10750,.F.);
#10760=EDGE_CURVE('',#10606,#10751,#10765,.T.);
#10765=LINE('',#10607,#10767);
#10767=VECTOR('',#10768,0.329955678841871);
#10768=DIRECTION('',(-0.577,-0.577,-0.577));
#10759=ORIENTED_EDGE('',*,*,#10760,.F.);
#10769=ORIENTED_EDGE('',*,*,#10633,.T.);
#10779=ORIENTED_EDGE('',*,*,#10711,.T.);
#10789=STYLED_ITEM('',(#34),#10790);
#10790=ADVANCED_FACE('',(#10796),#10791,.T.);
#10791=PLANE('',#10792);
#10792=AXIS2_PLACEMENT_3D('',#10793,#10794,#10795);
#10793=CARTESIAN_POINT('',(9.779,-0.381,8.7));
#10794=DIRECTION('',(0.0,-0.707,0.707));
#10795=DIRECTION('',(0.,0.,1.));
#10796=FACE_OUTER_BOUND('',#10797,.T.);
#10797=EDGE_LOOP('',(#10798,#10808,#10818,#10828));
#10799=EDGE_CURVE('',#10655,#10751,#10804,.T.);
#10804=LINE('',#10656,#10806);
#10806=VECTOR('',#10807,0.762);
#10807=DIRECTION('',(-1.0,0.0,0.0));
#10798=ORIENTED_EDGE('',*,*,#10799,.F.);
#10808=ORIENTED_EDGE('',*,*,#10682,.T.);
#10818=ORIENTED_EDGE('',*,*,#10603,.T.);
#10828=ORIENTED_EDGE('',*,*,#10760,.T.);
#10838=STYLED_ITEM('',(#34),#10839);
#10839=ADVANCED_FACE('',(#10845),#10840,.T.);
#10840=PLANE('',#10841);
#10841=AXIS2_PLACEMENT_3D('',#10842,#10843,#10844);
#10842=CARTESIAN_POINT('',(10.541,-0.381,2.659));
#10843=DIRECTION('',(1.0,0.0,0.0));
#10844=DIRECTION('',(0.,0.,1.));
#10845=FACE_OUTER_BOUND('',#10846,.T.);
#10846=EDGE_LOOP('',(#10847,#10857,#10867,#10877));
#10850=CARTESIAN_POINT('',(10.541,0.381,2.659));
#10849=VERTEX_POINT('',#10850);
#10852=CARTESIAN_POINT('',(10.541,-0.381,2.659));
#10851=VERTEX_POINT('',#10852);
#10848=EDGE_CURVE('',#10849,#10851,#10853,.T.);
#10853=LINE('',#10850,#10855);
#10855=VECTOR('',#10856,0.762);
#10856=DIRECTION('',(0.0,-1.0,0.0));
#10847=ORIENTED_EDGE('',*,*,#10848,.F.);
#10858=EDGE_CURVE('',#10653,#10849,#10863,.T.);
#10863=LINE('',#10654,#10865);
#10865=VECTOR('',#10866,6.0409693252);
#10866=DIRECTION('',(0.0,0.0,-1.0));
#10857=ORIENTED_EDGE('',*,*,#10858,.F.);
#10867=ORIENTED_EDGE('',*,*,#10652,.T.);
#10878=EDGE_CURVE('',#10851,#10655,#10883,.T.);
#10883=LINE('',#10852,#10885);
#10885=VECTOR('',#10886,6.0409693252);
#10886=DIRECTION('',(0.0,0.0,1.0));
#10877=ORIENTED_EDGE('',*,*,#10878,.F.);
#10887=STYLED_ITEM('',(#34),#10888);
#10888=ADVANCED_FACE('',(#10894),#10889,.T.);
#10889=PLANE('',#10890);
#10890=AXIS2_PLACEMENT_3D('',#10891,#10892,#10893);
#10891=CARTESIAN_POINT('',(10.541,0.381,2.659));
#10892=DIRECTION('',(0.0,1.0,0.0));
#10893=DIRECTION('',(0.,0.,1.));
#10894=FACE_OUTER_BOUND('',#10895,.T.);
#10895=EDGE_LOOP('',(#10896,#10906,#10916,#10926));
#10899=CARTESIAN_POINT('',(9.779,0.381,2.659));
#10898=VERTEX_POINT('',#10899);
#10897=EDGE_CURVE('',#10898,#10849,#10902,.T.);
#10902=LINE('',#10899,#10904);
#10904=VECTOR('',#10905,0.762);
#10905=DIRECTION('',(1.0,0.0,0.0));
#10896=ORIENTED_EDGE('',*,*,#10897,.F.);
#10907=EDGE_CURVE('',#10702,#10898,#10912,.T.);
#10912=LINE('',#10703,#10914);
#10914=VECTOR('',#10915,6.0409693252);
#10915=DIRECTION('',(0.0,0.0,-1.0));
#10906=ORIENTED_EDGE('',*,*,#10907,.F.);
#10916=ORIENTED_EDGE('',*,*,#10701,.T.);
#10926=ORIENTED_EDGE('',*,*,#10858,.T.);
#10936=STYLED_ITEM('',(#34),#10937);
#10937=ADVANCED_FACE('',(#10943),#10938,.T.);
#10938=PLANE('',#10939);
#10939=AXIS2_PLACEMENT_3D('',#10940,#10941,#10942);
#10940=CARTESIAN_POINT('',(9.779,0.381,2.659));
#10941=DIRECTION('',(-1.0,0.0,0.0));
#10942=DIRECTION('',(0.,0.,1.));
#10943=FACE_OUTER_BOUND('',#10944,.T.);
#10944=EDGE_LOOP('',(#10945,#10955,#10965,#10975));
#10948=CARTESIAN_POINT('',(9.779,-0.381,2.659));
#10947=VERTEX_POINT('',#10948);
#10946=EDGE_CURVE('',#10947,#10898,#10951,.T.);
#10951=LINE('',#10948,#10953);
#10953=VECTOR('',#10954,0.762);
#10954=DIRECTION('',(0.0,1.0,0.0));
#10945=ORIENTED_EDGE('',*,*,#10946,.F.);
#10956=EDGE_CURVE('',#10751,#10947,#10961,.T.);
#10961=LINE('',#10752,#10963);
#10963=VECTOR('',#10964,6.0409693252);
#10964=DIRECTION('',(0.0,0.0,-1.0));
#10955=ORIENTED_EDGE('',*,*,#10956,.F.);
#10965=ORIENTED_EDGE('',*,*,#10750,.T.);
#10975=ORIENTED_EDGE('',*,*,#10907,.T.);
#10985=STYLED_ITEM('',(#34),#10986);
#10986=ADVANCED_FACE('',(#10992),#10987,.T.);
#10987=PLANE('',#10988);
#10988=AXIS2_PLACEMENT_3D('',#10989,#10990,#10991);
#10989=CARTESIAN_POINT('',(9.779,-0.381,2.659));
#10990=DIRECTION('',(0.0,-1.0,0.0));
#10991=DIRECTION('',(0.,0.,1.));
#10992=FACE_OUTER_BOUND('',#10993,.T.);
#10993=EDGE_LOOP('',(#10994,#11004,#11014,#11024));
#10995=EDGE_CURVE('',#10851,#10947,#11000,.T.);
#11000=LINE('',#10852,#11002);
#11002=VECTOR('',#11003,0.762);
#11003=DIRECTION('',(-1.0,0.0,0.0));
#10994=ORIENTED_EDGE('',*,*,#10995,.F.);
#11004=ORIENTED_EDGE('',*,*,#10878,.T.);
#11014=ORIENTED_EDGE('',*,*,#10799,.T.);
#11024=ORIENTED_EDGE('',*,*,#10956,.T.);
#11034=STYLED_ITEM('',(#34),#11035);
#11035=ADVANCED_FACE('',(#11041),#11036,.T.);
#11036=PLANE('',#11037);
#11037=AXIS2_PLACEMENT_3D('',#11038,#11039,#11040);
#11038=CARTESIAN_POINT('',(9.779,0.381,2.659));
#11039=DIRECTION('',(0.0,0.0,-1.0));
#11040=DIRECTION('',(0.,1.,0.));
#11041=FACE_OUTER_BOUND('',#11042,.T.);
#11042=EDGE_LOOP('',(#11043,#11053,#11063,#11073));
#11043=ORIENTED_EDGE('',*,*,#10897,.T.);
#11053=ORIENTED_EDGE('',*,*,#10848,.T.);
#11063=ORIENTED_EDGE('',*,*,#10995,.T.);
#11073=ORIENTED_EDGE('',*,*,#10946,.T.);
#11083=STYLED_ITEM('',(#34),#11084);
#11084=ADVANCED_FACE('',(#11090),#11085,.T.);
#11085=PLANE('',#11086);
#11086=AXIS2_PLACEMENT_3D('',#11087,#11088,#11089);
#11087=CARTESIAN_POINT('',(9.779,-0.381,0.0));
#11088=DIRECTION('',(0.0,0.0,1.0));
#11089=DIRECTION('',(0.,1.,0.));
#11090=FACE_OUTER_BOUND('',#11091,.T.);
#11091=EDGE_LOOP('',(#11092,#11102,#11112,#11122));
#11095=CARTESIAN_POINT('',(10.541,-0.381,0.0));
#11094=VERTEX_POINT('',#11095);
#11097=CARTESIAN_POINT('',(9.779,-0.381,0.0));
#11096=VERTEX_POINT('',#11097);
#11093=EDGE_CURVE('',#11094,#11096,#11098,.T.);
#11098=LINE('',#11095,#11100);
#11100=VECTOR('',#11101,0.762);
#11101=DIRECTION('',(-1.0,0.0,0.0));
#11092=ORIENTED_EDGE('',*,*,#11093,.F.);
#11105=CARTESIAN_POINT('',(10.541,0.381,0.0));
#11104=VERTEX_POINT('',#11105);
#11103=EDGE_CURVE('',#11104,#11094,#11108,.T.);
#11108=LINE('',#11105,#11110);
#11110=VECTOR('',#11111,0.762);
#11111=DIRECTION('',(0.0,-1.0,0.0));
#11102=ORIENTED_EDGE('',*,*,#11103,.F.);
#11115=CARTESIAN_POINT('',(9.779,0.381,0.0));
#11114=VERTEX_POINT('',#11115);
#11113=EDGE_CURVE('',#11114,#11104,#11118,.T.);
#11118=LINE('',#11115,#11120);
#11120=VECTOR('',#11121,0.762);
#11121=DIRECTION('',(1.0,0.0,0.0));
#11112=ORIENTED_EDGE('',*,*,#11113,.F.);
#11123=EDGE_CURVE('',#11096,#11114,#11128,.T.);
#11128=LINE('',#11097,#11130);
#11130=VECTOR('',#11131,0.762);
#11131=DIRECTION('',(0.0,1.0,0.0));
#11122=ORIENTED_EDGE('',*,*,#11123,.F.);
#11132=STYLED_ITEM('',(#34),#11133);
#11133=ADVANCED_FACE('',(#11139),#11134,.T.);
#11134=PLANE('',#11135);
#11135=AXIS2_PLACEMENT_3D('',#11136,#11137,#11138);
#11136=CARTESIAN_POINT('',(10.541,-0.381,-4.89));
#11137=DIRECTION('',(1.0,0.0,0.0));
#11138=DIRECTION('',(0.,0.,1.));
#11139=FACE_OUTER_BOUND('',#11140,.T.);
#11140=EDGE_LOOP('',(#11141,#11151,#11161,#11171));
#11144=CARTESIAN_POINT('',(10.541,0.381,-4.89));
#11143=VERTEX_POINT('',#11144);
#11146=CARTESIAN_POINT('',(10.541,-0.381,-4.89));
#11145=VERTEX_POINT('',#11146);
#11142=EDGE_CURVE('',#11143,#11145,#11147,.T.);
#11147=LINE('',#11144,#11149);
#11149=VECTOR('',#11150,0.762);
#11150=DIRECTION('',(0.0,-1.0,0.0));
#11141=ORIENTED_EDGE('',*,*,#11142,.F.);
#11152=EDGE_CURVE('',#11104,#11143,#11157,.T.);
#11157=LINE('',#11105,#11159);
#11159=VECTOR('',#11160,4.8895);
#11160=DIRECTION('',(0.0,0.0,-1.0));
#11151=ORIENTED_EDGE('',*,*,#11152,.F.);
#11161=ORIENTED_EDGE('',*,*,#11103,.T.);
#11172=EDGE_CURVE('',#11145,#11094,#11177,.T.);
#11177=LINE('',#11146,#11179);
#11179=VECTOR('',#11180,4.8895);
#11180=DIRECTION('',(0.0,0.0,1.0));
#11171=ORIENTED_EDGE('',*,*,#11172,.F.);
#11181=STYLED_ITEM('',(#34),#11182);
#11182=ADVANCED_FACE('',(#11188),#11183,.T.);
#11183=PLANE('',#11184);
#11184=AXIS2_PLACEMENT_3D('',#11185,#11186,#11187);
#11185=CARTESIAN_POINT('',(10.541,0.381,-4.89));
#11186=DIRECTION('',(0.0,1.0,0.0));
#11187=DIRECTION('',(0.,0.,1.));
#11188=FACE_OUTER_BOUND('',#11189,.T.);
#11189=EDGE_LOOP('',(#11190,#11200,#11210,#11220));
#11193=CARTESIAN_POINT('',(9.779,0.381,-4.89));
#11192=VERTEX_POINT('',#11193);
#11191=EDGE_CURVE('',#11192,#11143,#11196,.T.);
#11196=LINE('',#11193,#11198);
#11198=VECTOR('',#11199,0.762);
#11199=DIRECTION('',(1.0,0.0,0.0));
#11190=ORIENTED_EDGE('',*,*,#11191,.F.);
#11201=EDGE_CURVE('',#11114,#11192,#11206,.T.);
#11206=LINE('',#11115,#11208);
#11208=VECTOR('',#11209,4.8895);
#11209=DIRECTION('',(0.0,0.0,-1.0));
#11200=ORIENTED_EDGE('',*,*,#11201,.F.);
#11210=ORIENTED_EDGE('',*,*,#11113,.T.);
#11220=ORIENTED_EDGE('',*,*,#11152,.T.);
#11230=STYLED_ITEM('',(#34),#11231);
#11231=ADVANCED_FACE('',(#11237),#11232,.T.);
#11232=PLANE('',#11233);
#11233=AXIS2_PLACEMENT_3D('',#11234,#11235,#11236);
#11234=CARTESIAN_POINT('',(9.779,0.381,-4.89));
#11235=DIRECTION('',(-1.0,0.0,0.0));
#11236=DIRECTION('',(0.,0.,1.));
#11237=FACE_OUTER_BOUND('',#11238,.T.);
#11238=EDGE_LOOP('',(#11239,#11249,#11259,#11269));
#11242=CARTESIAN_POINT('',(9.779,-0.381,-4.89));
#11241=VERTEX_POINT('',#11242);
#11240=EDGE_CURVE('',#11241,#11192,#11245,.T.);
#11245=LINE('',#11242,#11247);
#11247=VECTOR('',#11248,0.762);
#11248=DIRECTION('',(0.0,1.0,0.0));
#11239=ORIENTED_EDGE('',*,*,#11240,.F.);
#11250=EDGE_CURVE('',#11096,#11241,#11255,.T.);
#11255=LINE('',#11097,#11257);
#11257=VECTOR('',#11258,4.8895);
#11258=DIRECTION('',(0.0,0.0,-1.0));
#11249=ORIENTED_EDGE('',*,*,#11250,.F.);
#11259=ORIENTED_EDGE('',*,*,#11123,.T.);
#11269=ORIENTED_EDGE('',*,*,#11201,.T.);
#11279=STYLED_ITEM('',(#34),#11280);
#11280=ADVANCED_FACE('',(#11286),#11281,.T.);
#11281=PLANE('',#11282);
#11282=AXIS2_PLACEMENT_3D('',#11283,#11284,#11285);
#11283=CARTESIAN_POINT('',(9.779,-0.381,-4.89));
#11284=DIRECTION('',(0.0,-1.0,0.0));
#11285=DIRECTION('',(0.,0.,1.));
#11286=FACE_OUTER_BOUND('',#11287,.T.);
#11287=EDGE_LOOP('',(#11288,#11298,#11308,#11318));
#11289=EDGE_CURVE('',#11145,#11241,#11294,.T.);
#11294=LINE('',#11146,#11296);
#11296=VECTOR('',#11297,0.762);
#11297=DIRECTION('',(-1.0,0.0,0.0));
#11288=ORIENTED_EDGE('',*,*,#11289,.F.);
#11298=ORIENTED_EDGE('',*,*,#11172,.T.);
#11308=ORIENTED_EDGE('',*,*,#11093,.T.);
#11318=ORIENTED_EDGE('',*,*,#11250,.T.);
#11328=STYLED_ITEM('',(#34),#11329);
#11329=ADVANCED_FACE('',(#11335),#11330,.T.);
#11330=PLANE('',#11331);
#11331=AXIS2_PLACEMENT_3D('',#11332,#11333,#11334);
#11332=CARTESIAN_POINT('',(10.35,-0.19,-5.08));
#11333=DIRECTION('',(0.707,0.0,-0.707));
#11334=DIRECTION('',(0.,0.,1.));
#11335=FACE_OUTER_BOUND('',#11336,.T.);
#11336=EDGE_LOOP('',(#11337,#11347,#11357,#11367));
#11340=CARTESIAN_POINT('',(10.35,0.19,-5.08));
#11339=VERTEX_POINT('',#11340);
#11342=CARTESIAN_POINT('',(10.35,-0.19,-5.08));
#11341=VERTEX_POINT('',#11342);
#11338=EDGE_CURVE('',#11339,#11341,#11343,.T.);
#11343=LINE('',#11340,#11345);
#11345=VECTOR('',#11346,0.381);
#11346=DIRECTION('',(0.0,-1.0,0.0));
#11337=ORIENTED_EDGE('',*,*,#11338,.F.);
#11348=EDGE_CURVE('',#11143,#11339,#11353,.T.);
#11353=LINE('',#11144,#11355);
#11355=VECTOR('',#11356,0.329955678841871);
#11356=DIRECTION('',(-0.577,-0.577,-0.577));
#11347=ORIENTED_EDGE('',*,*,#11348,.F.);
#11357=ORIENTED_EDGE('',*,*,#11142,.T.);
#11368=EDGE_CURVE('',#11341,#11145,#11373,.T.);
#11373=LINE('',#11342,#11375);
#11375=VECTOR('',#11376,0.329955678841871);
#11376=DIRECTION('',(0.577,-0.577,0.577));
#11367=ORIENTED_EDGE('',*,*,#11368,.F.);
#11377=STYLED_ITEM('',(#34),#11378);
#11378=ADVANCED_FACE('',(#11384),#11379,.T.);
#11379=PLANE('',#11380);
#11380=AXIS2_PLACEMENT_3D('',#11381,#11382,#11383);
#11381=CARTESIAN_POINT('',(10.35,0.19,-5.08));
#11382=DIRECTION('',(0.0,0.707,-0.707));
#11383=DIRECTION('',(0.,0.,1.));
#11384=FACE_OUTER_BOUND('',#11385,.T.);
#11385=EDGE_LOOP('',(#11386,#11396,#11406,#11416));
#11389=CARTESIAN_POINT('',(9.97,0.19,-5.08));
#11388=VERTEX_POINT('',#11389);
#11387=EDGE_CURVE('',#11388,#11339,#11392,.T.);
#11392=LINE('',#11389,#11394);
#11394=VECTOR('',#11395,0.381);
#11395=DIRECTION('',(1.0,0.0,0.0));
#11386=ORIENTED_EDGE('',*,*,#11387,.F.);
#11397=EDGE_CURVE('',#11192,#11388,#11402,.T.);
#11402=LINE('',#11193,#11404);
#11404=VECTOR('',#11405,0.329955678841871);
#11405=DIRECTION('',(0.577,-0.577,-0.577));
#11396=ORIENTED_EDGE('',*,*,#11397,.F.);
#11406=ORIENTED_EDGE('',*,*,#11191,.T.);
#11416=ORIENTED_EDGE('',*,*,#11348,.T.);
#11426=STYLED_ITEM('',(#34),#11427);
#11427=ADVANCED_FACE('',(#11433),#11428,.T.);
#11428=PLANE('',#11429);
#11429=AXIS2_PLACEMENT_3D('',#11430,#11431,#11432);
#11430=CARTESIAN_POINT('',(9.97,0.19,-5.08));
#11431=DIRECTION('',(-0.707,0.0,-0.707));
#11432=DIRECTION('',(0.,0.,1.));
#11433=FACE_OUTER_BOUND('',#11434,.T.);
#11434=EDGE_LOOP('',(#11435,#11445,#11455,#11465));
#11438=CARTESIAN_POINT('',(9.97,-0.19,-5.08));
#11437=VERTEX_POINT('',#11438);
#11436=EDGE_CURVE('',#11437,#11388,#11441,.T.);
#11441=LINE('',#11438,#11443);
#11443=VECTOR('',#11444,0.381);
#11444=DIRECTION('',(0.0,1.0,0.0));
#11435=ORIENTED_EDGE('',*,*,#11436,.F.);
#11446=EDGE_CURVE('',#11241,#11437,#11451,.T.);
#11451=LINE('',#11242,#11453);
#11453=VECTOR('',#11454,0.329955678841871);
#11454=DIRECTION('',(0.577,0.577,-0.577));
#11445=ORIENTED_EDGE('',*,*,#11446,.F.);
#11455=ORIENTED_EDGE('',*,*,#11240,.T.);
#11465=ORIENTED_EDGE('',*,*,#11397,.T.);
#11475=STYLED_ITEM('',(#34),#11476);
#11476=ADVANCED_FACE('',(#11482),#11477,.T.);
#11477=PLANE('',#11478);
#11478=AXIS2_PLACEMENT_3D('',#11479,#11480,#11481);
#11479=CARTESIAN_POINT('',(9.97,-0.19,-5.08));
#11480=DIRECTION('',(0.0,-0.707,-0.707));
#11481=DIRECTION('',(0.,0.,1.));
#11482=FACE_OUTER_BOUND('',#11483,.T.);
#11483=EDGE_LOOP('',(#11484,#11494,#11504,#11514));
#11485=EDGE_CURVE('',#11341,#11437,#11490,.T.);
#11490=LINE('',#11342,#11492);
#11492=VECTOR('',#11493,0.381);
#11493=DIRECTION('',(-1.0,0.0,0.0));
#11484=ORIENTED_EDGE('',*,*,#11485,.F.);
#11494=ORIENTED_EDGE('',*,*,#11368,.T.);
#11504=ORIENTED_EDGE('',*,*,#11289,.T.);
#11514=ORIENTED_EDGE('',*,*,#11446,.T.);
#11524=STYLED_ITEM('',(#34),#11525);
#11525=ADVANCED_FACE('',(#11531),#11526,.T.);
#11526=PLANE('',#11527);
#11527=AXIS2_PLACEMENT_3D('',#11528,#11529,#11530);
#11528=CARTESIAN_POINT('',(9.97,0.19,-5.08));
#11529=DIRECTION('',(0.0,0.0,-1.0));
#11530=DIRECTION('',(0.,1.,0.));
#11531=FACE_OUTER_BOUND('',#11532,.T.);
#11532=EDGE_LOOP('',(#11533,#11543,#11553,#11563));
#11533=ORIENTED_EDGE('',*,*,#11387,.T.);
#11543=ORIENTED_EDGE('',*,*,#11338,.T.);
#11553=ORIENTED_EDGE('',*,*,#11485,.T.);
#11563=ORIENTED_EDGE('',*,*,#11436,.T.);
#11573=MANIFOLD_SOLID_BREP($,#11574);
#11574=CLOSED_SHELL('',(#11578,#11627,#11676,#11725,#11774,#11823,#11872,#11921,#11970,#12019));
#11575=MANIFOLD_SOLID_BREP($,#11576);
#11576=CLOSED_SHELL('',(#12068,#12117,#12166,#12215,#12264,#12313,#12362,#12411,#12460,#12509));
#11577=STYLED_ITEM('',(#34),#11578);
#11578=ADVANCED_FACE('',(#11584),#11579,.T.);
#11579=PLANE('',#11580);
#11580=AXIS2_PLACEMENT_3D('',#11581,#11582,#11583);
#11581=CARTESIAN_POINT('',(7.43,-0.19,8.89));
#11582=DIRECTION('',(0.0,0.0,1.0));
#11583=DIRECTION('',(0.,1.,0.));
#11584=FACE_OUTER_BOUND('',#11585,.T.);
#11585=EDGE_LOOP('',(#11586,#11596,#11606,#11616));
#11589=CARTESIAN_POINT('',(7.81,-0.19,8.89));
#11588=VERTEX_POINT('',#11589);
#11591=CARTESIAN_POINT('',(7.43,-0.19,8.89));
#11590=VERTEX_POINT('',#11591);
#11587=EDGE_CURVE('',#11588,#11590,#11592,.T.);
#11592=LINE('',#11589,#11594);
#11594=VECTOR('',#11595,0.381);
#11595=DIRECTION('',(-1.0,0.0,0.0));
#11586=ORIENTED_EDGE('',*,*,#11587,.F.);
#11599=CARTESIAN_POINT('',(7.81,0.19,8.89));
#11598=VERTEX_POINT('',#11599);
#11597=EDGE_CURVE('',#11598,#11588,#11602,.T.);
#11602=LINE('',#11599,#11604);
#11604=VECTOR('',#11605,0.381);
#11605=DIRECTION('',(0.0,-1.0,0.0));
#11596=ORIENTED_EDGE('',*,*,#11597,.F.);
#11609=CARTESIAN_POINT('',(7.43,0.19,8.89));
#11608=VERTEX_POINT('',#11609);
#11607=EDGE_CURVE('',#11608,#11598,#11612,.T.);
#11612=LINE('',#11609,#11614);
#11614=VECTOR('',#11615,0.381);
#11615=DIRECTION('',(1.0,0.0,0.0));
#11606=ORIENTED_EDGE('',*,*,#11607,.F.);
#11617=EDGE_CURVE('',#11590,#11608,#11622,.T.);
#11622=LINE('',#11591,#11624);
#11624=VECTOR('',#11625,0.381);
#11625=DIRECTION('',(0.0,1.0,0.0));
#11616=ORIENTED_EDGE('',*,*,#11617,.F.);
#11626=STYLED_ITEM('',(#34),#11627);
#11627=ADVANCED_FACE('',(#11633),#11628,.T.);
#11628=PLANE('',#11629);
#11629=AXIS2_PLACEMENT_3D('',#11630,#11631,#11632);
#11630=CARTESIAN_POINT('',(8.001,-0.381,8.7));
#11631=DIRECTION('',(0.707,0.0,0.707));
#11632=DIRECTION('',(0.,0.,1.));
#11633=FACE_OUTER_BOUND('',#11634,.T.);
#11634=EDGE_LOOP('',(#11635,#11645,#11655,#11665));
#11638=CARTESIAN_POINT('',(8.001,0.381,8.7));
#11637=VERTEX_POINT('',#11638);
#11640=CARTESIAN_POINT('',(8.001,-0.381,8.7));
#11639=VERTEX_POINT('',#11640);
#11636=EDGE_CURVE('',#11637,#11639,#11641,.T.);
#11641=LINE('',#11638,#11643);
#11643=VECTOR('',#11644,0.762);
#11644=DIRECTION('',(0.0,-1.0,0.0));
#11635=ORIENTED_EDGE('',*,*,#11636,.F.);
#11646=EDGE_CURVE('',#11598,#11637,#11651,.T.);
#11651=LINE('',#11599,#11653);
#11653=VECTOR('',#11654,0.329955678841871);
#11654=DIRECTION('',(0.577,0.577,-0.577));
#11645=ORIENTED_EDGE('',*,*,#11646,.F.);
#11655=ORIENTED_EDGE('',*,*,#11597,.T.);
#11666=EDGE_CURVE('',#11639,#11588,#11671,.T.);
#11671=LINE('',#11640,#11673);
#11673=VECTOR('',#11674,0.329955678841871);
#11674=DIRECTION('',(-0.577,0.577,0.577));
#11665=ORIENTED_EDGE('',*,*,#11666,.F.);
#11675=STYLED_ITEM('',(#34),#11676);
#11676=ADVANCED_FACE('',(#11682),#11677,.T.);
#11677=PLANE('',#11678);
#11678=AXIS2_PLACEMENT_3D('',#11679,#11680,#11681);
#11679=CARTESIAN_POINT('',(8.001,0.381,8.7));
#11680=DIRECTION('',(0.0,0.707,0.707));
#11681=DIRECTION('',(0.,0.,1.));
#11682=FACE_OUTER_BOUND('',#11683,.T.);
#11683=EDGE_LOOP('',(#11684,#11694,#11704,#11714));
#11687=CARTESIAN_POINT('',(7.239,0.381,8.7));
#11686=VERTEX_POINT('',#11687);
#11685=EDGE_CURVE('',#11686,#11637,#11690,.T.);
#11690=LINE('',#11687,#11692);
#11692=VECTOR('',#11693,0.762);
#11693=DIRECTION('',(1.0,0.0,0.0));
#11684=ORIENTED_EDGE('',*,*,#11685,.F.);
#11695=EDGE_CURVE('',#11608,#11686,#11700,.T.);
#11700=LINE('',#11609,#11702);
#11702=VECTOR('',#11703,0.329955678841871);
#11703=DIRECTION('',(-0.577,0.577,-0.577));
#11694=ORIENTED_EDGE('',*,*,#11695,.F.);
#11704=ORIENTED_EDGE('',*,*,#11607,.T.);
#11714=ORIENTED_EDGE('',*,*,#11646,.T.);
#11724=STYLED_ITEM('',(#34),#11725);
#11725=ADVANCED_FACE('',(#11731),#11726,.T.);
#11726=PLANE('',#11727);
#11727=AXIS2_PLACEMENT_3D('',#11728,#11729,#11730);
#11728=CARTESIAN_POINT('',(7.239,0.381,8.7));
#11729=DIRECTION('',(-0.707,0.0,0.707));
#11730=DIRECTION('',(0.,0.,1.));
#11731=FACE_OUTER_BOUND('',#11732,.T.);
#11732=EDGE_LOOP('',(#11733,#11743,#11753,#11763));
#11736=CARTESIAN_POINT('',(7.239,-0.381,8.7));
#11735=VERTEX_POINT('',#11736);
#11734=EDGE_CURVE('',#11735,#11686,#11739,.T.);
#11739=LINE('',#11736,#11741);
#11741=VECTOR('',#11742,0.762);
#11742=DIRECTION('',(0.0,1.0,0.0));
#11733=ORIENTED_EDGE('',*,*,#11734,.F.);
#11744=EDGE_CURVE('',#11590,#11735,#11749,.T.);
#11749=LINE('',#11591,#11751);
#11751=VECTOR('',#11752,0.329955678841871);
#11752=DIRECTION('',(-0.577,-0.577,-0.577));
#11743=ORIENTED_EDGE('',*,*,#11744,.F.);
#11753=ORIENTED_EDGE('',*,*,#11617,.T.);
#11763=ORIENTED_EDGE('',*,*,#11695,.T.);
#11773=STYLED_ITEM('',(#34),#11774);
#11774=ADVANCED_FACE('',(#11780),#11775,.T.);
#11775=PLANE('',#11776);
#11776=AXIS2_PLACEMENT_3D('',#11777,#11778,#11779);
#11777=CARTESIAN_POINT('',(7.239,-0.381,8.7));
#11778=DIRECTION('',(0.0,-0.707,0.707));
#11779=DIRECTION('',(0.,0.,1.));
#11780=FACE_OUTER_BOUND('',#11781,.T.);
#11781=EDGE_LOOP('',(#11782,#11792,#11802,#11812));
#11783=EDGE_CURVE('',#11639,#11735,#11788,.T.);
#11788=LINE('',#11640,#11790);
#11790=VECTOR('',#11791,0.762);
#11791=DIRECTION('',(-1.0,0.0,0.0));
#11782=ORIENTED_EDGE('',*,*,#11783,.F.);
#11792=ORIENTED_EDGE('',*,*,#11666,.T.);
#11802=ORIENTED_EDGE('',*,*,#11587,.T.);
#11812=ORIENTED_EDGE('',*,*,#11744,.T.);
#11822=STYLED_ITEM('',(#34),#11823);
#11823=ADVANCED_FACE('',(#11829),#11824,.T.);
#11824=PLANE('',#11825);
#11825=AXIS2_PLACEMENT_3D('',#11826,#11827,#11828);
#11826=CARTESIAN_POINT('',(8.001,-0.381,2.659));
#11827=DIRECTION('',(1.0,0.0,0.0));
#11828=DIRECTION('',(0.,0.,1.));
#11829=FACE_OUTER_BOUND('',#11830,.T.);
#11830=EDGE_LOOP('',(#11831,#11841,#11851,#11861));
#11834=CARTESIAN_POINT('',(8.001,0.381,2.659));
#11833=VERTEX_POINT('',#11834);
#11836=CARTESIAN_POINT('',(8.001,-0.381,2.659));
#11835=VERTEX_POINT('',#11836);
#11832=EDGE_CURVE('',#11833,#11835,#11837,.T.);
#11837=LINE('',#11834,#11839);
#11839=VECTOR('',#11840,0.762);
#11840=DIRECTION('',(0.0,-1.0,0.0));
#11831=ORIENTED_EDGE('',*,*,#11832,.F.);
#11842=EDGE_CURVE('',#11637,#11833,#11847,.T.);
#11847=LINE('',#11638,#11849);
#11849=VECTOR('',#11850,6.0409693252);
#11850=DIRECTION('',(0.0,0.0,-1.0));
#11841=ORIENTED_EDGE('',*,*,#11842,.F.);
#11851=ORIENTED_EDGE('',*,*,#11636,.T.);
#11862=EDGE_CURVE('',#11835,#11639,#11867,.T.);
#11867=LINE('',#11836,#11869);
#11869=VECTOR('',#11870,6.0409693252);
#11870=DIRECTION('',(0.0,0.0,1.0));
#11861=ORIENTED_EDGE('',*,*,#11862,.F.);
#11871=STYLED_ITEM('',(#34),#11872);
#11872=ADVANCED_FACE('',(#11878),#11873,.T.);
#11873=PLANE('',#11874);
#11874=AXIS2_PLACEMENT_3D('',#11875,#11876,#11877);
#11875=CARTESIAN_POINT('',(8.001,0.381,2.659));
#11876=DIRECTION('',(0.0,1.0,0.0));
#11877=DIRECTION('',(0.,0.,1.));
#11878=FACE_OUTER_BOUND('',#11879,.T.);
#11879=EDGE_LOOP('',(#11880,#11890,#11900,#11910));
#11883=CARTESIAN_POINT('',(7.239,0.381,2.659));
#11882=VERTEX_POINT('',#11883);
#11881=EDGE_CURVE('',#11882,#11833,#11886,.T.);
#11886=LINE('',#11883,#11888);
#11888=VECTOR('',#11889,0.762);
#11889=DIRECTION('',(1.0,0.0,0.0));
#11880=ORIENTED_EDGE('',*,*,#11881,.F.);
#11891=EDGE_CURVE('',#11686,#11882,#11896,.T.);
#11896=LINE('',#11687,#11898);
#11898=VECTOR('',#11899,6.0409693252);
#11899=DIRECTION('',(0.0,0.0,-1.0));
#11890=ORIENTED_EDGE('',*,*,#11891,.F.);
#11900=ORIENTED_EDGE('',*,*,#11685,.T.);
#11910=ORIENTED_EDGE('',*,*,#11842,.T.);
#11920=STYLED_ITEM('',(#34),#11921);
#11921=ADVANCED_FACE('',(#11927),#11922,.T.);
#11922=PLANE('',#11923);
#11923=AXIS2_PLACEMENT_3D('',#11924,#11925,#11926);
#11924=CARTESIAN_POINT('',(7.239,0.381,2.659));
#11925=DIRECTION('',(-1.0,0.0,0.0));
#11926=DIRECTION('',(0.,0.,1.));
#11927=FACE_OUTER_BOUND('',#11928,.T.);
#11928=EDGE_LOOP('',(#11929,#11939,#11949,#11959));
#11932=CARTESIAN_POINT('',(7.239,-0.381,2.659));
#11931=VERTEX_POINT('',#11932);
#11930=EDGE_CURVE('',#11931,#11882,#11935,.T.);
#11935=LINE('',#11932,#11937);
#11937=VECTOR('',#11938,0.762);
#11938=DIRECTION('',(0.0,1.0,0.0));
#11929=ORIENTED_EDGE('',*,*,#11930,.F.);
#11940=EDGE_CURVE('',#11735,#11931,#11945,.T.);
#11945=LINE('',#11736,#11947);
#11947=VECTOR('',#11948,6.0409693252);
#11948=DIRECTION('',(0.0,0.0,-1.0));
#11939=ORIENTED_EDGE('',*,*,#11940,.F.);
#11949=ORIENTED_EDGE('',*,*,#11734,.T.);
#11959=ORIENTED_EDGE('',*,*,#11891,.T.);
#11969=STYLED_ITEM('',(#34),#11970);
#11970=ADVANCED_FACE('',(#11976),#11971,.T.);
#11971=PLANE('',#11972);
#11972=AXIS2_PLACEMENT_3D('',#11973,#11974,#11975);
#11973=CARTESIAN_POINT('',(7.239,-0.381,2.659));
#11974=DIRECTION('',(0.0,-1.0,0.0));
#11975=DIRECTION('',(0.,0.,1.));
#11976=FACE_OUTER_BOUND('',#11977,.T.);
#11977=EDGE_LOOP('',(#11978,#11988,#11998,#12008));
#11979=EDGE_CURVE('',#11835,#11931,#11984,.T.);
#11984=LINE('',#11836,#11986);
#11986=VECTOR('',#11987,0.762);
#11987=DIRECTION('',(-1.0,0.0,0.0));
#11978=ORIENTED_EDGE('',*,*,#11979,.F.);
#11988=ORIENTED_EDGE('',*,*,#11862,.T.);
#11998=ORIENTED_EDGE('',*,*,#11783,.T.);
#12008=ORIENTED_EDGE('',*,*,#11940,.T.);
#12018=STYLED_ITEM('',(#34),#12019);
#12019=ADVANCED_FACE('',(#12025),#12020,.T.);
#12020=PLANE('',#12021);
#12021=AXIS2_PLACEMENT_3D('',#12022,#12023,#12024);
#12022=CARTESIAN_POINT('',(7.239,0.381,2.659));
#12023=DIRECTION('',(0.0,0.0,-1.0));
#12024=DIRECTION('',(0.,1.,0.));
#12025=FACE_OUTER_BOUND('',#12026,.T.);
#12026=EDGE_LOOP('',(#12027,#12037,#12047,#12057));
#12027=ORIENTED_EDGE('',*,*,#11881,.T.);
#12037=ORIENTED_EDGE('',*,*,#11832,.T.);
#12047=ORIENTED_EDGE('',*,*,#11979,.T.);
#12057=ORIENTED_EDGE('',*,*,#11930,.T.);
#12067=STYLED_ITEM('',(#34),#12068);
#12068=ADVANCED_FACE('',(#12074),#12069,.T.);
#12069=PLANE('',#12070);
#12070=AXIS2_PLACEMENT_3D('',#12071,#12072,#12073);
#12071=CARTESIAN_POINT('',(7.239,-0.381,0.0));
#12072=DIRECTION('',(0.0,0.0,1.0));
#12073=DIRECTION('',(0.,1.,0.));
#12074=FACE_OUTER_BOUND('',#12075,.T.);
#12075=EDGE_LOOP('',(#12076,#12086,#12096,#12106));
#12079=CARTESIAN_POINT('',(8.001,-0.381,0.0));
#12078=VERTEX_POINT('',#12079);
#12081=CARTESIAN_POINT('',(7.239,-0.381,0.0));
#12080=VERTEX_POINT('',#12081);
#12077=EDGE_CURVE('',#12078,#12080,#12082,.T.);
#12082=LINE('',#12079,#12084);
#12084=VECTOR('',#12085,0.762);
#12085=DIRECTION('',(-1.0,0.0,0.0));
#12076=ORIENTED_EDGE('',*,*,#12077,.F.);
#12089=CARTESIAN_POINT('',(8.001,0.381,0.0));
#12088=VERTEX_POINT('',#12089);
#12087=EDGE_CURVE('',#12088,#12078,#12092,.T.);
#12092=LINE('',#12089,#12094);
#12094=VECTOR('',#12095,0.762);
#12095=DIRECTION('',(0.0,-1.0,0.0));
#12086=ORIENTED_EDGE('',*,*,#12087,.F.);
#12099=CARTESIAN_POINT('',(7.239,0.381,0.0));
#12098=VERTEX_POINT('',#12099);
#12097=EDGE_CURVE('',#12098,#12088,#12102,.T.);
#12102=LINE('',#12099,#12104);
#12104=VECTOR('',#12105,0.762);
#12105=DIRECTION('',(1.0,0.0,0.0));
#12096=ORIENTED_EDGE('',*,*,#12097,.F.);
#12107=EDGE_CURVE('',#12080,#12098,#12112,.T.);
#12112=LINE('',#12081,#12114);
#12114=VECTOR('',#12115,0.762);
#12115=DIRECTION('',(0.0,1.0,0.0));
#12106=ORIENTED_EDGE('',*,*,#12107,.F.);
#12116=STYLED_ITEM('',(#34),#12117);
#12117=ADVANCED_FACE('',(#12123),#12118,.T.);
#12118=PLANE('',#12119);
#12119=AXIS2_PLACEMENT_3D('',#12120,#12121,#12122);
#12120=CARTESIAN_POINT('',(8.001,-0.381,-4.89));
#12121=DIRECTION('',(1.0,0.0,0.0));
#12122=DIRECTION('',(0.,0.,1.));
#12123=FACE_OUTER_BOUND('',#12124,.T.);
#12124=EDGE_LOOP('',(#12125,#12135,#12145,#12155));
#12128=CARTESIAN_POINT('',(8.001,0.381,-4.89));
#12127=VERTEX_POINT('',#12128);
#12130=CARTESIAN_POINT('',(8.001,-0.381,-4.89));
#12129=VERTEX_POINT('',#12130);
#12126=EDGE_CURVE('',#12127,#12129,#12131,.T.);
#12131=LINE('',#12128,#12133);
#12133=VECTOR('',#12134,0.762);
#12134=DIRECTION('',(0.0,-1.0,0.0));
#12125=ORIENTED_EDGE('',*,*,#12126,.F.);
#12136=EDGE_CURVE('',#12088,#12127,#12141,.T.);
#12141=LINE('',#12089,#12143);
#12143=VECTOR('',#12144,4.8895);
#12144=DIRECTION('',(0.0,0.0,-1.0));
#12135=ORIENTED_EDGE('',*,*,#12136,.F.);
#12145=ORIENTED_EDGE('',*,*,#12087,.T.);
#12156=EDGE_CURVE('',#12129,#12078,#12161,.T.);
#12161=LINE('',#12130,#12163);
#12163=VECTOR('',#12164,4.8895);
#12164=DIRECTION('',(0.0,0.0,1.0));
#12155=ORIENTED_EDGE('',*,*,#12156,.F.);
#12165=STYLED_ITEM('',(#34),#12166);
#12166=ADVANCED_FACE('',(#12172),#12167,.T.);
#12167=PLANE('',#12168);
#12168=AXIS2_PLACEMENT_3D('',#12169,#12170,#12171);
#12169=CARTESIAN_POINT('',(8.001,0.381,-4.89));
#12170=DIRECTION('',(0.0,1.0,0.0));
#12171=DIRECTION('',(0.,0.,1.));
#12172=FACE_OUTER_BOUND('',#12173,.T.);
#12173=EDGE_LOOP('',(#12174,#12184,#12194,#12204));
#12177=CARTESIAN_POINT('',(7.239,0.381,-4.89));
#12176=VERTEX_POINT('',#12177);
#12175=EDGE_CURVE('',#12176,#12127,#12180,.T.);
#12180=LINE('',#12177,#12182);
#12182=VECTOR('',#12183,0.762);
#12183=DIRECTION('',(1.0,0.0,0.0));
#12174=ORIENTED_EDGE('',*,*,#12175,.F.);
#12185=EDGE_CURVE('',#12098,#12176,#12190,.T.);
#12190=LINE('',#12099,#12192);
#12192=VECTOR('',#12193,4.8895);
#12193=DIRECTION('',(0.0,0.0,-1.0));
#12184=ORIENTED_EDGE('',*,*,#12185,.F.);
#12194=ORIENTED_EDGE('',*,*,#12097,.T.);
#12204=ORIENTED_EDGE('',*,*,#12136,.T.);
#12214=STYLED_ITEM('',(#34),#12215);
#12215=ADVANCED_FACE('',(#12221),#12216,.T.);
#12216=PLANE('',#12217);
#12217=AXIS2_PLACEMENT_3D('',#12218,#12219,#12220);
#12218=CARTESIAN_POINT('',(7.239,0.381,-4.89));
#12219=DIRECTION('',(-1.0,0.0,0.0));
#12220=DIRECTION('',(0.,0.,1.));
#12221=FACE_OUTER_BOUND('',#12222,.T.);
#12222=EDGE_LOOP('',(#12223,#12233,#12243,#12253));
#12226=CARTESIAN_POINT('',(7.239,-0.381,-4.89));
#12225=VERTEX_POINT('',#12226);
#12224=EDGE_CURVE('',#12225,#12176,#12229,.T.);
#12229=LINE('',#12226,#12231);
#12231=VECTOR('',#12232,0.762);
#12232=DIRECTION('',(0.0,1.0,0.0));
#12223=ORIENTED_EDGE('',*,*,#12224,.F.);
#12234=EDGE_CURVE('',#12080,#12225,#12239,.T.);
#12239=LINE('',#12081,#12241);
#12241=VECTOR('',#12242,4.8895);
#12242=DIRECTION('',(0.0,0.0,-1.0));
#12233=ORIENTED_EDGE('',*,*,#12234,.F.);
#12243=ORIENTED_EDGE('',*,*,#12107,.T.);
#12253=ORIENTED_EDGE('',*,*,#12185,.T.);
#12263=STYLED_ITEM('',(#34),#12264);
#12264=ADVANCED_FACE('',(#12270),#12265,.T.);
#12265=PLANE('',#12266);
#12266=AXIS2_PLACEMENT_3D('',#12267,#12268,#12269);
#12267=CARTESIAN_POINT('',(7.239,-0.381,-4.89));
#12268=DIRECTION('',(0.0,-1.0,0.0));
#12269=DIRECTION('',(0.,0.,1.));
#12270=FACE_OUTER_BOUND('',#12271,.T.);
#12271=EDGE_LOOP('',(#12272,#12282,#12292,#12302));
#12273=EDGE_CURVE('',#12129,#12225,#12278,.T.);
#12278=LINE('',#12130,#12280);
#12280=VECTOR('',#12281,0.762);
#12281=DIRECTION('',(-1.0,0.0,0.0));
#12272=ORIENTED_EDGE('',*,*,#12273,.F.);
#12282=ORIENTED_EDGE('',*,*,#12156,.T.);
#12292=ORIENTED_EDGE('',*,*,#12077,.T.);
#12302=ORIENTED_EDGE('',*,*,#12234,.T.);
#12312=STYLED_ITEM('',(#34),#12313);
#12313=ADVANCED_FACE('',(#12319),#12314,.T.);
#12314=PLANE('',#12315);
#12315=AXIS2_PLACEMENT_3D('',#12316,#12317,#12318);
#12316=CARTESIAN_POINT('',(7.81,-0.19,-5.08));
#12317=DIRECTION('',(0.707,0.0,-0.707));
#12318=DIRECTION('',(0.,0.,1.));
#12319=FACE_OUTER_BOUND('',#12320,.T.);
#12320=EDGE_LOOP('',(#12321,#12331,#12341,#12351));
#12324=CARTESIAN_POINT('',(7.81,0.19,-5.08));
#12323=VERTEX_POINT('',#12324);
#12326=CARTESIAN_POINT('',(7.81,-0.19,-5.08));
#12325=VERTEX_POINT('',#12326);
#12322=EDGE_CURVE('',#12323,#12325,#12327,.T.);
#12327=LINE('',#12324,#12329);
#12329=VECTOR('',#12330,0.381);
#12330=DIRECTION('',(0.0,-1.0,0.0));
#12321=ORIENTED_EDGE('',*,*,#12322,.F.);
#12332=EDGE_CURVE('',#12127,#12323,#12337,.T.);
#12337=LINE('',#12128,#12339);
#12339=VECTOR('',#12340,0.329955678841871);
#12340=DIRECTION('',(-0.577,-0.577,-0.577));
#12331=ORIENTED_EDGE('',*,*,#12332,.F.);
#12341=ORIENTED_EDGE('',*,*,#12126,.T.);
#12352=EDGE_CURVE('',#12325,#12129,#12357,.T.);
#12357=LINE('',#12326,#12359);
#12359=VECTOR('',#12360,0.329955678841871);
#12360=DIRECTION('',(0.577,-0.577,0.577));
#12351=ORIENTED_EDGE('',*,*,#12352,.F.);
#12361=STYLED_ITEM('',(#34),#12362);
#12362=ADVANCED_FACE('',(#12368),#12363,.T.);
#12363=PLANE('',#12364);
#12364=AXIS2_PLACEMENT_3D('',#12365,#12366,#12367);
#12365=CARTESIAN_POINT('',(7.81,0.19,-5.08));
#12366=DIRECTION('',(0.0,0.707,-0.707));
#12367=DIRECTION('',(0.,0.,1.));
#12368=FACE_OUTER_BOUND('',#12369,.T.);
#12369=EDGE_LOOP('',(#12370,#12380,#12390,#12400));
#12373=CARTESIAN_POINT('',(7.43,0.19,-5.08));
#12372=VERTEX_POINT('',#12373);
#12371=EDGE_CURVE('',#12372,#12323,#12376,.T.);
#12376=LINE('',#12373,#12378);
#12378=VECTOR('',#12379,0.381);
#12379=DIRECTION('',(1.0,0.0,0.0));
#12370=ORIENTED_EDGE('',*,*,#12371,.F.);
#12381=EDGE_CURVE('',#12176,#12372,#12386,.T.);
#12386=LINE('',#12177,#12388);
#12388=VECTOR('',#12389,0.329955678841871);
#12389=DIRECTION('',(0.577,-0.577,-0.577));
#12380=ORIENTED_EDGE('',*,*,#12381,.F.);
#12390=ORIENTED_EDGE('',*,*,#12175,.T.);
#12400=ORIENTED_EDGE('',*,*,#12332,.T.);
#12410=STYLED_ITEM('',(#34),#12411);
#12411=ADVANCED_FACE('',(#12417),#12412,.T.);
#12412=PLANE('',#12413);
#12413=AXIS2_PLACEMENT_3D('',#12414,#12415,#12416);
#12414=CARTESIAN_POINT('',(7.43,0.19,-5.08));
#12415=DIRECTION('',(-0.707,0.0,-0.707));
#12416=DIRECTION('',(0.,0.,1.));
#12417=FACE_OUTER_BOUND('',#12418,.T.);
#12418=EDGE_LOOP('',(#12419,#12429,#12439,#12449));
#12422=CARTESIAN_POINT('',(7.43,-0.19,-5.08));
#12421=VERTEX_POINT('',#12422);
#12420=EDGE_CURVE('',#12421,#12372,#12425,.T.);
#12425=LINE('',#12422,#12427);
#12427=VECTOR('',#12428,0.381);
#12428=DIRECTION('',(0.0,1.0,0.0));
#12419=ORIENTED_EDGE('',*,*,#12420,.F.);
#12430=EDGE_CURVE('',#12225,#12421,#12435,.T.);
#12435=LINE('',#12226,#12437);
#12437=VECTOR('',#12438,0.329955678841871);
#12438=DIRECTION('',(0.577,0.577,-0.577));
#12429=ORIENTED_EDGE('',*,*,#12430,.F.);
#12439=ORIENTED_EDGE('',*,*,#12224,.T.);
#12449=ORIENTED_EDGE('',*,*,#12381,.T.);
#12459=STYLED_ITEM('',(#34),#12460);
#12460=ADVANCED_FACE('',(#12466),#12461,.T.);
#12461=PLANE('',#12462);
#12462=AXIS2_PLACEMENT_3D('',#12463,#12464,#12465);
#12463=CARTESIAN_POINT('',(7.43,-0.19,-5.08));
#12464=DIRECTION('',(0.0,-0.707,-0.707));
#12465=DIRECTION('',(0.,0.,1.));
#12466=FACE_OUTER_BOUND('',#12467,.T.);
#12467=EDGE_LOOP('',(#12468,#12478,#12488,#12498));
#12469=EDGE_CURVE('',#12325,#12421,#12474,.T.);
#12474=LINE('',#12326,#12476);
#12476=VECTOR('',#12477,0.381);
#12477=DIRECTION('',(-1.0,0.0,0.0));
#12468=ORIENTED_EDGE('',*,*,#12469,.F.);
#12478=ORIENTED_EDGE('',*,*,#12352,.T.);
#12488=ORIENTED_EDGE('',*,*,#12273,.T.);
#12498=ORIENTED_EDGE('',*,*,#12430,.T.);
#12508=STYLED_ITEM('',(#34),#12509);
#12509=ADVANCED_FACE('',(#12515),#12510,.T.);
#12510=PLANE('',#12511);
#12511=AXIS2_PLACEMENT_3D('',#12512,#12513,#12514);
#12512=CARTESIAN_POINT('',(7.43,0.19,-5.08));
#12513=DIRECTION('',(0.0,0.0,-1.0));
#12514=DIRECTION('',(0.,1.,0.));
#12515=FACE_OUTER_BOUND('',#12516,.T.);
#12516=EDGE_LOOP('',(#12517,#12527,#12537,#12547));
#12517=ORIENTED_EDGE('',*,*,#12371,.T.);
#12527=ORIENTED_EDGE('',*,*,#12322,.T.);
#12537=ORIENTED_EDGE('',*,*,#12469,.T.);
#12547=ORIENTED_EDGE('',*,*,#12420,.T.);
#12557=MANIFOLD_SOLID_BREP($,#12558);
#12558=CLOSED_SHELL('',(#12562,#12611,#12660,#12709,#12758,#12807,#12856,#12905,#12954,#13003));
#12559=MANIFOLD_SOLID_BREP($,#12560);
#12560=CLOSED_SHELL('',(#13052,#13101,#13150,#13199,#13248,#13297,#13346,#13395,#13444,#13493));
#12561=STYLED_ITEM('',(#34),#12562);
#12562=ADVANCED_FACE('',(#12568),#12563,.T.);
#12563=PLANE('',#12564);
#12564=AXIS2_PLACEMENT_3D('',#12565,#12566,#12567);
#12565=CARTESIAN_POINT('',(4.89,-0.19,8.89));
#12566=DIRECTION('',(0.0,0.0,1.0));
#12567=DIRECTION('',(0.,1.,0.));
#12568=FACE_OUTER_BOUND('',#12569,.T.);
#12569=EDGE_LOOP('',(#12570,#12580,#12590,#12600));
#12573=CARTESIAN_POINT('',(5.27,-0.19,8.89));
#12572=VERTEX_POINT('',#12573);
#12575=CARTESIAN_POINT('',(4.89,-0.19,8.89));
#12574=VERTEX_POINT('',#12575);
#12571=EDGE_CURVE('',#12572,#12574,#12576,.T.);
#12576=LINE('',#12573,#12578);
#12578=VECTOR('',#12579,0.381);
#12579=DIRECTION('',(-1.0,0.0,0.0));
#12570=ORIENTED_EDGE('',*,*,#12571,.F.);
#12583=CARTESIAN_POINT('',(5.27,0.19,8.89));
#12582=VERTEX_POINT('',#12583);
#12581=EDGE_CURVE('',#12582,#12572,#12586,.T.);
#12586=LINE('',#12583,#12588);
#12588=VECTOR('',#12589,0.381);
#12589=DIRECTION('',(0.0,-1.0,0.0));
#12580=ORIENTED_EDGE('',*,*,#12581,.F.);
#12593=CARTESIAN_POINT('',(4.89,0.19,8.89));
#12592=VERTEX_POINT('',#12593);
#12591=EDGE_CURVE('',#12592,#12582,#12596,.T.);
#12596=LINE('',#12593,#12598);
#12598=VECTOR('',#12599,0.381);
#12599=DIRECTION('',(1.0,0.0,0.0));
#12590=ORIENTED_EDGE('',*,*,#12591,.F.);
#12601=EDGE_CURVE('',#12574,#12592,#12606,.T.);
#12606=LINE('',#12575,#12608);
#12608=VECTOR('',#12609,0.381);
#12609=DIRECTION('',(0.0,1.0,0.0));
#12600=ORIENTED_EDGE('',*,*,#12601,.F.);
#12610=STYLED_ITEM('',(#34),#12611);
#12611=ADVANCED_FACE('',(#12617),#12612,.T.);
#12612=PLANE('',#12613);
#12613=AXIS2_PLACEMENT_3D('',#12614,#12615,#12616);
#12614=CARTESIAN_POINT('',(5.461,-0.381,8.7));
#12615=DIRECTION('',(0.707,0.0,0.707));
#12616=DIRECTION('',(0.,0.,1.));
#12617=FACE_OUTER_BOUND('',#12618,.T.);
#12618=EDGE_LOOP('',(#12619,#12629,#12639,#12649));
#12622=CARTESIAN_POINT('',(5.461,0.381,8.7));
#12621=VERTEX_POINT('',#12622);
#12624=CARTESIAN_POINT('',(5.461,-0.381,8.7));
#12623=VERTEX_POINT('',#12624);
#12620=EDGE_CURVE('',#12621,#12623,#12625,.T.);
#12625=LINE('',#12622,#12627);
#12627=VECTOR('',#12628,0.762);
#12628=DIRECTION('',(0.0,-1.0,0.0));
#12619=ORIENTED_EDGE('',*,*,#12620,.F.);
#12630=EDGE_CURVE('',#12582,#12621,#12635,.T.);
#12635=LINE('',#12583,#12637);
#12637=VECTOR('',#12638,0.329955678841871);
#12638=DIRECTION('',(0.577,0.577,-0.577));
#12629=ORIENTED_EDGE('',*,*,#12630,.F.);
#12639=ORIENTED_EDGE('',*,*,#12581,.T.);
#12650=EDGE_CURVE('',#12623,#12572,#12655,.T.);
#12655=LINE('',#12624,#12657);
#12657=VECTOR('',#12658,0.329955678841871);
#12658=DIRECTION('',(-0.577,0.577,0.577));
#12649=ORIENTED_EDGE('',*,*,#12650,.F.);
#12659=STYLED_ITEM('',(#34),#12660);
#12660=ADVANCED_FACE('',(#12666),#12661,.T.);
#12661=PLANE('',#12662);
#12662=AXIS2_PLACEMENT_3D('',#12663,#12664,#12665);
#12663=CARTESIAN_POINT('',(5.461,0.381,8.7));
#12664=DIRECTION('',(0.0,0.707,0.707));
#12665=DIRECTION('',(0.,0.,1.));
#12666=FACE_OUTER_BOUND('',#12667,.T.);
#12667=EDGE_LOOP('',(#12668,#12678,#12688,#12698));
#12671=CARTESIAN_POINT('',(4.699,0.381,8.7));
#12670=VERTEX_POINT('',#12671);
#12669=EDGE_CURVE('',#12670,#12621,#12674,.T.);
#12674=LINE('',#12671,#12676);
#12676=VECTOR('',#12677,0.762);
#12677=DIRECTION('',(1.0,0.0,0.0));
#12668=ORIENTED_EDGE('',*,*,#12669,.F.);
#12679=EDGE_CURVE('',#12592,#12670,#12684,.T.);
#12684=LINE('',#12593,#12686);
#12686=VECTOR('',#12687,0.329955678841871);
#12687=DIRECTION('',(-0.577,0.577,-0.577));
#12678=ORIENTED_EDGE('',*,*,#12679,.F.);
#12688=ORIENTED_EDGE('',*,*,#12591,.T.);
#12698=ORIENTED_EDGE('',*,*,#12630,.T.);
#12708=STYLED_ITEM('',(#34),#12709);
#12709=ADVANCED_FACE('',(#12715),#12710,.T.);
#12710=PLANE('',#12711);
#12711=AXIS2_PLACEMENT_3D('',#12712,#12713,#12714);
#12712=CARTESIAN_POINT('',(4.699,0.381,8.7));
#12713=DIRECTION('',(-0.707,0.0,0.707));
#12714=DIRECTION('',(0.,0.,1.));
#12715=FACE_OUTER_BOUND('',#12716,.T.);
#12716=EDGE_LOOP('',(#12717,#12727,#12737,#12747));
#12720=CARTESIAN_POINT('',(4.699,-0.381,8.7));
#12719=VERTEX_POINT('',#12720);
#12718=EDGE_CURVE('',#12719,#12670,#12723,.T.);
#12723=LINE('',#12720,#12725);
#12725=VECTOR('',#12726,0.762);
#12726=DIRECTION('',(0.0,1.0,0.0));
#12717=ORIENTED_EDGE('',*,*,#12718,.F.);
#12728=EDGE_CURVE('',#12574,#12719,#12733,.T.);
#12733=LINE('',#12575,#12735);
#12735=VECTOR('',#12736,0.329955678841871);
#12736=DIRECTION('',(-0.577,-0.577,-0.577));
#12727=ORIENTED_EDGE('',*,*,#12728,.F.);
#12737=ORIENTED_EDGE('',*,*,#12601,.T.);
#12747=ORIENTED_EDGE('',*,*,#12679,.T.);
#12757=STYLED_ITEM('',(#34),#12758);
#12758=ADVANCED_FACE('',(#12764),#12759,.T.);
#12759=PLANE('',#12760);
#12760=AXIS2_PLACEMENT_3D('',#12761,#12762,#12763);
#12761=CARTESIAN_POINT('',(4.699,-0.381,8.7));
#12762=DIRECTION('',(0.0,-0.707,0.707));
#12763=DIRECTION('',(0.,0.,1.));
#12764=FACE_OUTER_BOUND('',#12765,.T.);
#12765=EDGE_LOOP('',(#12766,#12776,#12786,#12796));
#12767=EDGE_CURVE('',#12623,#12719,#12772,.T.);
#12772=LINE('',#12624,#12774);
#12774=VECTOR('',#12775,0.762);
#12775=DIRECTION('',(-1.0,0.0,0.0));
#12766=ORIENTED_EDGE('',*,*,#12767,.F.);
#12776=ORIENTED_EDGE('',*,*,#12650,.T.);
#12786=ORIENTED_EDGE('',*,*,#12571,.T.);
#12796=ORIENTED_EDGE('',*,*,#12728,.T.);
#12806=STYLED_ITEM('',(#34),#12807);
#12807=ADVANCED_FACE('',(#12813),#12808,.T.);
#12808=PLANE('',#12809);
#12809=AXIS2_PLACEMENT_3D('',#12810,#12811,#12812);
#12810=CARTESIAN_POINT('',(5.461,-0.381,2.659));
#12811=DIRECTION('',(1.0,0.0,0.0));
#12812=DIRECTION('',(0.,0.,1.));
#12813=FACE_OUTER_BOUND('',#12814,.T.);
#12814=EDGE_LOOP('',(#12815,#12825,#12835,#12845));
#12818=CARTESIAN_POINT('',(5.461,0.381,2.659));
#12817=VERTEX_POINT('',#12818);
#12820=CARTESIAN_POINT('',(5.461,-0.381,2.659));
#12819=VERTEX_POINT('',#12820);
#12816=EDGE_CURVE('',#12817,#12819,#12821,.T.);
#12821=LINE('',#12818,#12823);
#12823=VECTOR('',#12824,0.762);
#12824=DIRECTION('',(0.0,-1.0,0.0));
#12815=ORIENTED_EDGE('',*,*,#12816,.F.);
#12826=EDGE_CURVE('',#12621,#12817,#12831,.T.);
#12831=LINE('',#12622,#12833);
#12833=VECTOR('',#12834,6.0409693252);
#12834=DIRECTION('',(0.0,0.0,-1.0));
#12825=ORIENTED_EDGE('',*,*,#12826,.F.);
#12835=ORIENTED_EDGE('',*,*,#12620,.T.);
#12846=EDGE_CURVE('',#12819,#12623,#12851,.T.);
#12851=LINE('',#12820,#12853);
#12853=VECTOR('',#12854,6.0409693252);
#12854=DIRECTION('',(0.0,0.0,1.0));
#12845=ORIENTED_EDGE('',*,*,#12846,.F.);
#12855=STYLED_ITEM('',(#34),#12856);
#12856=ADVANCED_FACE('',(#12862),#12857,.T.);
#12857=PLANE('',#12858);
#12858=AXIS2_PLACEMENT_3D('',#12859,#12860,#12861);
#12859=CARTESIAN_POINT('',(5.461,0.381,2.659));
#12860=DIRECTION('',(0.0,1.0,0.0));
#12861=DIRECTION('',(0.,0.,1.));
#12862=FACE_OUTER_BOUND('',#12863,.T.);
#12863=EDGE_LOOP('',(#12864,#12874,#12884,#12894));
#12867=CARTESIAN_POINT('',(4.699,0.381,2.659));
#12866=VERTEX_POINT('',#12867);
#12865=EDGE_CURVE('',#12866,#12817,#12870,.T.);
#12870=LINE('',#12867,#12872);
#12872=VECTOR('',#12873,0.762);
#12873=DIRECTION('',(1.0,0.0,0.0));
#12864=ORIENTED_EDGE('',*,*,#12865,.F.);
#12875=EDGE_CURVE('',#12670,#12866,#12880,.T.);
#12880=LINE('',#12671,#12882);
#12882=VECTOR('',#12883,6.0409693252);
#12883=DIRECTION('',(0.0,0.0,-1.0));
#12874=ORIENTED_EDGE('',*,*,#12875,.F.);
#12884=ORIENTED_EDGE('',*,*,#12669,.T.);
#12894=ORIENTED_EDGE('',*,*,#12826,.T.);
#12904=STYLED_ITEM('',(#34),#12905);
#12905=ADVANCED_FACE('',(#12911),#12906,.T.);
#12906=PLANE('',#12907);
#12907=AXIS2_PLACEMENT_3D('',#12908,#12909,#12910);
#12908=CARTESIAN_POINT('',(4.699,0.381,2.659));
#12909=DIRECTION('',(-1.0,0.0,0.0));
#12910=DIRECTION('',(0.,0.,1.));
#12911=FACE_OUTER_BOUND('',#12912,.T.);
#12912=EDGE_LOOP('',(#12913,#12923,#12933,#12943));
#12916=CARTESIAN_POINT('',(4.699,-0.381,2.659));
#12915=VERTEX_POINT('',#12916);
#12914=EDGE_CURVE('',#12915,#12866,#12919,.T.);
#12919=LINE('',#12916,#12921);
#12921=VECTOR('',#12922,0.762);
#12922=DIRECTION('',(0.0,1.0,0.0));
#12913=ORIENTED_EDGE('',*,*,#12914,.F.);
#12924=EDGE_CURVE('',#12719,#12915,#12929,.T.);
#12929=LINE('',#12720,#12931);
#12931=VECTOR('',#12932,6.0409693252);
#12932=DIRECTION('',(0.0,0.0,-1.0));
#12923=ORIENTED_EDGE('',*,*,#12924,.F.);
#12933=ORIENTED_EDGE('',*,*,#12718,.T.);
#12943=ORIENTED_EDGE('',*,*,#12875,.T.);
#12953=STYLED_ITEM('',(#34),#12954);
#12954=ADVANCED_FACE('',(#12960),#12955,.T.);
#12955=PLANE('',#12956);
#12956=AXIS2_PLACEMENT_3D('',#12957,#12958,#12959);
#12957=CARTESIAN_POINT('',(4.699,-0.381,2.659));
#12958=DIRECTION('',(0.0,-1.0,0.0));
#12959=DIRECTION('',(0.,0.,1.));
#12960=FACE_OUTER_BOUND('',#12961,.T.);
#12961=EDGE_LOOP('',(#12962,#12972,#12982,#12992));
#12963=EDGE_CURVE('',#12819,#12915,#12968,.T.);
#12968=LINE('',#12820,#12970);
#12970=VECTOR('',#12971,0.762);
#12971=DIRECTION('',(-1.0,0.0,0.0));
#12962=ORIENTED_EDGE('',*,*,#12963,.F.);
#12972=ORIENTED_EDGE('',*,*,#12846,.T.);
#12982=ORIENTED_EDGE('',*,*,#12767,.T.);
#12992=ORIENTED_EDGE('',*,*,#12924,.T.);
#13002=STYLED_ITEM('',(#34),#13003);
#13003=ADVANCED_FACE('',(#13009),#13004,.T.);
#13004=PLANE('',#13005);
#13005=AXIS2_PLACEMENT_3D('',#13006,#13007,#13008);
#13006=CARTESIAN_POINT('',(4.699,0.381,2.659));
#13007=DIRECTION('',(0.0,0.0,-1.0));
#13008=DIRECTION('',(0.,1.,0.));
#13009=FACE_OUTER_BOUND('',#13010,.T.);
#13010=EDGE_LOOP('',(#13011,#13021,#13031,#13041));
#13011=ORIENTED_EDGE('',*,*,#12865,.T.);
#13021=ORIENTED_EDGE('',*,*,#12816,.T.);
#13031=ORIENTED_EDGE('',*,*,#12963,.T.);
#13041=ORIENTED_EDGE('',*,*,#12914,.T.);
#13051=STYLED_ITEM('',(#34),#13052);
#13052=ADVANCED_FACE('',(#13058),#13053,.T.);
#13053=PLANE('',#13054);
#13054=AXIS2_PLACEMENT_3D('',#13055,#13056,#13057);
#13055=CARTESIAN_POINT('',(4.699,-0.381,0.0));
#13056=DIRECTION('',(0.0,0.0,1.0));
#13057=DIRECTION('',(0.,1.,0.));
#13058=FACE_OUTER_BOUND('',#13059,.T.);
#13059=EDGE_LOOP('',(#13060,#13070,#13080,#13090));
#13063=CARTESIAN_POINT('',(5.461,-0.381,0.0));
#13062=VERTEX_POINT('',#13063);
#13065=CARTESIAN_POINT('',(4.699,-0.381,0.0));
#13064=VERTEX_POINT('',#13065);
#13061=EDGE_CURVE('',#13062,#13064,#13066,.T.);
#13066=LINE('',#13063,#13068);
#13068=VECTOR('',#13069,0.762);
#13069=DIRECTION('',(-1.0,0.0,0.0));
#13060=ORIENTED_EDGE('',*,*,#13061,.F.);
#13073=CARTESIAN_POINT('',(5.461,0.381,0.0));
#13072=VERTEX_POINT('',#13073);
#13071=EDGE_CURVE('',#13072,#13062,#13076,.T.);
#13076=LINE('',#13073,#13078);
#13078=VECTOR('',#13079,0.762);
#13079=DIRECTION('',(0.0,-1.0,0.0));
#13070=ORIENTED_EDGE('',*,*,#13071,.F.);
#13083=CARTESIAN_POINT('',(4.699,0.381,0.0));
#13082=VERTEX_POINT('',#13083);
#13081=EDGE_CURVE('',#13082,#13072,#13086,.T.);
#13086=LINE('',#13083,#13088);
#13088=VECTOR('',#13089,0.762);
#13089=DIRECTION('',(1.0,0.0,0.0));
#13080=ORIENTED_EDGE('',*,*,#13081,.F.);
#13091=EDGE_CURVE('',#13064,#13082,#13096,.T.);
#13096=LINE('',#13065,#13098);
#13098=VECTOR('',#13099,0.762);
#13099=DIRECTION('',(0.0,1.0,0.0));
#13090=ORIENTED_EDGE('',*,*,#13091,.F.);
#13100=STYLED_ITEM('',(#34),#13101);
#13101=ADVANCED_FACE('',(#13107),#13102,.T.);
#13102=PLANE('',#13103);
#13103=AXIS2_PLACEMENT_3D('',#13104,#13105,#13106);
#13104=CARTESIAN_POINT('',(5.461,-0.381,-4.89));
#13105=DIRECTION('',(1.0,0.0,0.0));
#13106=DIRECTION('',(0.,0.,1.));
#13107=FACE_OUTER_BOUND('',#13108,.T.);
#13108=EDGE_LOOP('',(#13109,#13119,#13129,#13139));
#13112=CARTESIAN_POINT('',(5.461,0.381,-4.89));
#13111=VERTEX_POINT('',#13112);
#13114=CARTESIAN_POINT('',(5.461,-0.381,-4.89));
#13113=VERTEX_POINT('',#13114);
#13110=EDGE_CURVE('',#13111,#13113,#13115,.T.);
#13115=LINE('',#13112,#13117);
#13117=VECTOR('',#13118,0.762);
#13118=DIRECTION('',(0.0,-1.0,0.0));
#13109=ORIENTED_EDGE('',*,*,#13110,.F.);
#13120=EDGE_CURVE('',#13072,#13111,#13125,.T.);
#13125=LINE('',#13073,#13127);
#13127=VECTOR('',#13128,4.8895);
#13128=DIRECTION('',(0.0,0.0,-1.0));
#13119=ORIENTED_EDGE('',*,*,#13120,.F.);
#13129=ORIENTED_EDGE('',*,*,#13071,.T.);
#13140=EDGE_CURVE('',#13113,#13062,#13145,.T.);
#13145=LINE('',#13114,#13147);
#13147=VECTOR('',#13148,4.8895);
#13148=DIRECTION('',(0.0,0.0,1.0));
#13139=ORIENTED_EDGE('',*,*,#13140,.F.);
#13149=STYLED_ITEM('',(#34),#13150);
#13150=ADVANCED_FACE('',(#13156),#13151,.T.);
#13151=PLANE('',#13152);
#13152=AXIS2_PLACEMENT_3D('',#13153,#13154,#13155);
#13153=CARTESIAN_POINT('',(5.461,0.381,-4.89));
#13154=DIRECTION('',(0.0,1.0,0.0));
#13155=DIRECTION('',(0.,0.,1.));
#13156=FACE_OUTER_BOUND('',#13157,.T.);
#13157=EDGE_LOOP('',(#13158,#13168,#13178,#13188));
#13161=CARTESIAN_POINT('',(4.699,0.381,-4.89));
#13160=VERTEX_POINT('',#13161);
#13159=EDGE_CURVE('',#13160,#13111,#13164,.T.);
#13164=LINE('',#13161,#13166);
#13166=VECTOR('',#13167,0.762);
#13167=DIRECTION('',(1.0,0.0,0.0));
#13158=ORIENTED_EDGE('',*,*,#13159,.F.);
#13169=EDGE_CURVE('',#13082,#13160,#13174,.T.);
#13174=LINE('',#13083,#13176);
#13176=VECTOR('',#13177,4.8895);
#13177=DIRECTION('',(0.0,0.0,-1.0));
#13168=ORIENTED_EDGE('',*,*,#13169,.F.);
#13178=ORIENTED_EDGE('',*,*,#13081,.T.);
#13188=ORIENTED_EDGE('',*,*,#13120,.T.);
#13198=STYLED_ITEM('',(#34),#13199);
#13199=ADVANCED_FACE('',(#13205),#13200,.T.);
#13200=PLANE('',#13201);
#13201=AXIS2_PLACEMENT_3D('',#13202,#13203,#13204);
#13202=CARTESIAN_POINT('',(4.699,0.381,-4.89));
#13203=DIRECTION('',(-1.0,0.0,0.0));
#13204=DIRECTION('',(0.,0.,1.));
#13205=FACE_OUTER_BOUND('',#13206,.T.);
#13206=EDGE_LOOP('',(#13207,#13217,#13227,#13237));
#13210=CARTESIAN_POINT('',(4.699,-0.381,-4.89));
#13209=VERTEX_POINT('',#13210);
#13208=EDGE_CURVE('',#13209,#13160,#13213,.T.);
#13213=LINE('',#13210,#13215);
#13215=VECTOR('',#13216,0.762);
#13216=DIRECTION('',(0.0,1.0,0.0));
#13207=ORIENTED_EDGE('',*,*,#13208,.F.);
#13218=EDGE_CURVE('',#13064,#13209,#13223,.T.);
#13223=LINE('',#13065,#13225);
#13225=VECTOR('',#13226,4.8895);
#13226=DIRECTION('',(0.0,0.0,-1.0));
#13217=ORIENTED_EDGE('',*,*,#13218,.F.);
#13227=ORIENTED_EDGE('',*,*,#13091,.T.);
#13237=ORIENTED_EDGE('',*,*,#13169,.T.);
#13247=STYLED_ITEM('',(#34),#13248);
#13248=ADVANCED_FACE('',(#13254),#13249,.T.);
#13249=PLANE('',#13250);
#13250=AXIS2_PLACEMENT_3D('',#13251,#13252,#13253);
#13251=CARTESIAN_POINT('',(4.699,-0.381,-4.89));
#13252=DIRECTION('',(0.0,-1.0,0.0));
#13253=DIRECTION('',(0.,0.,1.));
#13254=FACE_OUTER_BOUND('',#13255,.T.);
#13255=EDGE_LOOP('',(#13256,#13266,#13276,#13286));
#13257=EDGE_CURVE('',#13113,#13209,#13262,.T.);
#13262=LINE('',#13114,#13264);
#13264=VECTOR('',#13265,0.762);
#13265=DIRECTION('',(-1.0,0.0,0.0));
#13256=ORIENTED_EDGE('',*,*,#13257,.F.);
#13266=ORIENTED_EDGE('',*,*,#13140,.T.);
#13276=ORIENTED_EDGE('',*,*,#13061,.T.);
#13286=ORIENTED_EDGE('',*,*,#13218,.T.);
#13296=STYLED_ITEM('',(#34),#13297);
#13297=ADVANCED_FACE('',(#13303),#13298,.T.);
#13298=PLANE('',#13299);
#13299=AXIS2_PLACEMENT_3D('',#13300,#13301,#13302);
#13300=CARTESIAN_POINT('',(5.27,-0.19,-5.08));
#13301=DIRECTION('',(0.707,0.0,-0.707));
#13302=DIRECTION('',(0.,0.,1.));
#13303=FACE_OUTER_BOUND('',#13304,.T.);
#13304=EDGE_LOOP('',(#13305,#13315,#13325,#13335));
#13308=CARTESIAN_POINT('',(5.27,0.19,-5.08));
#13307=VERTEX_POINT('',#13308);
#13310=CARTESIAN_POINT('',(5.27,-0.19,-5.08));
#13309=VERTEX_POINT('',#13310);
#13306=EDGE_CURVE('',#13307,#13309,#13311,.T.);
#13311=LINE('',#13308,#13313);
#13313=VECTOR('',#13314,0.381);
#13314=DIRECTION('',(0.0,-1.0,0.0));
#13305=ORIENTED_EDGE('',*,*,#13306,.F.);
#13316=EDGE_CURVE('',#13111,#13307,#13321,.T.);
#13321=LINE('',#13112,#13323);
#13323=VECTOR('',#13324,0.329955678841871);
#13324=DIRECTION('',(-0.577,-0.577,-0.577));
#13315=ORIENTED_EDGE('',*,*,#13316,.F.);
#13325=ORIENTED_EDGE('',*,*,#13110,.T.);
#13336=EDGE_CURVE('',#13309,#13113,#13341,.T.);
#13341=LINE('',#13310,#13343);
#13343=VECTOR('',#13344,0.329955678841871);
#13344=DIRECTION('',(0.577,-0.577,0.577));
#13335=ORIENTED_EDGE('',*,*,#13336,.F.);
#13345=STYLED_ITEM('',(#34),#13346);
#13346=ADVANCED_FACE('',(#13352),#13347,.T.);
#13347=PLANE('',#13348);
#13348=AXIS2_PLACEMENT_3D('',#13349,#13350,#13351);
#13349=CARTESIAN_POINT('',(5.27,0.19,-5.08));
#13350=DIRECTION('',(0.0,0.707,-0.707));
#13351=DIRECTION('',(0.,0.,1.));
#13352=FACE_OUTER_BOUND('',#13353,.T.);
#13353=EDGE_LOOP('',(#13354,#13364,#13374,#13384));
#13357=CARTESIAN_POINT('',(4.89,0.19,-5.08));
#13356=VERTEX_POINT('',#13357);
#13355=EDGE_CURVE('',#13356,#13307,#13360,.T.);
#13360=LINE('',#13357,#13362);
#13362=VECTOR('',#13363,0.381);
#13363=DIRECTION('',(1.0,0.0,0.0));
#13354=ORIENTED_EDGE('',*,*,#13355,.F.);
#13365=EDGE_CURVE('',#13160,#13356,#13370,.T.);
#13370=LINE('',#13161,#13372);
#13372=VECTOR('',#13373,0.329955678841871);
#13373=DIRECTION('',(0.577,-0.577,-0.577));
#13364=ORIENTED_EDGE('',*,*,#13365,.F.);
#13374=ORIENTED_EDGE('',*,*,#13159,.T.);
#13384=ORIENTED_EDGE('',*,*,#13316,.T.);
#13394=STYLED_ITEM('',(#34),#13395);
#13395=ADVANCED_FACE('',(#13401),#13396,.T.);
#13396=PLANE('',#13397);
#13397=AXIS2_PLACEMENT_3D('',#13398,#13399,#13400);
#13398=CARTESIAN_POINT('',(4.89,0.19,-5.08));
#13399=DIRECTION('',(-0.707,0.0,-0.707));
#13400=DIRECTION('',(0.,0.,1.));
#13401=FACE_OUTER_BOUND('',#13402,.T.);
#13402=EDGE_LOOP('',(#13403,#13413,#13423,#13433));
#13406=CARTESIAN_POINT('',(4.89,-0.19,-5.08));
#13405=VERTEX_POINT('',#13406);
#13404=EDGE_CURVE('',#13405,#13356,#13409,.T.);
#13409=LINE('',#13406,#13411);
#13411=VECTOR('',#13412,0.381);
#13412=DIRECTION('',(0.0,1.0,0.0));
#13403=ORIENTED_EDGE('',*,*,#13404,.F.);
#13414=EDGE_CURVE('',#13209,#13405,#13419,.T.);
#13419=LINE('',#13210,#13421);
#13421=VECTOR('',#13422,0.329955678841871);
#13422=DIRECTION('',(0.577,0.577,-0.577));
#13413=ORIENTED_EDGE('',*,*,#13414,.F.);
#13423=ORIENTED_EDGE('',*,*,#13208,.T.);
#13433=ORIENTED_EDGE('',*,*,#13365,.T.);
#13443=STYLED_ITEM('',(#34),#13444);
#13444=ADVANCED_FACE('',(#13450),#13445,.T.);
#13445=PLANE('',#13446);
#13446=AXIS2_PLACEMENT_3D('',#13447,#13448,#13449);
#13447=CARTESIAN_POINT('',(4.89,-0.19,-5.08));
#13448=DIRECTION('',(0.0,-0.707,-0.707));
#13449=DIRECTION('',(0.,0.,1.));
#13450=FACE_OUTER_BOUND('',#13451,.T.);
#13451=EDGE_LOOP('',(#13452,#13462,#13472,#13482));
#13453=EDGE_CURVE('',#13309,#13405,#13458,.T.);
#13458=LINE('',#13310,#13460);
#13460=VECTOR('',#13461,0.381);
#13461=DIRECTION('',(-1.0,0.0,0.0));
#13452=ORIENTED_EDGE('',*,*,#13453,.F.);
#13462=ORIENTED_EDGE('',*,*,#13336,.T.);
#13472=ORIENTED_EDGE('',*,*,#13257,.T.);
#13482=ORIENTED_EDGE('',*,*,#13414,.T.);
#13492=STYLED_ITEM('',(#34),#13493);
#13493=ADVANCED_FACE('',(#13499),#13494,.T.);
#13494=PLANE('',#13495);
#13495=AXIS2_PLACEMENT_3D('',#13496,#13497,#13498);
#13496=CARTESIAN_POINT('',(4.89,0.19,-5.08));
#13497=DIRECTION('',(0.0,0.0,-1.0));
#13498=DIRECTION('',(0.,1.,0.));
#13499=FACE_OUTER_BOUND('',#13500,.T.);
#13500=EDGE_LOOP('',(#13501,#13511,#13521,#13531));
#13501=ORIENTED_EDGE('',*,*,#13355,.T.);
#13511=ORIENTED_EDGE('',*,*,#13306,.T.);
#13521=ORIENTED_EDGE('',*,*,#13453,.T.);
#13531=ORIENTED_EDGE('',*,*,#13404,.T.);
#13541=MANIFOLD_SOLID_BREP($,#13542);
#13542=CLOSED_SHELL('',(#13546,#13595,#13644,#13693,#13742,#13791,#13840,#13889,#13938,#13987));
#13543=MANIFOLD_SOLID_BREP($,#13544);
#13544=CLOSED_SHELL('',(#14036,#14085,#14134,#14183,#14232,#14281,#14330,#14379,#14428,#14477));
#13545=STYLED_ITEM('',(#34),#13546);
#13546=ADVANCED_FACE('',(#13552),#13547,.T.);
#13547=PLANE('',#13548);
#13548=AXIS2_PLACEMENT_3D('',#13549,#13550,#13551);
#13549=CARTESIAN_POINT('',(2.35,-0.19,8.89));
#13550=DIRECTION('',(0.0,0.0,1.0));
#13551=DIRECTION('',(0.,1.,0.));
#13552=FACE_OUTER_BOUND('',#13553,.T.);
#13553=EDGE_LOOP('',(#13554,#13564,#13574,#13584));
#13557=CARTESIAN_POINT('',(2.73,-0.19,8.89));
#13556=VERTEX_POINT('',#13557);
#13559=CARTESIAN_POINT('',(2.35,-0.19,8.89));
#13558=VERTEX_POINT('',#13559);
#13555=EDGE_CURVE('',#13556,#13558,#13560,.T.);
#13560=LINE('',#13557,#13562);
#13562=VECTOR('',#13563,0.381);
#13563=DIRECTION('',(-1.0,0.0,0.0));
#13554=ORIENTED_EDGE('',*,*,#13555,.F.);
#13567=CARTESIAN_POINT('',(2.73,0.19,8.89));
#13566=VERTEX_POINT('',#13567);
#13565=EDGE_CURVE('',#13566,#13556,#13570,.T.);
#13570=LINE('',#13567,#13572);
#13572=VECTOR('',#13573,0.381);
#13573=DIRECTION('',(0.0,-1.0,0.0));
#13564=ORIENTED_EDGE('',*,*,#13565,.F.);
#13577=CARTESIAN_POINT('',(2.35,0.19,8.89));
#13576=VERTEX_POINT('',#13577);
#13575=EDGE_CURVE('',#13576,#13566,#13580,.T.);
#13580=LINE('',#13577,#13582);
#13582=VECTOR('',#13583,0.381);
#13583=DIRECTION('',(1.0,0.0,0.0));
#13574=ORIENTED_EDGE('',*,*,#13575,.F.);
#13585=EDGE_CURVE('',#13558,#13576,#13590,.T.);
#13590=LINE('',#13559,#13592);
#13592=VECTOR('',#13593,0.381);
#13593=DIRECTION('',(0.0,1.0,0.0));
#13584=ORIENTED_EDGE('',*,*,#13585,.F.);
#13594=STYLED_ITEM('',(#34),#13595);
#13595=ADVANCED_FACE('',(#13601),#13596,.T.);
#13596=PLANE('',#13597);
#13597=AXIS2_PLACEMENT_3D('',#13598,#13599,#13600);
#13598=CARTESIAN_POINT('',(2.921,-0.381,8.7));
#13599=DIRECTION('',(0.707,0.0,0.707));
#13600=DIRECTION('',(0.,0.,1.));
#13601=FACE_OUTER_BOUND('',#13602,.T.);
#13602=EDGE_LOOP('',(#13603,#13613,#13623,#13633));
#13606=CARTESIAN_POINT('',(2.921,0.381,8.7));
#13605=VERTEX_POINT('',#13606);
#13608=CARTESIAN_POINT('',(2.921,-0.381,8.7));
#13607=VERTEX_POINT('',#13608);
#13604=EDGE_CURVE('',#13605,#13607,#13609,.T.);
#13609=LINE('',#13606,#13611);
#13611=VECTOR('',#13612,0.762);
#13612=DIRECTION('',(0.0,-1.0,0.0));
#13603=ORIENTED_EDGE('',*,*,#13604,.F.);
#13614=EDGE_CURVE('',#13566,#13605,#13619,.T.);
#13619=LINE('',#13567,#13621);
#13621=VECTOR('',#13622,0.329955678841871);
#13622=DIRECTION('',(0.577,0.577,-0.577));
#13613=ORIENTED_EDGE('',*,*,#13614,.F.);
#13623=ORIENTED_EDGE('',*,*,#13565,.T.);
#13634=EDGE_CURVE('',#13607,#13556,#13639,.T.);
#13639=LINE('',#13608,#13641);
#13641=VECTOR('',#13642,0.329955678841871);
#13642=DIRECTION('',(-0.577,0.577,0.577));
#13633=ORIENTED_EDGE('',*,*,#13634,.F.);
#13643=STYLED_ITEM('',(#34),#13644);
#13644=ADVANCED_FACE('',(#13650),#13645,.T.);
#13645=PLANE('',#13646);
#13646=AXIS2_PLACEMENT_3D('',#13647,#13648,#13649);
#13647=CARTESIAN_POINT('',(2.921,0.381,8.7));
#13648=DIRECTION('',(0.0,0.707,0.707));
#13649=DIRECTION('',(0.,0.,1.));
#13650=FACE_OUTER_BOUND('',#13651,.T.);
#13651=EDGE_LOOP('',(#13652,#13662,#13672,#13682));
#13655=CARTESIAN_POINT('',(2.159,0.381,8.7));
#13654=VERTEX_POINT('',#13655);
#13653=EDGE_CURVE('',#13654,#13605,#13658,.T.);
#13658=LINE('',#13655,#13660);
#13660=VECTOR('',#13661,0.762);
#13661=DIRECTION('',(1.0,0.0,0.0));
#13652=ORIENTED_EDGE('',*,*,#13653,.F.);
#13663=EDGE_CURVE('',#13576,#13654,#13668,.T.);
#13668=LINE('',#13577,#13670);
#13670=VECTOR('',#13671,0.329955678841871);
#13671=DIRECTION('',(-0.577,0.577,-0.577));
#13662=ORIENTED_EDGE('',*,*,#13663,.F.);
#13672=ORIENTED_EDGE('',*,*,#13575,.T.);
#13682=ORIENTED_EDGE('',*,*,#13614,.T.);
#13692=STYLED_ITEM('',(#34),#13693);
#13693=ADVANCED_FACE('',(#13699),#13694,.T.);
#13694=PLANE('',#13695);
#13695=AXIS2_PLACEMENT_3D('',#13696,#13697,#13698);
#13696=CARTESIAN_POINT('',(2.159,0.381,8.7));
#13697=DIRECTION('',(-0.707,0.0,0.707));
#13698=DIRECTION('',(0.,0.,1.));
#13699=FACE_OUTER_BOUND('',#13700,.T.);
#13700=EDGE_LOOP('',(#13701,#13711,#13721,#13731));
#13704=CARTESIAN_POINT('',(2.159,-0.381,8.7));
#13703=VERTEX_POINT('',#13704);
#13702=EDGE_CURVE('',#13703,#13654,#13707,.T.);
#13707=LINE('',#13704,#13709);
#13709=VECTOR('',#13710,0.762);
#13710=DIRECTION('',(0.0,1.0,0.0));
#13701=ORIENTED_EDGE('',*,*,#13702,.F.);
#13712=EDGE_CURVE('',#13558,#13703,#13717,.T.);
#13717=LINE('',#13559,#13719);
#13719=VECTOR('',#13720,0.329955678841871);
#13720=DIRECTION('',(-0.577,-0.577,-0.577));
#13711=ORIENTED_EDGE('',*,*,#13712,.F.);
#13721=ORIENTED_EDGE('',*,*,#13585,.T.);
#13731=ORIENTED_EDGE('',*,*,#13663,.T.);
#13741=STYLED_ITEM('',(#34),#13742);
#13742=ADVANCED_FACE('',(#13748),#13743,.T.);
#13743=PLANE('',#13744);
#13744=AXIS2_PLACEMENT_3D('',#13745,#13746,#13747);
#13745=CARTESIAN_POINT('',(2.159,-0.381,8.7));
#13746=DIRECTION('',(0.0,-0.707,0.707));
#13747=DIRECTION('',(0.,0.,1.));
#13748=FACE_OUTER_BOUND('',#13749,.T.);
#13749=EDGE_LOOP('',(#13750,#13760,#13770,#13780));
#13751=EDGE_CURVE('',#13607,#13703,#13756,.T.);
#13756=LINE('',#13608,#13758);
#13758=VECTOR('',#13759,0.762);
#13759=DIRECTION('',(-1.0,0.0,0.0));
#13750=ORIENTED_EDGE('',*,*,#13751,.F.);
#13760=ORIENTED_EDGE('',*,*,#13634,.T.);
#13770=ORIENTED_EDGE('',*,*,#13555,.T.);
#13780=ORIENTED_EDGE('',*,*,#13712,.T.);
#13790=STYLED_ITEM('',(#34),#13791);
#13791=ADVANCED_FACE('',(#13797),#13792,.T.);
#13792=PLANE('',#13793);
#13793=AXIS2_PLACEMENT_3D('',#13794,#13795,#13796);
#13794=CARTESIAN_POINT('',(2.921,-0.381,2.659));
#13795=DIRECTION('',(1.0,0.0,0.0));
#13796=DIRECTION('',(0.,0.,1.));
#13797=FACE_OUTER_BOUND('',#13798,.T.);
#13798=EDGE_LOOP('',(#13799,#13809,#13819,#13829));
#13802=CARTESIAN_POINT('',(2.921,0.381,2.659));
#13801=VERTEX_POINT('',#13802);
#13804=CARTESIAN_POINT('',(2.921,-0.381,2.659));
#13803=VERTEX_POINT('',#13804);
#13800=EDGE_CURVE('',#13801,#13803,#13805,.T.);
#13805=LINE('',#13802,#13807);
#13807=VECTOR('',#13808,0.762);
#13808=DIRECTION('',(0.0,-1.0,0.0));
#13799=ORIENTED_EDGE('',*,*,#13800,.F.);
#13810=EDGE_CURVE('',#13605,#13801,#13815,.T.);
#13815=LINE('',#13606,#13817);
#13817=VECTOR('',#13818,6.0409693252);
#13818=DIRECTION('',(0.0,0.0,-1.0));
#13809=ORIENTED_EDGE('',*,*,#13810,.F.);
#13819=ORIENTED_EDGE('',*,*,#13604,.T.);
#13830=EDGE_CURVE('',#13803,#13607,#13835,.T.);
#13835=LINE('',#13804,#13837);
#13837=VECTOR('',#13838,6.0409693252);
#13838=DIRECTION('',(0.0,0.0,1.0));
#13829=ORIENTED_EDGE('',*,*,#13830,.F.);
#13839=STYLED_ITEM('',(#34),#13840);
#13840=ADVANCED_FACE('',(#13846),#13841,.T.);
#13841=PLANE('',#13842);
#13842=AXIS2_PLACEMENT_3D('',#13843,#13844,#13845);
#13843=CARTESIAN_POINT('',(2.921,0.381,2.659));
#13844=DIRECTION('',(0.0,1.0,0.0));
#13845=DIRECTION('',(0.,0.,1.));
#13846=FACE_OUTER_BOUND('',#13847,.T.);
#13847=EDGE_LOOP('',(#13848,#13858,#13868,#13878));
#13851=CARTESIAN_POINT('',(2.159,0.381,2.659));
#13850=VERTEX_POINT('',#13851);
#13849=EDGE_CURVE('',#13850,#13801,#13854,.T.);
#13854=LINE('',#13851,#13856);
#13856=VECTOR('',#13857,0.762);
#13857=DIRECTION('',(1.0,0.0,0.0));
#13848=ORIENTED_EDGE('',*,*,#13849,.F.);
#13859=EDGE_CURVE('',#13654,#13850,#13864,.T.);
#13864=LINE('',#13655,#13866);
#13866=VECTOR('',#13867,6.0409693252);
#13867=DIRECTION('',(0.0,0.0,-1.0));
#13858=ORIENTED_EDGE('',*,*,#13859,.F.);
#13868=ORIENTED_EDGE('',*,*,#13653,.T.);
#13878=ORIENTED_EDGE('',*,*,#13810,.T.);
#13888=STYLED_ITEM('',(#34),#13889);
#13889=ADVANCED_FACE('',(#13895),#13890,.T.);
#13890=PLANE('',#13891);
#13891=AXIS2_PLACEMENT_3D('',#13892,#13893,#13894);
#13892=CARTESIAN_POINT('',(2.159,0.381,2.659));
#13893=DIRECTION('',(-1.0,0.0,0.0));
#13894=DIRECTION('',(0.,0.,1.));
#13895=FACE_OUTER_BOUND('',#13896,.T.);
#13896=EDGE_LOOP('',(#13897,#13907,#13917,#13927));
#13900=CARTESIAN_POINT('',(2.159,-0.381,2.659));
#13899=VERTEX_POINT('',#13900);
#13898=EDGE_CURVE('',#13899,#13850,#13903,.T.);
#13903=LINE('',#13900,#13905);
#13905=VECTOR('',#13906,0.762);
#13906=DIRECTION('',(0.0,1.0,0.0));
#13897=ORIENTED_EDGE('',*,*,#13898,.F.);
#13908=EDGE_CURVE('',#13703,#13899,#13913,.T.);
#13913=LINE('',#13704,#13915);
#13915=VECTOR('',#13916,6.0409693252);
#13916=DIRECTION('',(0.0,0.0,-1.0));
#13907=ORIENTED_EDGE('',*,*,#13908,.F.);
#13917=ORIENTED_EDGE('',*,*,#13702,.T.);
#13927=ORIENTED_EDGE('',*,*,#13859,.T.);
#13937=STYLED_ITEM('',(#34),#13938);
#13938=ADVANCED_FACE('',(#13944),#13939,.T.);
#13939=PLANE('',#13940);
#13940=AXIS2_PLACEMENT_3D('',#13941,#13942,#13943);
#13941=CARTESIAN_POINT('',(2.159,-0.381,2.659));
#13942=DIRECTION('',(0.0,-1.0,0.0));
#13943=DIRECTION('',(0.,0.,1.));
#13944=FACE_OUTER_BOUND('',#13945,.T.);
#13945=EDGE_LOOP('',(#13946,#13956,#13966,#13976));
#13947=EDGE_CURVE('',#13803,#13899,#13952,.T.);
#13952=LINE('',#13804,#13954);
#13954=VECTOR('',#13955,0.762);
#13955=DIRECTION('',(-1.0,0.0,0.0));
#13946=ORIENTED_EDGE('',*,*,#13947,.F.);
#13956=ORIENTED_EDGE('',*,*,#13830,.T.);
#13966=ORIENTED_EDGE('',*,*,#13751,.T.);
#13976=ORIENTED_EDGE('',*,*,#13908,.T.);
#13986=STYLED_ITEM('',(#34),#13987);
#13987=ADVANCED_FACE('',(#13993),#13988,.T.);
#13988=PLANE('',#13989);
#13989=AXIS2_PLACEMENT_3D('',#13990,#13991,#13992);
#13990=CARTESIAN_POINT('',(2.159,0.381,2.659));
#13991=DIRECTION('',(0.0,0.0,-1.0));
#13992=DIRECTION('',(0.,1.,0.));
#13993=FACE_OUTER_BOUND('',#13994,.T.);
#13994=EDGE_LOOP('',(#13995,#14005,#14015,#14025));
#13995=ORIENTED_EDGE('',*,*,#13849,.T.);
#14005=ORIENTED_EDGE('',*,*,#13800,.T.);
#14015=ORIENTED_EDGE('',*,*,#13947,.T.);
#14025=ORIENTED_EDGE('',*,*,#13898,.T.);
#14035=STYLED_ITEM('',(#34),#14036);
#14036=ADVANCED_FACE('',(#14042),#14037,.T.);
#14037=PLANE('',#14038);
#14038=AXIS2_PLACEMENT_3D('',#14039,#14040,#14041);
#14039=CARTESIAN_POINT('',(2.159,-0.381,0.0));
#14040=DIRECTION('',(0.0,0.0,1.0));
#14041=DIRECTION('',(0.,1.,0.));
#14042=FACE_OUTER_BOUND('',#14043,.T.);
#14043=EDGE_LOOP('',(#14044,#14054,#14064,#14074));
#14047=CARTESIAN_POINT('',(2.921,-0.381,0.0));
#14046=VERTEX_POINT('',#14047);
#14049=CARTESIAN_POINT('',(2.159,-0.381,0.0));
#14048=VERTEX_POINT('',#14049);
#14045=EDGE_CURVE('',#14046,#14048,#14050,.T.);
#14050=LINE('',#14047,#14052);
#14052=VECTOR('',#14053,0.762);
#14053=DIRECTION('',(-1.0,0.0,0.0));
#14044=ORIENTED_EDGE('',*,*,#14045,.F.);
#14057=CARTESIAN_POINT('',(2.921,0.381,0.0));
#14056=VERTEX_POINT('',#14057);
#14055=EDGE_CURVE('',#14056,#14046,#14060,.T.);
#14060=LINE('',#14057,#14062);
#14062=VECTOR('',#14063,0.762);
#14063=DIRECTION('',(0.0,-1.0,0.0));
#14054=ORIENTED_EDGE('',*,*,#14055,.F.);
#14067=CARTESIAN_POINT('',(2.159,0.381,0.0));
#14066=VERTEX_POINT('',#14067);
#14065=EDGE_CURVE('',#14066,#14056,#14070,.T.);
#14070=LINE('',#14067,#14072);
#14072=VECTOR('',#14073,0.762);
#14073=DIRECTION('',(1.0,0.0,0.0));
#14064=ORIENTED_EDGE('',*,*,#14065,.F.);
#14075=EDGE_CURVE('',#14048,#14066,#14080,.T.);
#14080=LINE('',#14049,#14082);
#14082=VECTOR('',#14083,0.762);
#14083=DIRECTION('',(0.0,1.0,0.0));
#14074=ORIENTED_EDGE('',*,*,#14075,.F.);
#14084=STYLED_ITEM('',(#34),#14085);
#14085=ADVANCED_FACE('',(#14091),#14086,.T.);
#14086=PLANE('',#14087);
#14087=AXIS2_PLACEMENT_3D('',#14088,#14089,#14090);
#14088=CARTESIAN_POINT('',(2.921,-0.381,-4.89));
#14089=DIRECTION('',(1.0,0.0,0.0));
#14090=DIRECTION('',(0.,0.,1.));
#14091=FACE_OUTER_BOUND('',#14092,.T.);
#14092=EDGE_LOOP('',(#14093,#14103,#14113,#14123));
#14096=CARTESIAN_POINT('',(2.921,0.381,-4.89));
#14095=VERTEX_POINT('',#14096);
#14098=CARTESIAN_POINT('',(2.921,-0.381,-4.89));
#14097=VERTEX_POINT('',#14098);
#14094=EDGE_CURVE('',#14095,#14097,#14099,.T.);
#14099=LINE('',#14096,#14101);
#14101=VECTOR('',#14102,0.762);
#14102=DIRECTION('',(0.0,-1.0,0.0));
#14093=ORIENTED_EDGE('',*,*,#14094,.F.);
#14104=EDGE_CURVE('',#14056,#14095,#14109,.T.);
#14109=LINE('',#14057,#14111);
#14111=VECTOR('',#14112,4.8895);
#14112=DIRECTION('',(0.0,0.0,-1.0));
#14103=ORIENTED_EDGE('',*,*,#14104,.F.);
#14113=ORIENTED_EDGE('',*,*,#14055,.T.);
#14124=EDGE_CURVE('',#14097,#14046,#14129,.T.);
#14129=LINE('',#14098,#14131);
#14131=VECTOR('',#14132,4.8895);
#14132=DIRECTION('',(0.0,0.0,1.0));
#14123=ORIENTED_EDGE('',*,*,#14124,.F.);
#14133=STYLED_ITEM('',(#34),#14134);
#14134=ADVANCED_FACE('',(#14140),#14135,.T.);
#14135=PLANE('',#14136);
#14136=AXIS2_PLACEMENT_3D('',#14137,#14138,#14139);
#14137=CARTESIAN_POINT('',(2.921,0.381,-4.89));
#14138=DIRECTION('',(0.0,1.0,0.0));
#14139=DIRECTION('',(0.,0.,1.));
#14140=FACE_OUTER_BOUND('',#14141,.T.);
#14141=EDGE_LOOP('',(#14142,#14152,#14162,#14172));
#14145=CARTESIAN_POINT('',(2.159,0.381,-4.89));
#14144=VERTEX_POINT('',#14145);
#14143=EDGE_CURVE('',#14144,#14095,#14148,.T.);
#14148=LINE('',#14145,#14150);
#14150=VECTOR('',#14151,0.762);
#14151=DIRECTION('',(1.0,0.0,0.0));
#14142=ORIENTED_EDGE('',*,*,#14143,.F.);
#14153=EDGE_CURVE('',#14066,#14144,#14158,.T.);
#14158=LINE('',#14067,#14160);
#14160=VECTOR('',#14161,4.8895);
#14161=DIRECTION('',(0.0,0.0,-1.0));
#14152=ORIENTED_EDGE('',*,*,#14153,.F.);
#14162=ORIENTED_EDGE('',*,*,#14065,.T.);
#14172=ORIENTED_EDGE('',*,*,#14104,.T.);
#14182=STYLED_ITEM('',(#34),#14183);
#14183=ADVANCED_FACE('',(#14189),#14184,.T.);
#14184=PLANE('',#14185);
#14185=AXIS2_PLACEMENT_3D('',#14186,#14187,#14188);
#14186=CARTESIAN_POINT('',(2.159,0.381,-4.89));
#14187=DIRECTION('',(-1.0,0.0,0.0));
#14188=DIRECTION('',(0.,0.,1.));
#14189=FACE_OUTER_BOUND('',#14190,.T.);
#14190=EDGE_LOOP('',(#14191,#14201,#14211,#14221));
#14194=CARTESIAN_POINT('',(2.159,-0.381,-4.89));
#14193=VERTEX_POINT('',#14194);
#14192=EDGE_CURVE('',#14193,#14144,#14197,.T.);
#14197=LINE('',#14194,#14199);
#14199=VECTOR('',#14200,0.762);
#14200=DIRECTION('',(0.0,1.0,0.0));
#14191=ORIENTED_EDGE('',*,*,#14192,.F.);
#14202=EDGE_CURVE('',#14048,#14193,#14207,.T.);
#14207=LINE('',#14049,#14209);
#14209=VECTOR('',#14210,4.8895);
#14210=DIRECTION('',(0.0,0.0,-1.0));
#14201=ORIENTED_EDGE('',*,*,#14202,.F.);
#14211=ORIENTED_EDGE('',*,*,#14075,.T.);
#14221=ORIENTED_EDGE('',*,*,#14153,.T.);
#14231=STYLED_ITEM('',(#34),#14232);
#14232=ADVANCED_FACE('',(#14238),#14233,.T.);
#14233=PLANE('',#14234);
#14234=AXIS2_PLACEMENT_3D('',#14235,#14236,#14237);
#14235=CARTESIAN_POINT('',(2.159,-0.381,-4.89));
#14236=DIRECTION('',(0.0,-1.0,0.0));
#14237=DIRECTION('',(0.,0.,1.));
#14238=FACE_OUTER_BOUND('',#14239,.T.);
#14239=EDGE_LOOP('',(#14240,#14250,#14260,#14270));
#14241=EDGE_CURVE('',#14097,#14193,#14246,.T.);
#14246=LINE('',#14098,#14248);
#14248=VECTOR('',#14249,0.762);
#14249=DIRECTION('',(-1.0,0.0,0.0));
#14240=ORIENTED_EDGE('',*,*,#14241,.F.);
#14250=ORIENTED_EDGE('',*,*,#14124,.T.);
#14260=ORIENTED_EDGE('',*,*,#14045,.T.);
#14270=ORIENTED_EDGE('',*,*,#14202,.T.);
#14280=STYLED_ITEM('',(#34),#14281);
#14281=ADVANCED_FACE('',(#14287),#14282,.T.);
#14282=PLANE('',#14283);
#14283=AXIS2_PLACEMENT_3D('',#14284,#14285,#14286);
#14284=CARTESIAN_POINT('',(2.73,-0.19,-5.08));
#14285=DIRECTION('',(0.707,0.0,-0.707));
#14286=DIRECTION('',(0.,0.,1.));
#14287=FACE_OUTER_BOUND('',#14288,.T.);
#14288=EDGE_LOOP('',(#14289,#14299,#14309,#14319));
#14292=CARTESIAN_POINT('',(2.73,0.19,-5.08));
#14291=VERTEX_POINT('',#14292);
#14294=CARTESIAN_POINT('',(2.73,-0.19,-5.08));
#14293=VERTEX_POINT('',#14294);
#14290=EDGE_CURVE('',#14291,#14293,#14295,.T.);
#14295=LINE('',#14292,#14297);
#14297=VECTOR('',#14298,0.381);
#14298=DIRECTION('',(0.0,-1.0,0.0));
#14289=ORIENTED_EDGE('',*,*,#14290,.F.);
#14300=EDGE_CURVE('',#14095,#14291,#14305,.T.);
#14305=LINE('',#14096,#14307);
#14307=VECTOR('',#14308,0.329955678841871);
#14308=DIRECTION('',(-0.577,-0.577,-0.577));
#14299=ORIENTED_EDGE('',*,*,#14300,.F.);
#14309=ORIENTED_EDGE('',*,*,#14094,.T.);
#14320=EDGE_CURVE('',#14293,#14097,#14325,.T.);
#14325=LINE('',#14294,#14327);
#14327=VECTOR('',#14328,0.329955678841871);
#14328=DIRECTION('',(0.577,-0.577,0.577));
#14319=ORIENTED_EDGE('',*,*,#14320,.F.);
#14329=STYLED_ITEM('',(#34),#14330);
#14330=ADVANCED_FACE('',(#14336),#14331,.T.);
#14331=PLANE('',#14332);
#14332=AXIS2_PLACEMENT_3D('',#14333,#14334,#14335);
#14333=CARTESIAN_POINT('',(2.73,0.19,-5.08));
#14334=DIRECTION('',(0.0,0.707,-0.707));
#14335=DIRECTION('',(0.,0.,1.));
#14336=FACE_OUTER_BOUND('',#14337,.T.);
#14337=EDGE_LOOP('',(#14338,#14348,#14358,#14368));
#14341=CARTESIAN_POINT('',(2.35,0.19,-5.08));
#14340=VERTEX_POINT('',#14341);
#14339=EDGE_CURVE('',#14340,#14291,#14344,.T.);
#14344=LINE('',#14341,#14346);
#14346=VECTOR('',#14347,0.381);
#14347=DIRECTION('',(1.0,0.0,0.0));
#14338=ORIENTED_EDGE('',*,*,#14339,.F.);
#14349=EDGE_CURVE('',#14144,#14340,#14354,.T.);
#14354=LINE('',#14145,#14356);
#14356=VECTOR('',#14357,0.329955678841871);
#14357=DIRECTION('',(0.577,-0.577,-0.577));
#14348=ORIENTED_EDGE('',*,*,#14349,.F.);
#14358=ORIENTED_EDGE('',*,*,#14143,.T.);
#14368=ORIENTED_EDGE('',*,*,#14300,.T.);
#14378=STYLED_ITEM('',(#34),#14379);
#14379=ADVANCED_FACE('',(#14385),#14380,.T.);
#14380=PLANE('',#14381);
#14381=AXIS2_PLACEMENT_3D('',#14382,#14383,#14384);
#14382=CARTESIAN_POINT('',(2.35,0.19,-5.08));
#14383=DIRECTION('',(-0.707,0.0,-0.707));
#14384=DIRECTION('',(0.,0.,1.));
#14385=FACE_OUTER_BOUND('',#14386,.T.);
#14386=EDGE_LOOP('',(#14387,#14397,#14407,#14417));
#14390=CARTESIAN_POINT('',(2.35,-0.19,-5.08));
#14389=VERTEX_POINT('',#14390);
#14388=EDGE_CURVE('',#14389,#14340,#14393,.T.);
#14393=LINE('',#14390,#14395);
#14395=VECTOR('',#14396,0.381);
#14396=DIRECTION('',(0.0,1.0,0.0));
#14387=ORIENTED_EDGE('',*,*,#14388,.F.);
#14398=EDGE_CURVE('',#14193,#14389,#14403,.T.);
#14403=LINE('',#14194,#14405);
#14405=VECTOR('',#14406,0.329955678841871);
#14406=DIRECTION('',(0.577,0.577,-0.577));
#14397=ORIENTED_EDGE('',*,*,#14398,.F.);
#14407=ORIENTED_EDGE('',*,*,#14192,.T.);
#14417=ORIENTED_EDGE('',*,*,#14349,.T.);
#14427=STYLED_ITEM('',(#34),#14428);
#14428=ADVANCED_FACE('',(#14434),#14429,.T.);
#14429=PLANE('',#14430);
#14430=AXIS2_PLACEMENT_3D('',#14431,#14432,#14433);
#14431=CARTESIAN_POINT('',(2.35,-0.19,-5.08));
#14432=DIRECTION('',(0.0,-0.707,-0.707));
#14433=DIRECTION('',(0.,0.,1.));
#14434=FACE_OUTER_BOUND('',#14435,.T.);
#14435=EDGE_LOOP('',(#14436,#14446,#14456,#14466));
#14437=EDGE_CURVE('',#14293,#14389,#14442,.T.);
#14442=LINE('',#14294,#14444);
#14444=VECTOR('',#14445,0.381);
#14445=DIRECTION('',(-1.0,0.0,0.0));
#14436=ORIENTED_EDGE('',*,*,#14437,.F.);
#14446=ORIENTED_EDGE('',*,*,#14320,.T.);
#14456=ORIENTED_EDGE('',*,*,#14241,.T.);
#14466=ORIENTED_EDGE('',*,*,#14398,.T.);
#14476=STYLED_ITEM('',(#34),#14477);
#14477=ADVANCED_FACE('',(#14483),#14478,.T.);
#14478=PLANE('',#14479);
#14479=AXIS2_PLACEMENT_3D('',#14480,#14481,#14482);
#14480=CARTESIAN_POINT('',(2.35,0.19,-5.08));
#14481=DIRECTION('',(0.0,0.0,-1.0));
#14482=DIRECTION('',(0.,1.,0.));
#14483=FACE_OUTER_BOUND('',#14484,.T.);
#14484=EDGE_LOOP('',(#14485,#14495,#14505,#14515));
#14485=ORIENTED_EDGE('',*,*,#14339,.T.);
#14495=ORIENTED_EDGE('',*,*,#14290,.T.);
#14505=ORIENTED_EDGE('',*,*,#14437,.T.);
#14515=ORIENTED_EDGE('',*,*,#14388,.T.);
#14525=MANIFOLD_SOLID_BREP($,#14526);
#14526=CLOSED_SHELL('',(#14530,#14579,#14628,#14677,#14726,#14775,#14824,#14873,#14922,#14971));
#14527=MANIFOLD_SOLID_BREP($,#14528);
#14528=CLOSED_SHELL('',(#15020,#15069,#15118,#15167,#15216,#15265,#15314,#15363,#15412,#15461));
#14529=STYLED_ITEM('',(#34),#14530);
#14530=ADVANCED_FACE('',(#14536),#14531,.T.);
#14531=PLANE('',#14532);
#14532=AXIS2_PLACEMENT_3D('',#14533,#14534,#14535);
#14533=CARTESIAN_POINT('',(-0.19,-0.19,8.89));
#14534=DIRECTION('',(0.0,0.0,1.0));
#14535=DIRECTION('',(0.,1.,0.));
#14536=FACE_OUTER_BOUND('',#14537,.T.);
#14537=EDGE_LOOP('',(#14538,#14548,#14558,#14568));
#14541=CARTESIAN_POINT('',(0.19,-0.19,8.89));
#14540=VERTEX_POINT('',#14541);
#14543=CARTESIAN_POINT('',(-0.19,-0.19,8.89));
#14542=VERTEX_POINT('',#14543);
#14539=EDGE_CURVE('',#14540,#14542,#14544,.T.);
#14544=LINE('',#14541,#14546);
#14546=VECTOR('',#14547,0.381);
#14547=DIRECTION('',(-1.0,0.0,0.0));
#14538=ORIENTED_EDGE('',*,*,#14539,.F.);
#14551=CARTESIAN_POINT('',(0.19,0.19,8.89));
#14550=VERTEX_POINT('',#14551);
#14549=EDGE_CURVE('',#14550,#14540,#14554,.T.);
#14554=LINE('',#14551,#14556);
#14556=VECTOR('',#14557,0.381);
#14557=DIRECTION('',(0.0,-1.0,0.0));
#14548=ORIENTED_EDGE('',*,*,#14549,.F.);
#14561=CARTESIAN_POINT('',(-0.19,0.19,8.89));
#14560=VERTEX_POINT('',#14561);
#14559=EDGE_CURVE('',#14560,#14550,#14564,.T.);
#14564=LINE('',#14561,#14566);
#14566=VECTOR('',#14567,0.381);
#14567=DIRECTION('',(1.0,0.0,0.0));
#14558=ORIENTED_EDGE('',*,*,#14559,.F.);
#14569=EDGE_CURVE('',#14542,#14560,#14574,.T.);
#14574=LINE('',#14543,#14576);
#14576=VECTOR('',#14577,0.381);
#14577=DIRECTION('',(0.0,1.0,0.0));
#14568=ORIENTED_EDGE('',*,*,#14569,.F.);
#14578=STYLED_ITEM('',(#34),#14579);
#14579=ADVANCED_FACE('',(#14585),#14580,.T.);
#14580=PLANE('',#14581);
#14581=AXIS2_PLACEMENT_3D('',#14582,#14583,#14584);
#14582=CARTESIAN_POINT('',(0.381,-0.381,8.7));
#14583=DIRECTION('',(0.707,0.0,0.707));
#14584=DIRECTION('',(0.,0.,1.));
#14585=FACE_OUTER_BOUND('',#14586,.T.);
#14586=EDGE_LOOP('',(#14587,#14597,#14607,#14617));
#14590=CARTESIAN_POINT('',(0.381,0.381,8.7));
#14589=VERTEX_POINT('',#14590);
#14592=CARTESIAN_POINT('',(0.381,-0.381,8.7));
#14591=VERTEX_POINT('',#14592);
#14588=EDGE_CURVE('',#14589,#14591,#14593,.T.);
#14593=LINE('',#14590,#14595);
#14595=VECTOR('',#14596,0.762);
#14596=DIRECTION('',(0.0,-1.0,0.0));
#14587=ORIENTED_EDGE('',*,*,#14588,.F.);
#14598=EDGE_CURVE('',#14550,#14589,#14603,.T.);
#14603=LINE('',#14551,#14605);
#14605=VECTOR('',#14606,0.329955678841871);
#14606=DIRECTION('',(0.577,0.577,-0.577));
#14597=ORIENTED_EDGE('',*,*,#14598,.F.);
#14607=ORIENTED_EDGE('',*,*,#14549,.T.);
#14618=EDGE_CURVE('',#14591,#14540,#14623,.T.);
#14623=LINE('',#14592,#14625);
#14625=VECTOR('',#14626,0.329955678841871);
#14626=DIRECTION('',(-0.577,0.577,0.577));
#14617=ORIENTED_EDGE('',*,*,#14618,.F.);
#14627=STYLED_ITEM('',(#34),#14628);
#14628=ADVANCED_FACE('',(#14634),#14629,.T.);
#14629=PLANE('',#14630);
#14630=AXIS2_PLACEMENT_3D('',#14631,#14632,#14633);
#14631=CARTESIAN_POINT('',(0.381,0.381,8.7));
#14632=DIRECTION('',(0.0,0.707,0.707));
#14633=DIRECTION('',(0.,0.,1.));
#14634=FACE_OUTER_BOUND('',#14635,.T.);
#14635=EDGE_LOOP('',(#14636,#14646,#14656,#14666));
#14639=CARTESIAN_POINT('',(-0.381,0.381,8.7));
#14638=VERTEX_POINT('',#14639);
#14637=EDGE_CURVE('',#14638,#14589,#14642,.T.);
#14642=LINE('',#14639,#14644);
#14644=VECTOR('',#14645,0.762);
#14645=DIRECTION('',(1.0,0.0,0.0));
#14636=ORIENTED_EDGE('',*,*,#14637,.F.);
#14647=EDGE_CURVE('',#14560,#14638,#14652,.T.);
#14652=LINE('',#14561,#14654);
#14654=VECTOR('',#14655,0.329955678841871);
#14655=DIRECTION('',(-0.577,0.577,-0.577));
#14646=ORIENTED_EDGE('',*,*,#14647,.F.);
#14656=ORIENTED_EDGE('',*,*,#14559,.T.);
#14666=ORIENTED_EDGE('',*,*,#14598,.T.);
#14676=STYLED_ITEM('',(#34),#14677);
#14677=ADVANCED_FACE('',(#14683),#14678,.T.);
#14678=PLANE('',#14679);
#14679=AXIS2_PLACEMENT_3D('',#14680,#14681,#14682);
#14680=CARTESIAN_POINT('',(-0.381,0.381,8.7));
#14681=DIRECTION('',(-0.707,0.0,0.707));
#14682=DIRECTION('',(0.,0.,1.));
#14683=FACE_OUTER_BOUND('',#14684,.T.);
#14684=EDGE_LOOP('',(#14685,#14695,#14705,#14715));
#14688=CARTESIAN_POINT('',(-0.381,-0.381,8.7));
#14687=VERTEX_POINT('',#14688);
#14686=EDGE_CURVE('',#14687,#14638,#14691,.T.);
#14691=LINE('',#14688,#14693);
#14693=VECTOR('',#14694,0.762);
#14694=DIRECTION('',(0.0,1.0,0.0));
#14685=ORIENTED_EDGE('',*,*,#14686,.F.);
#14696=EDGE_CURVE('',#14542,#14687,#14701,.T.);
#14701=LINE('',#14543,#14703);
#14703=VECTOR('',#14704,0.329955678841871);
#14704=DIRECTION('',(-0.577,-0.577,-0.577));
#14695=ORIENTED_EDGE('',*,*,#14696,.F.);
#14705=ORIENTED_EDGE('',*,*,#14569,.T.);
#14715=ORIENTED_EDGE('',*,*,#14647,.T.);
#14725=STYLED_ITEM('',(#34),#14726);
#14726=ADVANCED_FACE('',(#14732),#14727,.T.);
#14727=PLANE('',#14728);
#14728=AXIS2_PLACEMENT_3D('',#14729,#14730,#14731);
#14729=CARTESIAN_POINT('',(-0.381,-0.381,8.7));
#14730=DIRECTION('',(0.0,-0.707,0.707));
#14731=DIRECTION('',(0.,0.,1.));
#14732=FACE_OUTER_BOUND('',#14733,.T.);
#14733=EDGE_LOOP('',(#14734,#14744,#14754,#14764));
#14735=EDGE_CURVE('',#14591,#14687,#14740,.T.);
#14740=LINE('',#14592,#14742);
#14742=VECTOR('',#14743,0.762);
#14743=DIRECTION('',(-1.0,0.0,0.0));
#14734=ORIENTED_EDGE('',*,*,#14735,.F.);
#14744=ORIENTED_EDGE('',*,*,#14618,.T.);
#14754=ORIENTED_EDGE('',*,*,#14539,.T.);
#14764=ORIENTED_EDGE('',*,*,#14696,.T.);
#14774=STYLED_ITEM('',(#34),#14775);
#14775=ADVANCED_FACE('',(#14781),#14776,.T.);
#14776=PLANE('',#14777);
#14777=AXIS2_PLACEMENT_3D('',#14778,#14779,#14780);
#14778=CARTESIAN_POINT('',(0.381,-0.381,2.659));
#14779=DIRECTION('',(1.0,0.0,0.0));
#14780=DIRECTION('',(0.,0.,1.));
#14781=FACE_OUTER_BOUND('',#14782,.T.);
#14782=EDGE_LOOP('',(#14783,#14793,#14803,#14813));
#14786=CARTESIAN_POINT('',(0.381,0.381,2.659));
#14785=VERTEX_POINT('',#14786);
#14788=CARTESIAN_POINT('',(0.381,-0.381,2.659));
#14787=VERTEX_POINT('',#14788);
#14784=EDGE_CURVE('',#14785,#14787,#14789,.T.);
#14789=LINE('',#14786,#14791);
#14791=VECTOR('',#14792,0.762);
#14792=DIRECTION('',(0.0,-1.0,0.0));
#14783=ORIENTED_EDGE('',*,*,#14784,.F.);
#14794=EDGE_CURVE('',#14589,#14785,#14799,.T.);
#14799=LINE('',#14590,#14801);
#14801=VECTOR('',#14802,6.0409693252);
#14802=DIRECTION('',(0.0,0.0,-1.0));
#14793=ORIENTED_EDGE('',*,*,#14794,.F.);
#14803=ORIENTED_EDGE('',*,*,#14588,.T.);
#14814=EDGE_CURVE('',#14787,#14591,#14819,.T.);
#14819=LINE('',#14788,#14821);
#14821=VECTOR('',#14822,6.0409693252);
#14822=DIRECTION('',(0.0,0.0,1.0));
#14813=ORIENTED_EDGE('',*,*,#14814,.F.);
#14823=STYLED_ITEM('',(#34),#14824);
#14824=ADVANCED_FACE('',(#14830),#14825,.T.);
#14825=PLANE('',#14826);
#14826=AXIS2_PLACEMENT_3D('',#14827,#14828,#14829);
#14827=CARTESIAN_POINT('',(0.381,0.381,2.659));
#14828=DIRECTION('',(0.0,1.0,0.0));
#14829=DIRECTION('',(0.,0.,1.));
#14830=FACE_OUTER_BOUND('',#14831,.T.);
#14831=EDGE_LOOP('',(#14832,#14842,#14852,#14862));
#14835=CARTESIAN_POINT('',(-0.381,0.381,2.659));
#14834=VERTEX_POINT('',#14835);
#14833=EDGE_CURVE('',#14834,#14785,#14838,.T.);
#14838=LINE('',#14835,#14840);
#14840=VECTOR('',#14841,0.762);
#14841=DIRECTION('',(1.0,0.0,0.0));
#14832=ORIENTED_EDGE('',*,*,#14833,.F.);
#14843=EDGE_CURVE('',#14638,#14834,#14848,.T.);
#14848=LINE('',#14639,#14850);
#14850=VECTOR('',#14851,6.0409693252);
#14851=DIRECTION('',(0.0,0.0,-1.0));
#14842=ORIENTED_EDGE('',*,*,#14843,.F.);
#14852=ORIENTED_EDGE('',*,*,#14637,.T.);
#14862=ORIENTED_EDGE('',*,*,#14794,.T.);
#14872=STYLED_ITEM('',(#34),#14873);
#14873=ADVANCED_FACE('',(#14879),#14874,.T.);
#14874=PLANE('',#14875);
#14875=AXIS2_PLACEMENT_3D('',#14876,#14877,#14878);
#14876=CARTESIAN_POINT('',(-0.381,0.381,2.659));
#14877=DIRECTION('',(-1.0,0.0,0.0));
#14878=DIRECTION('',(0.,0.,1.));
#14879=FACE_OUTER_BOUND('',#14880,.T.);
#14880=EDGE_LOOP('',(#14881,#14891,#14901,#14911));
#14884=CARTESIAN_POINT('',(-0.381,-0.381,2.659));
#14883=VERTEX_POINT('',#14884);
#14882=EDGE_CURVE('',#14883,#14834,#14887,.T.);
#14887=LINE('',#14884,#14889);
#14889=VECTOR('',#14890,0.762);
#14890=DIRECTION('',(0.0,1.0,0.0));
#14881=ORIENTED_EDGE('',*,*,#14882,.F.);
#14892=EDGE_CURVE('',#14687,#14883,#14897,.T.);
#14897=LINE('',#14688,#14899);
#14899=VECTOR('',#14900,6.0409693252);
#14900=DIRECTION('',(0.0,0.0,-1.0));
#14891=ORIENTED_EDGE('',*,*,#14892,.F.);
#14901=ORIENTED_EDGE('',*,*,#14686,.T.);
#14911=ORIENTED_EDGE('',*,*,#14843,.T.);
#14921=STYLED_ITEM('',(#34),#14922);
#14922=ADVANCED_FACE('',(#14928),#14923,.T.);
#14923=PLANE('',#14924);
#14924=AXIS2_PLACEMENT_3D('',#14925,#14926,#14927);
#14925=CARTESIAN_POINT('',(-0.381,-0.381,2.659));
#14926=DIRECTION('',(0.0,-1.0,0.0));
#14927=DIRECTION('',(0.,0.,1.));
#14928=FACE_OUTER_BOUND('',#14929,.T.);
#14929=EDGE_LOOP('',(#14930,#14940,#14950,#14960));
#14931=EDGE_CURVE('',#14787,#14883,#14936,.T.);
#14936=LINE('',#14788,#14938);
#14938=VECTOR('',#14939,0.762);
#14939=DIRECTION('',(-1.0,0.0,0.0));
#14930=ORIENTED_EDGE('',*,*,#14931,.F.);
#14940=ORIENTED_EDGE('',*,*,#14814,.T.);
#14950=ORIENTED_EDGE('',*,*,#14735,.T.);
#14960=ORIENTED_EDGE('',*,*,#14892,.T.);
#14970=STYLED_ITEM('',(#34),#14971);
#14971=ADVANCED_FACE('',(#14977),#14972,.T.);
#14972=PLANE('',#14973);
#14973=AXIS2_PLACEMENT_3D('',#14974,#14975,#14976);
#14974=CARTESIAN_POINT('',(-0.381,0.381,2.659));
#14975=DIRECTION('',(0.0,0.0,-1.0));
#14976=DIRECTION('',(0.,1.,0.));
#14977=FACE_OUTER_BOUND('',#14978,.T.);
#14978=EDGE_LOOP('',(#14979,#14989,#14999,#15009));
#14979=ORIENTED_EDGE('',*,*,#14833,.T.);
#14989=ORIENTED_EDGE('',*,*,#14784,.T.);
#14999=ORIENTED_EDGE('',*,*,#14931,.T.);
#15009=ORIENTED_EDGE('',*,*,#14882,.T.);
#15019=STYLED_ITEM('',(#34),#15020);
#15020=ADVANCED_FACE('',(#15026),#15021,.T.);
#15021=PLANE('',#15022);
#15022=AXIS2_PLACEMENT_3D('',#15023,#15024,#15025);
#15023=CARTESIAN_POINT('',(-0.381,-0.381,0.0));
#15024=DIRECTION('',(0.0,0.0,1.0));
#15025=DIRECTION('',(0.,1.,0.));
#15026=FACE_OUTER_BOUND('',#15027,.T.);
#15027=EDGE_LOOP('',(#15028,#15038,#15048,#15058));
#15031=CARTESIAN_POINT('',(0.381,-0.381,0.0));
#15030=VERTEX_POINT('',#15031);
#15033=CARTESIAN_POINT('',(-0.381,-0.381,0.0));
#15032=VERTEX_POINT('',#15033);
#15029=EDGE_CURVE('',#15030,#15032,#15034,.T.);
#15034=LINE('',#15031,#15036);
#15036=VECTOR('',#15037,0.762);
#15037=DIRECTION('',(-1.0,0.0,0.0));
#15028=ORIENTED_EDGE('',*,*,#15029,.F.);
#15041=CARTESIAN_POINT('',(0.381,0.381,0.0));
#15040=VERTEX_POINT('',#15041);
#15039=EDGE_CURVE('',#15040,#15030,#15044,.T.);
#15044=LINE('',#15041,#15046);
#15046=VECTOR('',#15047,0.762);
#15047=DIRECTION('',(0.0,-1.0,0.0));
#15038=ORIENTED_EDGE('',*,*,#15039,.F.);
#15051=CARTESIAN_POINT('',(-0.381,0.381,0.0));
#15050=VERTEX_POINT('',#15051);
#15049=EDGE_CURVE('',#15050,#15040,#15054,.T.);
#15054=LINE('',#15051,#15056);
#15056=VECTOR('',#15057,0.762);
#15057=DIRECTION('',(1.0,0.0,0.0));
#15048=ORIENTED_EDGE('',*,*,#15049,.F.);
#15059=EDGE_CURVE('',#15032,#15050,#15064,.T.);
#15064=LINE('',#15033,#15066);
#15066=VECTOR('',#15067,0.762);
#15067=DIRECTION('',(0.0,1.0,0.0));
#15058=ORIENTED_EDGE('',*,*,#15059,.F.);
#15068=STYLED_ITEM('',(#34),#15069);
#15069=ADVANCED_FACE('',(#15075),#15070,.T.);
#15070=PLANE('',#15071);
#15071=AXIS2_PLACEMENT_3D('',#15072,#15073,#15074);
#15072=CARTESIAN_POINT('',(0.381,-0.381,-4.89));
#15073=DIRECTION('',(1.0,0.0,0.0));
#15074=DIRECTION('',(0.,0.,1.));
#15075=FACE_OUTER_BOUND('',#15076,.T.);
#15076=EDGE_LOOP('',(#15077,#15087,#15097,#15107));
#15080=CARTESIAN_POINT('',(0.381,0.381,-4.89));
#15079=VERTEX_POINT('',#15080);
#15082=CARTESIAN_POINT('',(0.381,-0.381,-4.89));
#15081=VERTEX_POINT('',#15082);
#15078=EDGE_CURVE('',#15079,#15081,#15083,.T.);
#15083=LINE('',#15080,#15085);
#15085=VECTOR('',#15086,0.762);
#15086=DIRECTION('',(0.0,-1.0,0.0));
#15077=ORIENTED_EDGE('',*,*,#15078,.F.);
#15088=EDGE_CURVE('',#15040,#15079,#15093,.T.);
#15093=LINE('',#15041,#15095);
#15095=VECTOR('',#15096,4.8895);
#15096=DIRECTION('',(0.0,0.0,-1.0));
#15087=ORIENTED_EDGE('',*,*,#15088,.F.);
#15097=ORIENTED_EDGE('',*,*,#15039,.T.);
#15108=EDGE_CURVE('',#15081,#15030,#15113,.T.);
#15113=LINE('',#15082,#15115);
#15115=VECTOR('',#15116,4.8895);
#15116=DIRECTION('',(0.0,0.0,1.0));
#15107=ORIENTED_EDGE('',*,*,#15108,.F.);
#15117=STYLED_ITEM('',(#34),#15118);
#15118=ADVANCED_FACE('',(#15124),#15119,.T.);
#15119=PLANE('',#15120);
#15120=AXIS2_PLACEMENT_3D('',#15121,#15122,#15123);
#15121=CARTESIAN_POINT('',(0.381,0.381,-4.89));
#15122=DIRECTION('',(0.0,1.0,0.0));
#15123=DIRECTION('',(0.,0.,1.));
#15124=FACE_OUTER_BOUND('',#15125,.T.);
#15125=EDGE_LOOP('',(#15126,#15136,#15146,#15156));
#15129=CARTESIAN_POINT('',(-0.381,0.381,-4.89));
#15128=VERTEX_POINT('',#15129);
#15127=EDGE_CURVE('',#15128,#15079,#15132,.T.);
#15132=LINE('',#15129,#15134);
#15134=VECTOR('',#15135,0.762);
#15135=DIRECTION('',(1.0,0.0,0.0));
#15126=ORIENTED_EDGE('',*,*,#15127,.F.);
#15137=EDGE_CURVE('',#15050,#15128,#15142,.T.);
#15142=LINE('',#15051,#15144);
#15144=VECTOR('',#15145,4.8895);
#15145=DIRECTION('',(0.0,0.0,-1.0));
#15136=ORIENTED_EDGE('',*,*,#15137,.F.);
#15146=ORIENTED_EDGE('',*,*,#15049,.T.);
#15156=ORIENTED_EDGE('',*,*,#15088,.T.);
#15166=STYLED_ITEM('',(#34),#15167);
#15167=ADVANCED_FACE('',(#15173),#15168,.T.);
#15168=PLANE('',#15169);
#15169=AXIS2_PLACEMENT_3D('',#15170,#15171,#15172);
#15170=CARTESIAN_POINT('',(-0.381,0.381,-4.89));
#15171=DIRECTION('',(-1.0,0.0,0.0));
#15172=DIRECTION('',(0.,0.,1.));
#15173=FACE_OUTER_BOUND('',#15174,.T.);
#15174=EDGE_LOOP('',(#15175,#15185,#15195,#15205));
#15178=CARTESIAN_POINT('',(-0.381,-0.381,-4.89));
#15177=VERTEX_POINT('',#15178);
#15176=EDGE_CURVE('',#15177,#15128,#15181,.T.);
#15181=LINE('',#15178,#15183);
#15183=VECTOR('',#15184,0.762);
#15184=DIRECTION('',(0.0,1.0,0.0));
#15175=ORIENTED_EDGE('',*,*,#15176,.F.);
#15186=EDGE_CURVE('',#15032,#15177,#15191,.T.);
#15191=LINE('',#15033,#15193);
#15193=VECTOR('',#15194,4.8895);
#15194=DIRECTION('',(0.0,0.0,-1.0));
#15185=ORIENTED_EDGE('',*,*,#15186,.F.);
#15195=ORIENTED_EDGE('',*,*,#15059,.T.);
#15205=ORIENTED_EDGE('',*,*,#15137,.T.);
#15215=STYLED_ITEM('',(#34),#15216);
#15216=ADVANCED_FACE('',(#15222),#15217,.T.);
#15217=PLANE('',#15218);
#15218=AXIS2_PLACEMENT_3D('',#15219,#15220,#15221);
#15219=CARTESIAN_POINT('',(-0.381,-0.381,-4.89));
#15220=DIRECTION('',(0.0,-1.0,0.0));
#15221=DIRECTION('',(0.,0.,1.));
#15222=FACE_OUTER_BOUND('',#15223,.T.);
#15223=EDGE_LOOP('',(#15224,#15234,#15244,#15254));
#15225=EDGE_CURVE('',#15081,#15177,#15230,.T.);
#15230=LINE('',#15082,#15232);
#15232=VECTOR('',#15233,0.762);
#15233=DIRECTION('',(-1.0,0.0,0.0));
#15224=ORIENTED_EDGE('',*,*,#15225,.F.);
#15234=ORIENTED_EDGE('',*,*,#15108,.T.);
#15244=ORIENTED_EDGE('',*,*,#15029,.T.);
#15254=ORIENTED_EDGE('',*,*,#15186,.T.);
#15264=STYLED_ITEM('',(#34),#15265);
#15265=ADVANCED_FACE('',(#15271),#15266,.T.);
#15266=PLANE('',#15267);
#15267=AXIS2_PLACEMENT_3D('',#15268,#15269,#15270);
#15268=CARTESIAN_POINT('',(0.19,-0.19,-5.08));
#15269=DIRECTION('',(0.707,0.0,-0.707));
#15270=DIRECTION('',(0.,0.,1.));
#15271=FACE_OUTER_BOUND('',#15272,.T.);
#15272=EDGE_LOOP('',(#15273,#15283,#15293,#15303));
#15276=CARTESIAN_POINT('',(0.19,0.19,-5.08));
#15275=VERTEX_POINT('',#15276);
#15278=CARTESIAN_POINT('',(0.19,-0.19,-5.08));
#15277=VERTEX_POINT('',#15278);
#15274=EDGE_CURVE('',#15275,#15277,#15279,.T.);
#15279=LINE('',#15276,#15281);
#15281=VECTOR('',#15282,0.381);
#15282=DIRECTION('',(0.0,-1.0,0.0));
#15273=ORIENTED_EDGE('',*,*,#15274,.F.);
#15284=EDGE_CURVE('',#15079,#15275,#15289,.T.);
#15289=LINE('',#15080,#15291);
#15291=VECTOR('',#15292,0.329955678841871);
#15292=DIRECTION('',(-0.577,-0.577,-0.577));
#15283=ORIENTED_EDGE('',*,*,#15284,.F.);
#15293=ORIENTED_EDGE('',*,*,#15078,.T.);
#15304=EDGE_CURVE('',#15277,#15081,#15309,.T.);
#15309=LINE('',#15278,#15311);
#15311=VECTOR('',#15312,0.329955678841871);
#15312=DIRECTION('',(0.577,-0.577,0.577));
#15303=ORIENTED_EDGE('',*,*,#15304,.F.);
#15313=STYLED_ITEM('',(#34),#15314);
#15314=ADVANCED_FACE('',(#15320),#15315,.T.);
#15315=PLANE('',#15316);
#15316=AXIS2_PLACEMENT_3D('',#15317,#15318,#15319);
#15317=CARTESIAN_POINT('',(0.19,0.19,-5.08));
#15318=DIRECTION('',(0.0,0.707,-0.707));
#15319=DIRECTION('',(0.,0.,1.));
#15320=FACE_OUTER_BOUND('',#15321,.T.);
#15321=EDGE_LOOP('',(#15322,#15332,#15342,#15352));
#15325=CARTESIAN_POINT('',(-0.19,0.19,-5.08));
#15324=VERTEX_POINT('',#15325);
#15323=EDGE_CURVE('',#15324,#15275,#15328,.T.);
#15328=LINE('',#15325,#15330);
#15330=VECTOR('',#15331,0.381);
#15331=DIRECTION('',(1.0,0.0,0.0));
#15322=ORIENTED_EDGE('',*,*,#15323,.F.);
#15333=EDGE_CURVE('',#15128,#15324,#15338,.T.);
#15338=LINE('',#15129,#15340);
#15340=VECTOR('',#15341,0.329955678841871);
#15341=DIRECTION('',(0.577,-0.577,-0.577));
#15332=ORIENTED_EDGE('',*,*,#15333,.F.);
#15342=ORIENTED_EDGE('',*,*,#15127,.T.);
#15352=ORIENTED_EDGE('',*,*,#15284,.T.);
#15362=STYLED_ITEM('',(#34),#15363);
#15363=ADVANCED_FACE('',(#15369),#15364,.T.);
#15364=PLANE('',#15365);
#15365=AXIS2_PLACEMENT_3D('',#15366,#15367,#15368);
#15366=CARTESIAN_POINT('',(-0.19,0.19,-5.08));
#15367=DIRECTION('',(-0.707,0.0,-0.707));
#15368=DIRECTION('',(0.,0.,1.));
#15369=FACE_OUTER_BOUND('',#15370,.T.);
#15370=EDGE_LOOP('',(#15371,#15381,#15391,#15401));
#15374=CARTESIAN_POINT('',(-0.19,-0.19,-5.08));
#15373=VERTEX_POINT('',#15374);
#15372=EDGE_CURVE('',#15373,#15324,#15377,.T.);
#15377=LINE('',#15374,#15379);
#15379=VECTOR('',#15380,0.381);
#15380=DIRECTION('',(0.0,1.0,0.0));
#15371=ORIENTED_EDGE('',*,*,#15372,.F.);
#15382=EDGE_CURVE('',#15177,#15373,#15387,.T.);
#15387=LINE('',#15178,#15389);
#15389=VECTOR('',#15390,0.329955678841871);
#15390=DIRECTION('',(0.577,0.577,-0.577));
#15381=ORIENTED_EDGE('',*,*,#15382,.F.);
#15391=ORIENTED_EDGE('',*,*,#15176,.T.);
#15401=ORIENTED_EDGE('',*,*,#15333,.T.);
#15411=STYLED_ITEM('',(#34),#15412);
#15412=ADVANCED_FACE('',(#15418),#15413,.T.);
#15413=PLANE('',#15414);
#15414=AXIS2_PLACEMENT_3D('',#15415,#15416,#15417);
#15415=CARTESIAN_POINT('',(-0.19,-0.19,-5.08));
#15416=DIRECTION('',(0.0,-0.707,-0.707));
#15417=DIRECTION('',(0.,0.,1.));
#15418=FACE_OUTER_BOUND('',#15419,.T.);
#15419=EDGE_LOOP('',(#15420,#15430,#15440,#15450));
#15421=EDGE_CURVE('',#15277,#15373,#15426,.T.);
#15426=LINE('',#15278,#15428);
#15428=VECTOR('',#15429,0.381);
#15429=DIRECTION('',(-1.0,0.0,0.0));
#15420=ORIENTED_EDGE('',*,*,#15421,.F.);
#15430=ORIENTED_EDGE('',*,*,#15304,.T.);
#15440=ORIENTED_EDGE('',*,*,#15225,.T.);
#15450=ORIENTED_EDGE('',*,*,#15382,.T.);
#15460=STYLED_ITEM('',(#34),#15461);
#15461=ADVANCED_FACE('',(#15467),#15462,.T.);
#15462=PLANE('',#15463);
#15463=AXIS2_PLACEMENT_3D('',#15464,#15465,#15466);
#15464=CARTESIAN_POINT('',(-0.19,0.19,-5.08));
#15465=DIRECTION('',(0.0,0.0,-1.0));
#15466=DIRECTION('',(0.,1.,0.));
#15467=FACE_OUTER_BOUND('',#15468,.T.);
#15468=EDGE_LOOP('',(#15469,#15479,#15489,#15499));
#15469=ORIENTED_EDGE('',*,*,#15323,.T.);
#15479=ORIENTED_EDGE('',*,*,#15274,.T.);
#15489=ORIENTED_EDGE('',*,*,#15421,.T.);
#15499=ORIENTED_EDGE('',*,*,#15372,.T.);
#15509=MANIFOLD_SOLID_BREP($,#15510);
#15510=CLOSED_SHELL('',(#15514,#15563,#15612,#15661,#15710,#15759,#15808,#15857,#15906,#15955));
#15511=MANIFOLD_SOLID_BREP($,#15512);
#15512=CLOSED_SHELL('',(#16004,#16053,#16102,#16151,#16200,#16249,#16298,#16347,#16396,#16445));
#15513=STYLED_ITEM('',(#34),#15514);
#15514=ADVANCED_FACE('',(#15520),#15515,.T.);
#15515=PLANE('',#15516);
#15516=AXIS2_PLACEMENT_3D('',#15517,#15518,#15519);
#15517=CARTESIAN_POINT('',(15.05,-2.73,8.89));
#15518=DIRECTION('',(0.0,0.0,1.0));
#15519=DIRECTION('',(0.,1.,0.));
#15520=FACE_OUTER_BOUND('',#15521,.T.);
#15521=EDGE_LOOP('',(#15522,#15532,#15542,#15552));
#15525=CARTESIAN_POINT('',(15.43,-2.73,8.89));
#15524=VERTEX_POINT('',#15525);
#15527=CARTESIAN_POINT('',(15.05,-2.73,8.89));
#15526=VERTEX_POINT('',#15527);
#15523=EDGE_CURVE('',#15524,#15526,#15528,.T.);
#15528=LINE('',#15525,#15530);
#15530=VECTOR('',#15531,0.381);
#15531=DIRECTION('',(-1.0,0.0,0.0));
#15522=ORIENTED_EDGE('',*,*,#15523,.F.);
#15535=CARTESIAN_POINT('',(15.43,-2.35,8.89));
#15534=VERTEX_POINT('',#15535);
#15533=EDGE_CURVE('',#15534,#15524,#15538,.T.);
#15538=LINE('',#15535,#15540);
#15540=VECTOR('',#15541,0.381);
#15541=DIRECTION('',(0.0,-1.0,0.0));
#15532=ORIENTED_EDGE('',*,*,#15533,.F.);
#15545=CARTESIAN_POINT('',(15.05,-2.35,8.89));
#15544=VERTEX_POINT('',#15545);
#15543=EDGE_CURVE('',#15544,#15534,#15548,.T.);
#15548=LINE('',#15545,#15550);
#15550=VECTOR('',#15551,0.381);
#15551=DIRECTION('',(1.0,0.0,0.0));
#15542=ORIENTED_EDGE('',*,*,#15543,.F.);
#15553=EDGE_CURVE('',#15526,#15544,#15558,.T.);
#15558=LINE('',#15527,#15560);
#15560=VECTOR('',#15561,0.381);
#15561=DIRECTION('',(0.0,1.0,0.0));
#15552=ORIENTED_EDGE('',*,*,#15553,.F.);
#15562=STYLED_ITEM('',(#34),#15563);
#15563=ADVANCED_FACE('',(#15569),#15564,.T.);
#15564=PLANE('',#15565);
#15565=AXIS2_PLACEMENT_3D('',#15566,#15567,#15568);
#15566=CARTESIAN_POINT('',(15.621,-2.921,8.7));
#15567=DIRECTION('',(0.707,0.0,0.707));
#15568=DIRECTION('',(0.,0.,1.));
#15569=FACE_OUTER_BOUND('',#15570,.T.);
#15570=EDGE_LOOP('',(#15571,#15581,#15591,#15601));
#15574=CARTESIAN_POINT('',(15.621,-2.159,8.7));
#15573=VERTEX_POINT('',#15574);
#15576=CARTESIAN_POINT('',(15.621,-2.921,8.7));
#15575=VERTEX_POINT('',#15576);
#15572=EDGE_CURVE('',#15573,#15575,#15577,.T.);
#15577=LINE('',#15574,#15579);
#15579=VECTOR('',#15580,0.762);
#15580=DIRECTION('',(0.0,-1.0,0.0));
#15571=ORIENTED_EDGE('',*,*,#15572,.F.);
#15582=EDGE_CURVE('',#15534,#15573,#15587,.T.);
#15587=LINE('',#15535,#15589);
#15589=VECTOR('',#15590,0.329955678841871);
#15590=DIRECTION('',(0.577,0.577,-0.577));
#15581=ORIENTED_EDGE('',*,*,#15582,.F.);
#15591=ORIENTED_EDGE('',*,*,#15533,.T.);
#15602=EDGE_CURVE('',#15575,#15524,#15607,.T.);
#15607=LINE('',#15576,#15609);
#15609=VECTOR('',#15610,0.329955678841871);
#15610=DIRECTION('',(-0.577,0.577,0.577));
#15601=ORIENTED_EDGE('',*,*,#15602,.F.);
#15611=STYLED_ITEM('',(#34),#15612);
#15612=ADVANCED_FACE('',(#15618),#15613,.T.);
#15613=PLANE('',#15614);
#15614=AXIS2_PLACEMENT_3D('',#15615,#15616,#15617);
#15615=CARTESIAN_POINT('',(15.621,-2.159,8.7));
#15616=DIRECTION('',(0.0,0.707,0.707));
#15617=DIRECTION('',(0.,0.,1.));
#15618=FACE_OUTER_BOUND('',#15619,.T.);
#15619=EDGE_LOOP('',(#15620,#15630,#15640,#15650));
#15623=CARTESIAN_POINT('',(14.859,-2.159,8.7));
#15622=VERTEX_POINT('',#15623);
#15621=EDGE_CURVE('',#15622,#15573,#15626,.T.);
#15626=LINE('',#15623,#15628);
#15628=VECTOR('',#15629,0.762);
#15629=DIRECTION('',(1.0,0.0,0.0));
#15620=ORIENTED_EDGE('',*,*,#15621,.F.);
#15631=EDGE_CURVE('',#15544,#15622,#15636,.T.);
#15636=LINE('',#15545,#15638);
#15638=VECTOR('',#15639,0.329955678841871);
#15639=DIRECTION('',(-0.577,0.577,-0.577));
#15630=ORIENTED_EDGE('',*,*,#15631,.F.);
#15640=ORIENTED_EDGE('',*,*,#15543,.T.);
#15650=ORIENTED_EDGE('',*,*,#15582,.T.);
#15660=STYLED_ITEM('',(#34),#15661);
#15661=ADVANCED_FACE('',(#15667),#15662,.T.);
#15662=PLANE('',#15663);
#15663=AXIS2_PLACEMENT_3D('',#15664,#15665,#15666);
#15664=CARTESIAN_POINT('',(14.859,-2.159,8.7));
#15665=DIRECTION('',(-0.707,0.0,0.707));
#15666=DIRECTION('',(0.,0.,1.));
#15667=FACE_OUTER_BOUND('',#15668,.T.);
#15668=EDGE_LOOP('',(#15669,#15679,#15689,#15699));
#15672=CARTESIAN_POINT('',(14.859,-2.921,8.7));
#15671=VERTEX_POINT('',#15672);
#15670=EDGE_CURVE('',#15671,#15622,#15675,.T.);
#15675=LINE('',#15672,#15677);
#15677=VECTOR('',#15678,0.762);
#15678=DIRECTION('',(0.0,1.0,0.0));
#15669=ORIENTED_EDGE('',*,*,#15670,.F.);
#15680=EDGE_CURVE('',#15526,#15671,#15685,.T.);
#15685=LINE('',#15527,#15687);
#15687=VECTOR('',#15688,0.329955678841871);
#15688=DIRECTION('',(-0.577,-0.577,-0.577));
#15679=ORIENTED_EDGE('',*,*,#15680,.F.);
#15689=ORIENTED_EDGE('',*,*,#15553,.T.);
#15699=ORIENTED_EDGE('',*,*,#15631,.T.);
#15709=STYLED_ITEM('',(#34),#15710);
#15710=ADVANCED_FACE('',(#15716),#15711,.T.);
#15711=PLANE('',#15712);
#15712=AXIS2_PLACEMENT_3D('',#15713,#15714,#15715);
#15713=CARTESIAN_POINT('',(14.859,-2.921,8.7));
#15714=DIRECTION('',(0.0,-0.707,0.707));
#15715=DIRECTION('',(0.,0.,1.));
#15716=FACE_OUTER_BOUND('',#15717,.T.);
#15717=EDGE_LOOP('',(#15718,#15728,#15738,#15748));
#15719=EDGE_CURVE('',#15575,#15671,#15724,.T.);
#15724=LINE('',#15576,#15726);
#15726=VECTOR('',#15727,0.762);
#15727=DIRECTION('',(-1.0,0.0,0.0));
#15718=ORIENTED_EDGE('',*,*,#15719,.F.);
#15728=ORIENTED_EDGE('',*,*,#15602,.T.);
#15738=ORIENTED_EDGE('',*,*,#15523,.T.);
#15748=ORIENTED_EDGE('',*,*,#15680,.T.);
#15758=STYLED_ITEM('',(#34),#15759);
#15759=ADVANCED_FACE('',(#15765),#15760,.T.);
#15760=PLANE('',#15761);
#15761=AXIS2_PLACEMENT_3D('',#15762,#15763,#15764);
#15762=CARTESIAN_POINT('',(15.621,-2.921,2.659));
#15763=DIRECTION('',(1.0,0.0,0.0));
#15764=DIRECTION('',(0.,0.,1.));
#15765=FACE_OUTER_BOUND('',#15766,.T.);
#15766=EDGE_LOOP('',(#15767,#15777,#15787,#15797));
#15770=CARTESIAN_POINT('',(15.621,-2.159,2.659));
#15769=VERTEX_POINT('',#15770);
#15772=CARTESIAN_POINT('',(15.621,-2.921,2.659));
#15771=VERTEX_POINT('',#15772);
#15768=EDGE_CURVE('',#15769,#15771,#15773,.T.);
#15773=LINE('',#15770,#15775);
#15775=VECTOR('',#15776,0.762);
#15776=DIRECTION('',(0.0,-1.0,0.0));
#15767=ORIENTED_EDGE('',*,*,#15768,.F.);
#15778=EDGE_CURVE('',#15573,#15769,#15783,.T.);
#15783=LINE('',#15574,#15785);
#15785=VECTOR('',#15786,6.0409693252);
#15786=DIRECTION('',(0.0,0.0,-1.0));
#15777=ORIENTED_EDGE('',*,*,#15778,.F.);
#15787=ORIENTED_EDGE('',*,*,#15572,.T.);
#15798=EDGE_CURVE('',#15771,#15575,#15803,.T.);
#15803=LINE('',#15772,#15805);
#15805=VECTOR('',#15806,6.0409693252);
#15806=DIRECTION('',(0.0,0.0,1.0));
#15797=ORIENTED_EDGE('',*,*,#15798,.F.);
#15807=STYLED_ITEM('',(#34),#15808);
#15808=ADVANCED_FACE('',(#15814),#15809,.T.);
#15809=PLANE('',#15810);
#15810=AXIS2_PLACEMENT_3D('',#15811,#15812,#15813);
#15811=CARTESIAN_POINT('',(15.621,-2.159,2.659));
#15812=DIRECTION('',(0.0,1.0,0.0));
#15813=DIRECTION('',(0.,0.,1.));
#15814=FACE_OUTER_BOUND('',#15815,.T.);
#15815=EDGE_LOOP('',(#15816,#15826,#15836,#15846));
#15819=CARTESIAN_POINT('',(14.859,-2.159,2.659));
#15818=VERTEX_POINT('',#15819);
#15817=EDGE_CURVE('',#15818,#15769,#15822,.T.);
#15822=LINE('',#15819,#15824);
#15824=VECTOR('',#15825,0.762);
#15825=DIRECTION('',(1.0,0.0,0.0));
#15816=ORIENTED_EDGE('',*,*,#15817,.F.);
#15827=EDGE_CURVE('',#15622,#15818,#15832,.T.);
#15832=LINE('',#15623,#15834);
#15834=VECTOR('',#15835,6.0409693252);
#15835=DIRECTION('',(0.0,0.0,-1.0));
#15826=ORIENTED_EDGE('',*,*,#15827,.F.);
#15836=ORIENTED_EDGE('',*,*,#15621,.T.);
#15846=ORIENTED_EDGE('',*,*,#15778,.T.);
#15856=STYLED_ITEM('',(#34),#15857);
#15857=ADVANCED_FACE('',(#15863),#15858,.T.);
#15858=PLANE('',#15859);
#15859=AXIS2_PLACEMENT_3D('',#15860,#15861,#15862);
#15860=CARTESIAN_POINT('',(14.859,-2.159,2.659));
#15861=DIRECTION('',(-1.0,0.0,0.0));
#15862=DIRECTION('',(0.,0.,1.));
#15863=FACE_OUTER_BOUND('',#15864,.T.);
#15864=EDGE_LOOP('',(#15865,#15875,#15885,#15895));
#15868=CARTESIAN_POINT('',(14.859,-2.921,2.659));
#15867=VERTEX_POINT('',#15868);
#15866=EDGE_CURVE('',#15867,#15818,#15871,.T.);
#15871=LINE('',#15868,#15873);
#15873=VECTOR('',#15874,0.762);
#15874=DIRECTION('',(0.0,1.0,0.0));
#15865=ORIENTED_EDGE('',*,*,#15866,.F.);
#15876=EDGE_CURVE('',#15671,#15867,#15881,.T.);
#15881=LINE('',#15672,#15883);
#15883=VECTOR('',#15884,6.0409693252);
#15884=DIRECTION('',(0.0,0.0,-1.0));
#15875=ORIENTED_EDGE('',*,*,#15876,.F.);
#15885=ORIENTED_EDGE('',*,*,#15670,.T.);
#15895=ORIENTED_EDGE('',*,*,#15827,.T.);
#15905=STYLED_ITEM('',(#34),#15906);
#15906=ADVANCED_FACE('',(#15912),#15907,.T.);
#15907=PLANE('',#15908);
#15908=AXIS2_PLACEMENT_3D('',#15909,#15910,#15911);
#15909=CARTESIAN_POINT('',(14.859,-2.921,2.659));
#15910=DIRECTION('',(0.0,-1.0,0.0));
#15911=DIRECTION('',(0.,0.,1.));
#15912=FACE_OUTER_BOUND('',#15913,.T.);
#15913=EDGE_LOOP('',(#15914,#15924,#15934,#15944));
#15915=EDGE_CURVE('',#15771,#15867,#15920,.T.);
#15920=LINE('',#15772,#15922);
#15922=VECTOR('',#15923,0.762);
#15923=DIRECTION('',(-1.0,0.0,0.0));
#15914=ORIENTED_EDGE('',*,*,#15915,.F.);
#15924=ORIENTED_EDGE('',*,*,#15798,.T.);
#15934=ORIENTED_EDGE('',*,*,#15719,.T.);
#15944=ORIENTED_EDGE('',*,*,#15876,.T.);
#15954=STYLED_ITEM('',(#34),#15955);
#15955=ADVANCED_FACE('',(#15961),#15956,.T.);
#15956=PLANE('',#15957);
#15957=AXIS2_PLACEMENT_3D('',#15958,#15959,#15960);
#15958=CARTESIAN_POINT('',(14.859,-2.159,2.659));
#15959=DIRECTION('',(0.0,0.0,-1.0));
#15960=DIRECTION('',(0.,1.,0.));
#15961=FACE_OUTER_BOUND('',#15962,.T.);
#15962=EDGE_LOOP('',(#15963,#15973,#15983,#15993));
#15963=ORIENTED_EDGE('',*,*,#15817,.T.);
#15973=ORIENTED_EDGE('',*,*,#15768,.T.);
#15983=ORIENTED_EDGE('',*,*,#15915,.T.);
#15993=ORIENTED_EDGE('',*,*,#15866,.T.);
#16003=STYLED_ITEM('',(#34),#16004);
#16004=ADVANCED_FACE('',(#16010),#16005,.T.);
#16005=PLANE('',#16006);
#16006=AXIS2_PLACEMENT_3D('',#16007,#16008,#16009);
#16007=CARTESIAN_POINT('',(14.859,-2.921,0.0));
#16008=DIRECTION('',(0.0,0.0,1.0));
#16009=DIRECTION('',(0.,1.,0.));
#16010=FACE_OUTER_BOUND('',#16011,.T.);
#16011=EDGE_LOOP('',(#16012,#16022,#16032,#16042));
#16015=CARTESIAN_POINT('',(15.621,-2.921,0.0));
#16014=VERTEX_POINT('',#16015);
#16017=CARTESIAN_POINT('',(14.859,-2.921,0.0));
#16016=VERTEX_POINT('',#16017);
#16013=EDGE_CURVE('',#16014,#16016,#16018,.T.);
#16018=LINE('',#16015,#16020);
#16020=VECTOR('',#16021,0.762);
#16021=DIRECTION('',(-1.0,0.0,0.0));
#16012=ORIENTED_EDGE('',*,*,#16013,.F.);
#16025=CARTESIAN_POINT('',(15.621,-2.159,0.0));
#16024=VERTEX_POINT('',#16025);
#16023=EDGE_CURVE('',#16024,#16014,#16028,.T.);
#16028=LINE('',#16025,#16030);
#16030=VECTOR('',#16031,0.762);
#16031=DIRECTION('',(0.0,-1.0,0.0));
#16022=ORIENTED_EDGE('',*,*,#16023,.F.);
#16035=CARTESIAN_POINT('',(14.859,-2.159,0.0));
#16034=VERTEX_POINT('',#16035);
#16033=EDGE_CURVE('',#16034,#16024,#16038,.T.);
#16038=LINE('',#16035,#16040);
#16040=VECTOR('',#16041,0.762);
#16041=DIRECTION('',(1.0,0.0,0.0));
#16032=ORIENTED_EDGE('',*,*,#16033,.F.);
#16043=EDGE_CURVE('',#16016,#16034,#16048,.T.);
#16048=LINE('',#16017,#16050);
#16050=VECTOR('',#16051,0.762);
#16051=DIRECTION('',(0.0,1.0,0.0));
#16042=ORIENTED_EDGE('',*,*,#16043,.F.);
#16052=STYLED_ITEM('',(#34),#16053);
#16053=ADVANCED_FACE('',(#16059),#16054,.T.);
#16054=PLANE('',#16055);
#16055=AXIS2_PLACEMENT_3D('',#16056,#16057,#16058);
#16056=CARTESIAN_POINT('',(15.621,-2.921,-4.89));
#16057=DIRECTION('',(1.0,0.0,0.0));
#16058=DIRECTION('',(0.,0.,1.));
#16059=FACE_OUTER_BOUND('',#16060,.T.);
#16060=EDGE_LOOP('',(#16061,#16071,#16081,#16091));
#16064=CARTESIAN_POINT('',(15.621,-2.159,-4.89));
#16063=VERTEX_POINT('',#16064);
#16066=CARTESIAN_POINT('',(15.621,-2.921,-4.89));
#16065=VERTEX_POINT('',#16066);
#16062=EDGE_CURVE('',#16063,#16065,#16067,.T.);
#16067=LINE('',#16064,#16069);
#16069=VECTOR('',#16070,0.762);
#16070=DIRECTION('',(0.0,-1.0,0.0));
#16061=ORIENTED_EDGE('',*,*,#16062,.F.);
#16072=EDGE_CURVE('',#16024,#16063,#16077,.T.);
#16077=LINE('',#16025,#16079);
#16079=VECTOR('',#16080,4.8895);
#16080=DIRECTION('',(0.0,0.0,-1.0));
#16071=ORIENTED_EDGE('',*,*,#16072,.F.);
#16081=ORIENTED_EDGE('',*,*,#16023,.T.);
#16092=EDGE_CURVE('',#16065,#16014,#16097,.T.);
#16097=LINE('',#16066,#16099);
#16099=VECTOR('',#16100,4.8895);
#16100=DIRECTION('',(0.0,0.0,1.0));
#16091=ORIENTED_EDGE('',*,*,#16092,.F.);
#16101=STYLED_ITEM('',(#34),#16102);
#16102=ADVANCED_FACE('',(#16108),#16103,.T.);
#16103=PLANE('',#16104);
#16104=AXIS2_PLACEMENT_3D('',#16105,#16106,#16107);
#16105=CARTESIAN_POINT('',(15.621,-2.159,-4.89));
#16106=DIRECTION('',(0.0,1.0,0.0));
#16107=DIRECTION('',(0.,0.,1.));
#16108=FACE_OUTER_BOUND('',#16109,.T.);
#16109=EDGE_LOOP('',(#16110,#16120,#16130,#16140));
#16113=CARTESIAN_POINT('',(14.859,-2.159,-4.89));
#16112=VERTEX_POINT('',#16113);
#16111=EDGE_CURVE('',#16112,#16063,#16116,.T.);
#16116=LINE('',#16113,#16118);
#16118=VECTOR('',#16119,0.762);
#16119=DIRECTION('',(1.0,0.0,0.0));
#16110=ORIENTED_EDGE('',*,*,#16111,.F.);
#16121=EDGE_CURVE('',#16034,#16112,#16126,.T.);
#16126=LINE('',#16035,#16128);
#16128=VECTOR('',#16129,4.8895);
#16129=DIRECTION('',(0.0,0.0,-1.0));
#16120=ORIENTED_EDGE('',*,*,#16121,.F.);
#16130=ORIENTED_EDGE('',*,*,#16033,.T.);
#16140=ORIENTED_EDGE('',*,*,#16072,.T.);
#16150=STYLED_ITEM('',(#34),#16151);
#16151=ADVANCED_FACE('',(#16157),#16152,.T.);
#16152=PLANE('',#16153);
#16153=AXIS2_PLACEMENT_3D('',#16154,#16155,#16156);
#16154=CARTESIAN_POINT('',(14.859,-2.159,-4.89));
#16155=DIRECTION('',(-1.0,0.0,0.0));
#16156=DIRECTION('',(0.,0.,1.));
#16157=FACE_OUTER_BOUND('',#16158,.T.);
#16158=EDGE_LOOP('',(#16159,#16169,#16179,#16189));
#16162=CARTESIAN_POINT('',(14.859,-2.921,-4.89));
#16161=VERTEX_POINT('',#16162);
#16160=EDGE_CURVE('',#16161,#16112,#16165,.T.);
#16165=LINE('',#16162,#16167);
#16167=VECTOR('',#16168,0.762);
#16168=DIRECTION('',(0.0,1.0,0.0));
#16159=ORIENTED_EDGE('',*,*,#16160,.F.);
#16170=EDGE_CURVE('',#16016,#16161,#16175,.T.);
#16175=LINE('',#16017,#16177);
#16177=VECTOR('',#16178,4.8895);
#16178=DIRECTION('',(0.0,0.0,-1.0));
#16169=ORIENTED_EDGE('',*,*,#16170,.F.);
#16179=ORIENTED_EDGE('',*,*,#16043,.T.);
#16189=ORIENTED_EDGE('',*,*,#16121,.T.);
#16199=STYLED_ITEM('',(#34),#16200);
#16200=ADVANCED_FACE('',(#16206),#16201,.T.);
#16201=PLANE('',#16202);
#16202=AXIS2_PLACEMENT_3D('',#16203,#16204,#16205);
#16203=CARTESIAN_POINT('',(14.859,-2.921,-4.89));
#16204=DIRECTION('',(0.0,-1.0,0.0));
#16205=DIRECTION('',(0.,0.,1.));
#16206=FACE_OUTER_BOUND('',#16207,.T.);
#16207=EDGE_LOOP('',(#16208,#16218,#16228,#16238));
#16209=EDGE_CURVE('',#16065,#16161,#16214,.T.);
#16214=LINE('',#16066,#16216);
#16216=VECTOR('',#16217,0.762);
#16217=DIRECTION('',(-1.0,0.0,0.0));
#16208=ORIENTED_EDGE('',*,*,#16209,.F.);
#16218=ORIENTED_EDGE('',*,*,#16092,.T.);
#16228=ORIENTED_EDGE('',*,*,#16013,.T.);
#16238=ORIENTED_EDGE('',*,*,#16170,.T.);
#16248=STYLED_ITEM('',(#34),#16249);
#16249=ADVANCED_FACE('',(#16255),#16250,.T.);
#16250=PLANE('',#16251);
#16251=AXIS2_PLACEMENT_3D('',#16252,#16253,#16254);
#16252=CARTESIAN_POINT('',(15.43,-2.73,-5.08));
#16253=DIRECTION('',(0.707,0.0,-0.707));
#16254=DIRECTION('',(0.,0.,1.));
#16255=FACE_OUTER_BOUND('',#16256,.T.);
#16256=EDGE_LOOP('',(#16257,#16267,#16277,#16287));
#16260=CARTESIAN_POINT('',(15.43,-2.35,-5.08));
#16259=VERTEX_POINT('',#16260);
#16262=CARTESIAN_POINT('',(15.43,-2.73,-5.08));
#16261=VERTEX_POINT('',#16262);
#16258=EDGE_CURVE('',#16259,#16261,#16263,.T.);
#16263=LINE('',#16260,#16265);
#16265=VECTOR('',#16266,0.381);
#16266=DIRECTION('',(0.0,-1.0,0.0));
#16257=ORIENTED_EDGE('',*,*,#16258,.F.);
#16268=EDGE_CURVE('',#16063,#16259,#16273,.T.);
#16273=LINE('',#16064,#16275);
#16275=VECTOR('',#16276,0.329955678841871);
#16276=DIRECTION('',(-0.577,-0.577,-0.577));
#16267=ORIENTED_EDGE('',*,*,#16268,.F.);
#16277=ORIENTED_EDGE('',*,*,#16062,.T.);
#16288=EDGE_CURVE('',#16261,#16065,#16293,.T.);
#16293=LINE('',#16262,#16295);
#16295=VECTOR('',#16296,0.329955678841871);
#16296=DIRECTION('',(0.577,-0.577,0.577));
#16287=ORIENTED_EDGE('',*,*,#16288,.F.);
#16297=STYLED_ITEM('',(#34),#16298);
#16298=ADVANCED_FACE('',(#16304),#16299,.T.);
#16299=PLANE('',#16300);
#16300=AXIS2_PLACEMENT_3D('',#16301,#16302,#16303);
#16301=CARTESIAN_POINT('',(15.43,-2.35,-5.08));
#16302=DIRECTION('',(0.0,0.707,-0.707));
#16303=DIRECTION('',(0.,0.,1.));
#16304=FACE_OUTER_BOUND('',#16305,.T.);
#16305=EDGE_LOOP('',(#16306,#16316,#16326,#16336));
#16309=CARTESIAN_POINT('',(15.05,-2.35,-5.08));
#16308=VERTEX_POINT('',#16309);
#16307=EDGE_CURVE('',#16308,#16259,#16312,.T.);
#16312=LINE('',#16309,#16314);
#16314=VECTOR('',#16315,0.381);
#16315=DIRECTION('',(1.0,0.0,0.0));
#16306=ORIENTED_EDGE('',*,*,#16307,.F.);
#16317=EDGE_CURVE('',#16112,#16308,#16322,.T.);
#16322=LINE('',#16113,#16324);
#16324=VECTOR('',#16325,0.329955678841871);
#16325=DIRECTION('',(0.577,-0.577,-0.577));
#16316=ORIENTED_EDGE('',*,*,#16317,.F.);
#16326=ORIENTED_EDGE('',*,*,#16111,.T.);
#16336=ORIENTED_EDGE('',*,*,#16268,.T.);
#16346=STYLED_ITEM('',(#34),#16347);
#16347=ADVANCED_FACE('',(#16353),#16348,.T.);
#16348=PLANE('',#16349);
#16349=AXIS2_PLACEMENT_3D('',#16350,#16351,#16352);
#16350=CARTESIAN_POINT('',(15.05,-2.35,-5.08));
#16351=DIRECTION('',(-0.707,0.0,-0.707));
#16352=DIRECTION('',(0.,0.,1.));
#16353=FACE_OUTER_BOUND('',#16354,.T.);
#16354=EDGE_LOOP('',(#16355,#16365,#16375,#16385));
#16358=CARTESIAN_POINT('',(15.05,-2.73,-5.08));
#16357=VERTEX_POINT('',#16358);
#16356=EDGE_CURVE('',#16357,#16308,#16361,.T.);
#16361=LINE('',#16358,#16363);
#16363=VECTOR('',#16364,0.381);
#16364=DIRECTION('',(0.0,1.0,0.0));
#16355=ORIENTED_EDGE('',*,*,#16356,.F.);
#16366=EDGE_CURVE('',#16161,#16357,#16371,.T.);
#16371=LINE('',#16162,#16373);
#16373=VECTOR('',#16374,0.329955678841871);
#16374=DIRECTION('',(0.577,0.577,-0.577));
#16365=ORIENTED_EDGE('',*,*,#16366,.F.);
#16375=ORIENTED_EDGE('',*,*,#16160,.T.);
#16385=ORIENTED_EDGE('',*,*,#16317,.T.);
#16395=STYLED_ITEM('',(#34),#16396);
#16396=ADVANCED_FACE('',(#16402),#16397,.T.);
#16397=PLANE('',#16398);
#16398=AXIS2_PLACEMENT_3D('',#16399,#16400,#16401);
#16399=CARTESIAN_POINT('',(15.05,-2.73,-5.08));
#16400=DIRECTION('',(0.0,-0.707,-0.707));
#16401=DIRECTION('',(0.,0.,1.));
#16402=FACE_OUTER_BOUND('',#16403,.T.);
#16403=EDGE_LOOP('',(#16404,#16414,#16424,#16434));
#16405=EDGE_CURVE('',#16261,#16357,#16410,.T.);
#16410=LINE('',#16262,#16412);
#16412=VECTOR('',#16413,0.381);
#16413=DIRECTION('',(-1.0,0.0,0.0));
#16404=ORIENTED_EDGE('',*,*,#16405,.F.);
#16414=ORIENTED_EDGE('',*,*,#16288,.T.);
#16424=ORIENTED_EDGE('',*,*,#16209,.T.);
#16434=ORIENTED_EDGE('',*,*,#16366,.T.);
#16444=STYLED_ITEM('',(#34),#16445);
#16445=ADVANCED_FACE('',(#16451),#16446,.T.);
#16446=PLANE('',#16447);
#16447=AXIS2_PLACEMENT_3D('',#16448,#16449,#16450);
#16448=CARTESIAN_POINT('',(15.05,-2.35,-5.08));
#16449=DIRECTION('',(0.0,0.0,-1.0));
#16450=DIRECTION('',(0.,1.,0.));
#16451=FACE_OUTER_BOUND('',#16452,.T.);
#16452=EDGE_LOOP('',(#16453,#16463,#16473,#16483));
#16453=ORIENTED_EDGE('',*,*,#16307,.T.);
#16463=ORIENTED_EDGE('',*,*,#16258,.T.);
#16473=ORIENTED_EDGE('',*,*,#16405,.T.);
#16483=ORIENTED_EDGE('',*,*,#16356,.T.);
#16493=MANIFOLD_SOLID_BREP($,#16494);
#16494=CLOSED_SHELL('',(#16498,#16547,#16596,#16645,#16694,#16743,#16792,#16841,#16890,#16939));
#16495=MANIFOLD_SOLID_BREP($,#16496);
#16496=CLOSED_SHELL('',(#16988,#17037,#17086,#17135,#17184,#17233,#17282,#17331,#17380,#17429));
#16497=STYLED_ITEM('',(#34),#16498);
#16498=ADVANCED_FACE('',(#16504),#16499,.T.);
#16499=PLANE('',#16500);
#16500=AXIS2_PLACEMENT_3D('',#16501,#16502,#16503);
#16501=CARTESIAN_POINT('',(12.51,-2.73,8.89));
#16502=DIRECTION('',(0.0,0.0,1.0));
#16503=DIRECTION('',(0.,1.,0.));
#16504=FACE_OUTER_BOUND('',#16505,.T.);
#16505=EDGE_LOOP('',(#16506,#16516,#16526,#16536));
#16509=CARTESIAN_POINT('',(12.89,-2.73,8.89));
#16508=VERTEX_POINT('',#16509);
#16511=CARTESIAN_POINT('',(12.51,-2.73,8.89));
#16510=VERTEX_POINT('',#16511);
#16507=EDGE_CURVE('',#16508,#16510,#16512,.T.);
#16512=LINE('',#16509,#16514);
#16514=VECTOR('',#16515,0.381);
#16515=DIRECTION('',(-1.0,0.0,0.0));
#16506=ORIENTED_EDGE('',*,*,#16507,.F.);
#16519=CARTESIAN_POINT('',(12.89,-2.35,8.89));
#16518=VERTEX_POINT('',#16519);
#16517=EDGE_CURVE('',#16518,#16508,#16522,.T.);
#16522=LINE('',#16519,#16524);
#16524=VECTOR('',#16525,0.381);
#16525=DIRECTION('',(0.0,-1.0,0.0));
#16516=ORIENTED_EDGE('',*,*,#16517,.F.);
#16529=CARTESIAN_POINT('',(12.51,-2.35,8.89));
#16528=VERTEX_POINT('',#16529);
#16527=EDGE_CURVE('',#16528,#16518,#16532,.T.);
#16532=LINE('',#16529,#16534);
#16534=VECTOR('',#16535,0.381);
#16535=DIRECTION('',(1.0,0.0,0.0));
#16526=ORIENTED_EDGE('',*,*,#16527,.F.);
#16537=EDGE_CURVE('',#16510,#16528,#16542,.T.);
#16542=LINE('',#16511,#16544);
#16544=VECTOR('',#16545,0.381);
#16545=DIRECTION('',(0.0,1.0,0.0));
#16536=ORIENTED_EDGE('',*,*,#16537,.F.);
#16546=STYLED_ITEM('',(#34),#16547);
#16547=ADVANCED_FACE('',(#16553),#16548,.T.);
#16548=PLANE('',#16549);
#16549=AXIS2_PLACEMENT_3D('',#16550,#16551,#16552);
#16550=CARTESIAN_POINT('',(13.081,-2.921,8.7));
#16551=DIRECTION('',(0.707,0.0,0.707));
#16552=DIRECTION('',(0.,0.,1.));
#16553=FACE_OUTER_BOUND('',#16554,.T.);
#16554=EDGE_LOOP('',(#16555,#16565,#16575,#16585));
#16558=CARTESIAN_POINT('',(13.081,-2.159,8.7));
#16557=VERTEX_POINT('',#16558);
#16560=CARTESIAN_POINT('',(13.081,-2.921,8.7));
#16559=VERTEX_POINT('',#16560);
#16556=EDGE_CURVE('',#16557,#16559,#16561,.T.);
#16561=LINE('',#16558,#16563);
#16563=VECTOR('',#16564,0.762);
#16564=DIRECTION('',(0.0,-1.0,0.0));
#16555=ORIENTED_EDGE('',*,*,#16556,.F.);
#16566=EDGE_CURVE('',#16518,#16557,#16571,.T.);
#16571=LINE('',#16519,#16573);
#16573=VECTOR('',#16574,0.329955678841871);
#16574=DIRECTION('',(0.577,0.577,-0.577));
#16565=ORIENTED_EDGE('',*,*,#16566,.F.);
#16575=ORIENTED_EDGE('',*,*,#16517,.T.);
#16586=EDGE_CURVE('',#16559,#16508,#16591,.T.);
#16591=LINE('',#16560,#16593);
#16593=VECTOR('',#16594,0.329955678841871);
#16594=DIRECTION('',(-0.577,0.577,0.577));
#16585=ORIENTED_EDGE('',*,*,#16586,.F.);
#16595=STYLED_ITEM('',(#34),#16596);
#16596=ADVANCED_FACE('',(#16602),#16597,.T.);
#16597=PLANE('',#16598);
#16598=AXIS2_PLACEMENT_3D('',#16599,#16600,#16601);
#16599=CARTESIAN_POINT('',(13.081,-2.159,8.7));
#16600=DIRECTION('',(0.0,0.707,0.707));
#16601=DIRECTION('',(0.,0.,1.));
#16602=FACE_OUTER_BOUND('',#16603,.T.);
#16603=EDGE_LOOP('',(#16604,#16614,#16624,#16634));
#16607=CARTESIAN_POINT('',(12.319,-2.159,8.7));
#16606=VERTEX_POINT('',#16607);
#16605=EDGE_CURVE('',#16606,#16557,#16610,.T.);
#16610=LINE('',#16607,#16612);
#16612=VECTOR('',#16613,0.762);
#16613=DIRECTION('',(1.0,0.0,0.0));
#16604=ORIENTED_EDGE('',*,*,#16605,.F.);
#16615=EDGE_CURVE('',#16528,#16606,#16620,.T.);
#16620=LINE('',#16529,#16622);
#16622=VECTOR('',#16623,0.329955678841871);
#16623=DIRECTION('',(-0.577,0.577,-0.577));
#16614=ORIENTED_EDGE('',*,*,#16615,.F.);
#16624=ORIENTED_EDGE('',*,*,#16527,.T.);
#16634=ORIENTED_EDGE('',*,*,#16566,.T.);
#16644=STYLED_ITEM('',(#34),#16645);
#16645=ADVANCED_FACE('',(#16651),#16646,.T.);
#16646=PLANE('',#16647);
#16647=AXIS2_PLACEMENT_3D('',#16648,#16649,#16650);
#16648=CARTESIAN_POINT('',(12.319,-2.159,8.7));
#16649=DIRECTION('',(-0.707,0.0,0.707));
#16650=DIRECTION('',(0.,0.,1.));
#16651=FACE_OUTER_BOUND('',#16652,.T.);
#16652=EDGE_LOOP('',(#16653,#16663,#16673,#16683));
#16656=CARTESIAN_POINT('',(12.319,-2.921,8.7));
#16655=VERTEX_POINT('',#16656);
#16654=EDGE_CURVE('',#16655,#16606,#16659,.T.);
#16659=LINE('',#16656,#16661);
#16661=VECTOR('',#16662,0.762);
#16662=DIRECTION('',(0.0,1.0,0.0));
#16653=ORIENTED_EDGE('',*,*,#16654,.F.);
#16664=EDGE_CURVE('',#16510,#16655,#16669,.T.);
#16669=LINE('',#16511,#16671);
#16671=VECTOR('',#16672,0.329955678841871);
#16672=DIRECTION('',(-0.577,-0.577,-0.577));
#16663=ORIENTED_EDGE('',*,*,#16664,.F.);
#16673=ORIENTED_EDGE('',*,*,#16537,.T.);
#16683=ORIENTED_EDGE('',*,*,#16615,.T.);
#16693=STYLED_ITEM('',(#34),#16694);
#16694=ADVANCED_FACE('',(#16700),#16695,.T.);
#16695=PLANE('',#16696);
#16696=AXIS2_PLACEMENT_3D('',#16697,#16698,#16699);
#16697=CARTESIAN_POINT('',(12.319,-2.921,8.7));
#16698=DIRECTION('',(0.0,-0.707,0.707));
#16699=DIRECTION('',(0.,0.,1.));
#16700=FACE_OUTER_BOUND('',#16701,.T.);
#16701=EDGE_LOOP('',(#16702,#16712,#16722,#16732));
#16703=EDGE_CURVE('',#16559,#16655,#16708,.T.);
#16708=LINE('',#16560,#16710);
#16710=VECTOR('',#16711,0.762);
#16711=DIRECTION('',(-1.0,0.0,0.0));
#16702=ORIENTED_EDGE('',*,*,#16703,.F.);
#16712=ORIENTED_EDGE('',*,*,#16586,.T.);
#16722=ORIENTED_EDGE('',*,*,#16507,.T.);
#16732=ORIENTED_EDGE('',*,*,#16664,.T.);
#16742=STYLED_ITEM('',(#34),#16743);
#16743=ADVANCED_FACE('',(#16749),#16744,.T.);
#16744=PLANE('',#16745);
#16745=AXIS2_PLACEMENT_3D('',#16746,#16747,#16748);
#16746=CARTESIAN_POINT('',(13.081,-2.921,2.659));
#16747=DIRECTION('',(1.0,0.0,0.0));
#16748=DIRECTION('',(0.,0.,1.));
#16749=FACE_OUTER_BOUND('',#16750,.T.);
#16750=EDGE_LOOP('',(#16751,#16761,#16771,#16781));
#16754=CARTESIAN_POINT('',(13.081,-2.159,2.659));
#16753=VERTEX_POINT('',#16754);
#16756=CARTESIAN_POINT('',(13.081,-2.921,2.659));
#16755=VERTEX_POINT('',#16756);
#16752=EDGE_CURVE('',#16753,#16755,#16757,.T.);
#16757=LINE('',#16754,#16759);
#16759=VECTOR('',#16760,0.762);
#16760=DIRECTION('',(0.0,-1.0,0.0));
#16751=ORIENTED_EDGE('',*,*,#16752,.F.);
#16762=EDGE_CURVE('',#16557,#16753,#16767,.T.);
#16767=LINE('',#16558,#16769);
#16769=VECTOR('',#16770,6.0409693252);
#16770=DIRECTION('',(0.0,0.0,-1.0));
#16761=ORIENTED_EDGE('',*,*,#16762,.F.);
#16771=ORIENTED_EDGE('',*,*,#16556,.T.);
#16782=EDGE_CURVE('',#16755,#16559,#16787,.T.);
#16787=LINE('',#16756,#16789);
#16789=VECTOR('',#16790,6.0409693252);
#16790=DIRECTION('',(0.0,0.0,1.0));
#16781=ORIENTED_EDGE('',*,*,#16782,.F.);
#16791=STYLED_ITEM('',(#34),#16792);
#16792=ADVANCED_FACE('',(#16798),#16793,.T.);
#16793=PLANE('',#16794);
#16794=AXIS2_PLACEMENT_3D('',#16795,#16796,#16797);
#16795=CARTESIAN_POINT('',(13.081,-2.159,2.659));
#16796=DIRECTION('',(0.0,1.0,0.0));
#16797=DIRECTION('',(0.,0.,1.));
#16798=FACE_OUTER_BOUND('',#16799,.T.);
#16799=EDGE_LOOP('',(#16800,#16810,#16820,#16830));
#16803=CARTESIAN_POINT('',(12.319,-2.159,2.659));
#16802=VERTEX_POINT('',#16803);
#16801=EDGE_CURVE('',#16802,#16753,#16806,.T.);
#16806=LINE('',#16803,#16808);
#16808=VECTOR('',#16809,0.762);
#16809=DIRECTION('',(1.0,0.0,0.0));
#16800=ORIENTED_EDGE('',*,*,#16801,.F.);
#16811=EDGE_CURVE('',#16606,#16802,#16816,.T.);
#16816=LINE('',#16607,#16818);
#16818=VECTOR('',#16819,6.0409693252);
#16819=DIRECTION('',(0.0,0.0,-1.0));
#16810=ORIENTED_EDGE('',*,*,#16811,.F.);
#16820=ORIENTED_EDGE('',*,*,#16605,.T.);
#16830=ORIENTED_EDGE('',*,*,#16762,.T.);
#16840=STYLED_ITEM('',(#34),#16841);
#16841=ADVANCED_FACE('',(#16847),#16842,.T.);
#16842=PLANE('',#16843);
#16843=AXIS2_PLACEMENT_3D('',#16844,#16845,#16846);
#16844=CARTESIAN_POINT('',(12.319,-2.159,2.659));
#16845=DIRECTION('',(-1.0,0.0,0.0));
#16846=DIRECTION('',(0.,0.,1.));
#16847=FACE_OUTER_BOUND('',#16848,.T.);
#16848=EDGE_LOOP('',(#16849,#16859,#16869,#16879));
#16852=CARTESIAN_POINT('',(12.319,-2.921,2.659));
#16851=VERTEX_POINT('',#16852);
#16850=EDGE_CURVE('',#16851,#16802,#16855,.T.);
#16855=LINE('',#16852,#16857);
#16857=VECTOR('',#16858,0.762);
#16858=DIRECTION('',(0.0,1.0,0.0));
#16849=ORIENTED_EDGE('',*,*,#16850,.F.);
#16860=EDGE_CURVE('',#16655,#16851,#16865,.T.);
#16865=LINE('',#16656,#16867);
#16867=VECTOR('',#16868,6.0409693252);
#16868=DIRECTION('',(0.0,0.0,-1.0));
#16859=ORIENTED_EDGE('',*,*,#16860,.F.);
#16869=ORIENTED_EDGE('',*,*,#16654,.T.);
#16879=ORIENTED_EDGE('',*,*,#16811,.T.);
#16889=STYLED_ITEM('',(#34),#16890);
#16890=ADVANCED_FACE('',(#16896),#16891,.T.);
#16891=PLANE('',#16892);
#16892=AXIS2_PLACEMENT_3D('',#16893,#16894,#16895);
#16893=CARTESIAN_POINT('',(12.319,-2.921,2.659));
#16894=DIRECTION('',(0.0,-1.0,0.0));
#16895=DIRECTION('',(0.,0.,1.));
#16896=FACE_OUTER_BOUND('',#16897,.T.);
#16897=EDGE_LOOP('',(#16898,#16908,#16918,#16928));
#16899=EDGE_CURVE('',#16755,#16851,#16904,.T.);
#16904=LINE('',#16756,#16906);
#16906=VECTOR('',#16907,0.762);
#16907=DIRECTION('',(-1.0,0.0,0.0));
#16898=ORIENTED_EDGE('',*,*,#16899,.F.);
#16908=ORIENTED_EDGE('',*,*,#16782,.T.);
#16918=ORIENTED_EDGE('',*,*,#16703,.T.);
#16928=ORIENTED_EDGE('',*,*,#16860,.T.);
#16938=STYLED_ITEM('',(#34),#16939);
#16939=ADVANCED_FACE('',(#16945),#16940,.T.);
#16940=PLANE('',#16941);
#16941=AXIS2_PLACEMENT_3D('',#16942,#16943,#16944);
#16942=CARTESIAN_POINT('',(12.319,-2.159,2.659));
#16943=DIRECTION('',(0.0,0.0,-1.0));
#16944=DIRECTION('',(0.,1.,0.));
#16945=FACE_OUTER_BOUND('',#16946,.T.);
#16946=EDGE_LOOP('',(#16947,#16957,#16967,#16977));
#16947=ORIENTED_EDGE('',*,*,#16801,.T.);
#16957=ORIENTED_EDGE('',*,*,#16752,.T.);
#16967=ORIENTED_EDGE('',*,*,#16899,.T.);
#16977=ORIENTED_EDGE('',*,*,#16850,.T.);
#16987=STYLED_ITEM('',(#34),#16988);
#16988=ADVANCED_FACE('',(#16994),#16989,.T.);
#16989=PLANE('',#16990);
#16990=AXIS2_PLACEMENT_3D('',#16991,#16992,#16993);
#16991=CARTESIAN_POINT('',(12.319,-2.921,0.0));
#16992=DIRECTION('',(0.0,0.0,1.0));
#16993=DIRECTION('',(0.,1.,0.));
#16994=FACE_OUTER_BOUND('',#16995,.T.);
#16995=EDGE_LOOP('',(#16996,#17006,#17016,#17026));
#16999=CARTESIAN_POINT('',(13.081,-2.921,0.0));
#16998=VERTEX_POINT('',#16999);
#17001=CARTESIAN_POINT('',(12.319,-2.921,0.0));
#17000=VERTEX_POINT('',#17001);
#16997=EDGE_CURVE('',#16998,#17000,#17002,.T.);
#17002=LINE('',#16999,#17004);
#17004=VECTOR('',#17005,0.762);
#17005=DIRECTION('',(-1.0,0.0,0.0));
#16996=ORIENTED_EDGE('',*,*,#16997,.F.);
#17009=CARTESIAN_POINT('',(13.081,-2.159,0.0));
#17008=VERTEX_POINT('',#17009);
#17007=EDGE_CURVE('',#17008,#16998,#17012,.T.);
#17012=LINE('',#17009,#17014);
#17014=VECTOR('',#17015,0.762);
#17015=DIRECTION('',(0.0,-1.0,0.0));
#17006=ORIENTED_EDGE('',*,*,#17007,.F.);
#17019=CARTESIAN_POINT('',(12.319,-2.159,0.0));
#17018=VERTEX_POINT('',#17019);
#17017=EDGE_CURVE('',#17018,#17008,#17022,.T.);
#17022=LINE('',#17019,#17024);
#17024=VECTOR('',#17025,0.762);
#17025=DIRECTION('',(1.0,0.0,0.0));
#17016=ORIENTED_EDGE('',*,*,#17017,.F.);
#17027=EDGE_CURVE('',#17000,#17018,#17032,.T.);
#17032=LINE('',#17001,#17034);
#17034=VECTOR('',#17035,0.762);
#17035=DIRECTION('',(0.0,1.0,0.0));
#17026=ORIENTED_EDGE('',*,*,#17027,.F.);
#17036=STYLED_ITEM('',(#34),#17037);
#17037=ADVANCED_FACE('',(#17043),#17038,.T.);
#17038=PLANE('',#17039);
#17039=AXIS2_PLACEMENT_3D('',#17040,#17041,#17042);
#17040=CARTESIAN_POINT('',(13.081,-2.921,-4.89));
#17041=DIRECTION('',(1.0,0.0,0.0));
#17042=DIRECTION('',(0.,0.,1.));
#17043=FACE_OUTER_BOUND('',#17044,.T.);
#17044=EDGE_LOOP('',(#17045,#17055,#17065,#17075));
#17048=CARTESIAN_POINT('',(13.081,-2.159,-4.89));
#17047=VERTEX_POINT('',#17048);
#17050=CARTESIAN_POINT('',(13.081,-2.921,-4.89));
#17049=VERTEX_POINT('',#17050);
#17046=EDGE_CURVE('',#17047,#17049,#17051,.T.);
#17051=LINE('',#17048,#17053);
#17053=VECTOR('',#17054,0.762);
#17054=DIRECTION('',(0.0,-1.0,0.0));
#17045=ORIENTED_EDGE('',*,*,#17046,.F.);
#17056=EDGE_CURVE('',#17008,#17047,#17061,.T.);
#17061=LINE('',#17009,#17063);
#17063=VECTOR('',#17064,4.8895);
#17064=DIRECTION('',(0.0,0.0,-1.0));
#17055=ORIENTED_EDGE('',*,*,#17056,.F.);
#17065=ORIENTED_EDGE('',*,*,#17007,.T.);
#17076=EDGE_CURVE('',#17049,#16998,#17081,.T.);
#17081=LINE('',#17050,#17083);
#17083=VECTOR('',#17084,4.8895);
#17084=DIRECTION('',(0.0,0.0,1.0));
#17075=ORIENTED_EDGE('',*,*,#17076,.F.);
#17085=STYLED_ITEM('',(#34),#17086);
#17086=ADVANCED_FACE('',(#17092),#17087,.T.);
#17087=PLANE('',#17088);
#17088=AXIS2_PLACEMENT_3D('',#17089,#17090,#17091);
#17089=CARTESIAN_POINT('',(13.081,-2.159,-4.89));
#17090=DIRECTION('',(0.0,1.0,0.0));
#17091=DIRECTION('',(0.,0.,1.));
#17092=FACE_OUTER_BOUND('',#17093,.T.);
#17093=EDGE_LOOP('',(#17094,#17104,#17114,#17124));
#17097=CARTESIAN_POINT('',(12.319,-2.159,-4.89));
#17096=VERTEX_POINT('',#17097);
#17095=EDGE_CURVE('',#17096,#17047,#17100,.T.);
#17100=LINE('',#17097,#17102);
#17102=VECTOR('',#17103,0.762);
#17103=DIRECTION('',(1.0,0.0,0.0));
#17094=ORIENTED_EDGE('',*,*,#17095,.F.);
#17105=EDGE_CURVE('',#17018,#17096,#17110,.T.);
#17110=LINE('',#17019,#17112);
#17112=VECTOR('',#17113,4.8895);
#17113=DIRECTION('',(0.0,0.0,-1.0));
#17104=ORIENTED_EDGE('',*,*,#17105,.F.);
#17114=ORIENTED_EDGE('',*,*,#17017,.T.);
#17124=ORIENTED_EDGE('',*,*,#17056,.T.);
#17134=STYLED_ITEM('',(#34),#17135);
#17135=ADVANCED_FACE('',(#17141),#17136,.T.);
#17136=PLANE('',#17137);
#17137=AXIS2_PLACEMENT_3D('',#17138,#17139,#17140);
#17138=CARTESIAN_POINT('',(12.319,-2.159,-4.89));
#17139=DIRECTION('',(-1.0,0.0,0.0));
#17140=DIRECTION('',(0.,0.,1.));
#17141=FACE_OUTER_BOUND('',#17142,.T.);
#17142=EDGE_LOOP('',(#17143,#17153,#17163,#17173));
#17146=CARTESIAN_POINT('',(12.319,-2.921,-4.89));
#17145=VERTEX_POINT('',#17146);
#17144=EDGE_CURVE('',#17145,#17096,#17149,.T.);
#17149=LINE('',#17146,#17151);
#17151=VECTOR('',#17152,0.762);
#17152=DIRECTION('',(0.0,1.0,0.0));
#17143=ORIENTED_EDGE('',*,*,#17144,.F.);
#17154=EDGE_CURVE('',#17000,#17145,#17159,.T.);
#17159=LINE('',#17001,#17161);
#17161=VECTOR('',#17162,4.8895);
#17162=DIRECTION('',(0.0,0.0,-1.0));
#17153=ORIENTED_EDGE('',*,*,#17154,.F.);
#17163=ORIENTED_EDGE('',*,*,#17027,.T.);
#17173=ORIENTED_EDGE('',*,*,#17105,.T.);
#17183=STYLED_ITEM('',(#34),#17184);
#17184=ADVANCED_FACE('',(#17190),#17185,.T.);
#17185=PLANE('',#17186);
#17186=AXIS2_PLACEMENT_3D('',#17187,#17188,#17189);
#17187=CARTESIAN_POINT('',(12.319,-2.921,-4.89));
#17188=DIRECTION('',(0.0,-1.0,0.0));
#17189=DIRECTION('',(0.,0.,1.));
#17190=FACE_OUTER_BOUND('',#17191,.T.);
#17191=EDGE_LOOP('',(#17192,#17202,#17212,#17222));
#17193=EDGE_CURVE('',#17049,#17145,#17198,.T.);
#17198=LINE('',#17050,#17200);
#17200=VECTOR('',#17201,0.762);
#17201=DIRECTION('',(-1.0,0.0,0.0));
#17192=ORIENTED_EDGE('',*,*,#17193,.F.);
#17202=ORIENTED_EDGE('',*,*,#17076,.T.);
#17212=ORIENTED_EDGE('',*,*,#16997,.T.);
#17222=ORIENTED_EDGE('',*,*,#17154,.T.);
#17232=STYLED_ITEM('',(#34),#17233);
#17233=ADVANCED_FACE('',(#17239),#17234,.T.);
#17234=PLANE('',#17235);
#17235=AXIS2_PLACEMENT_3D('',#17236,#17237,#17238);
#17236=CARTESIAN_POINT('',(12.89,-2.73,-5.08));
#17237=DIRECTION('',(0.707,0.0,-0.707));
#17238=DIRECTION('',(0.,0.,1.));
#17239=FACE_OUTER_BOUND('',#17240,.T.);
#17240=EDGE_LOOP('',(#17241,#17251,#17261,#17271));
#17244=CARTESIAN_POINT('',(12.89,-2.35,-5.08));
#17243=VERTEX_POINT('',#17244);
#17246=CARTESIAN_POINT('',(12.89,-2.73,-5.08));
#17245=VERTEX_POINT('',#17246);
#17242=EDGE_CURVE('',#17243,#17245,#17247,.T.);
#17247=LINE('',#17244,#17249);
#17249=VECTOR('',#17250,0.381);
#17250=DIRECTION('',(0.0,-1.0,0.0));
#17241=ORIENTED_EDGE('',*,*,#17242,.F.);
#17252=EDGE_CURVE('',#17047,#17243,#17257,.T.);
#17257=LINE('',#17048,#17259);
#17259=VECTOR('',#17260,0.329955678841871);
#17260=DIRECTION('',(-0.577,-0.577,-0.577));
#17251=ORIENTED_EDGE('',*,*,#17252,.F.);
#17261=ORIENTED_EDGE('',*,*,#17046,.T.);
#17272=EDGE_CURVE('',#17245,#17049,#17277,.T.);
#17277=LINE('',#17246,#17279);
#17279=VECTOR('',#17280,0.329955678841871);
#17280=DIRECTION('',(0.577,-0.577,0.577));
#17271=ORIENTED_EDGE('',*,*,#17272,.F.);
#17281=STYLED_ITEM('',(#34),#17282);
#17282=ADVANCED_FACE('',(#17288),#17283,.T.);
#17283=PLANE('',#17284);
#17284=AXIS2_PLACEMENT_3D('',#17285,#17286,#17287);
#17285=CARTESIAN_POINT('',(12.89,-2.35,-5.08));
#17286=DIRECTION('',(0.0,0.707,-0.707));
#17287=DIRECTION('',(0.,0.,1.));
#17288=FACE_OUTER_BOUND('',#17289,.T.);
#17289=EDGE_LOOP('',(#17290,#17300,#17310,#17320));
#17293=CARTESIAN_POINT('',(12.51,-2.35,-5.08));
#17292=VERTEX_POINT('',#17293);
#17291=EDGE_CURVE('',#17292,#17243,#17296,.T.);
#17296=LINE('',#17293,#17298);
#17298=VECTOR('',#17299,0.381);
#17299=DIRECTION('',(1.0,0.0,0.0));
#17290=ORIENTED_EDGE('',*,*,#17291,.F.);
#17301=EDGE_CURVE('',#17096,#17292,#17306,.T.);
#17306=LINE('',#17097,#17308);
#17308=VECTOR('',#17309,0.329955678841871);
#17309=DIRECTION('',(0.577,-0.577,-0.577));
#17300=ORIENTED_EDGE('',*,*,#17301,.F.);
#17310=ORIENTED_EDGE('',*,*,#17095,.T.);
#17320=ORIENTED_EDGE('',*,*,#17252,.T.);
#17330=STYLED_ITEM('',(#34),#17331);
#17331=ADVANCED_FACE('',(#17337),#17332,.T.);
#17332=PLANE('',#17333);
#17333=AXIS2_PLACEMENT_3D('',#17334,#17335,#17336);
#17334=CARTESIAN_POINT('',(12.51,-2.35,-5.08));
#17335=DIRECTION('',(-0.707,0.0,-0.707));
#17336=DIRECTION('',(0.,0.,1.));
#17337=FACE_OUTER_BOUND('',#17338,.T.);
#17338=EDGE_LOOP('',(#17339,#17349,#17359,#17369));
#17342=CARTESIAN_POINT('',(12.51,-2.73,-5.08));
#17341=VERTEX_POINT('',#17342);
#17340=EDGE_CURVE('',#17341,#17292,#17345,.T.);
#17345=LINE('',#17342,#17347);
#17347=VECTOR('',#17348,0.381);
#17348=DIRECTION('',(0.0,1.0,0.0));
#17339=ORIENTED_EDGE('',*,*,#17340,.F.);
#17350=EDGE_CURVE('',#17145,#17341,#17355,.T.);
#17355=LINE('',#17146,#17357);
#17357=VECTOR('',#17358,0.329955678841871);
#17358=DIRECTION('',(0.577,0.577,-0.577));
#17349=ORIENTED_EDGE('',*,*,#17350,.F.);
#17359=ORIENTED_EDGE('',*,*,#17144,.T.);
#17369=ORIENTED_EDGE('',*,*,#17301,.T.);
#17379=STYLED_ITEM('',(#34),#17380);
#17380=ADVANCED_FACE('',(#17386),#17381,.T.);
#17381=PLANE('',#17382);
#17382=AXIS2_PLACEMENT_3D('',#17383,#17384,#17385);
#17383=CARTESIAN_POINT('',(12.51,-2.73,-5.08));
#17384=DIRECTION('',(0.0,-0.707,-0.707));
#17385=DIRECTION('',(0.,0.,1.));
#17386=FACE_OUTER_BOUND('',#17387,.T.);
#17387=EDGE_LOOP('',(#17388,#17398,#17408,#17418));
#17389=EDGE_CURVE('',#17245,#17341,#17394,.T.);
#17394=LINE('',#17246,#17396);
#17396=VECTOR('',#17397,0.381);
#17397=DIRECTION('',(-1.0,0.0,0.0));
#17388=ORIENTED_EDGE('',*,*,#17389,.F.);
#17398=ORIENTED_EDGE('',*,*,#17272,.T.);
#17408=ORIENTED_EDGE('',*,*,#17193,.T.);
#17418=ORIENTED_EDGE('',*,*,#17350,.T.);
#17428=STYLED_ITEM('',(#34),#17429);
#17429=ADVANCED_FACE('',(#17435),#17430,.T.);
#17430=PLANE('',#17431);
#17431=AXIS2_PLACEMENT_3D('',#17432,#17433,#17434);
#17432=CARTESIAN_POINT('',(12.51,-2.35,-5.08));
#17433=DIRECTION('',(0.0,0.0,-1.0));
#17434=DIRECTION('',(0.,1.,0.));
#17435=FACE_OUTER_BOUND('',#17436,.T.);
#17436=EDGE_LOOP('',(#17437,#17447,#17457,#17467));
#17437=ORIENTED_EDGE('',*,*,#17291,.T.);
#17447=ORIENTED_EDGE('',*,*,#17242,.T.);
#17457=ORIENTED_EDGE('',*,*,#17389,.T.);
#17467=ORIENTED_EDGE('',*,*,#17340,.T.);
#17477=MANIFOLD_SOLID_BREP($,#17478);
#17478=CLOSED_SHELL('',(#17482,#17531,#17580,#17629,#17678,#17727,#17776,#17825,#17874,#17923));
#17479=MANIFOLD_SOLID_BREP($,#17480);
#17480=CLOSED_SHELL('',(#17972,#18021,#18070,#18119,#18168,#18217,#18266,#18315,#18364,#18413));
#17481=STYLED_ITEM('',(#34),#17482);
#17482=ADVANCED_FACE('',(#17488),#17483,.T.);
#17483=PLANE('',#17484);
#17484=AXIS2_PLACEMENT_3D('',#17485,#17486,#17487);
#17485=CARTESIAN_POINT('',(9.97,-2.73,8.89));
#17486=DIRECTION('',(0.0,0.0,1.0));
#17487=DIRECTION('',(0.,1.,0.));
#17488=FACE_OUTER_BOUND('',#17489,.T.);
#17489=EDGE_LOOP('',(#17490,#17500,#17510,#17520));
#17493=CARTESIAN_POINT('',(10.35,-2.73,8.89));
#17492=VERTEX_POINT('',#17493);
#17495=CARTESIAN_POINT('',(9.97,-2.73,8.89));
#17494=VERTEX_POINT('',#17495);
#17491=EDGE_CURVE('',#17492,#17494,#17496,.T.);
#17496=LINE('',#17493,#17498);
#17498=VECTOR('',#17499,0.381);
#17499=DIRECTION('',(-1.0,0.0,0.0));
#17490=ORIENTED_EDGE('',*,*,#17491,.F.);
#17503=CARTESIAN_POINT('',(10.35,-2.35,8.89));
#17502=VERTEX_POINT('',#17503);
#17501=EDGE_CURVE('',#17502,#17492,#17506,.T.);
#17506=LINE('',#17503,#17508);
#17508=VECTOR('',#17509,0.381);
#17509=DIRECTION('',(0.0,-1.0,0.0));
#17500=ORIENTED_EDGE('',*,*,#17501,.F.);
#17513=CARTESIAN_POINT('',(9.97,-2.35,8.89));
#17512=VERTEX_POINT('',#17513);
#17511=EDGE_CURVE('',#17512,#17502,#17516,.T.);
#17516=LINE('',#17513,#17518);
#17518=VECTOR('',#17519,0.381);
#17519=DIRECTION('',(1.0,0.0,0.0));
#17510=ORIENTED_EDGE('',*,*,#17511,.F.);
#17521=EDGE_CURVE('',#17494,#17512,#17526,.T.);
#17526=LINE('',#17495,#17528);
#17528=VECTOR('',#17529,0.381);
#17529=DIRECTION('',(0.0,1.0,0.0));
#17520=ORIENTED_EDGE('',*,*,#17521,.F.);
#17530=STYLED_ITEM('',(#34),#17531);
#17531=ADVANCED_FACE('',(#17537),#17532,.T.);
#17532=PLANE('',#17533);
#17533=AXIS2_PLACEMENT_3D('',#17534,#17535,#17536);
#17534=CARTESIAN_POINT('',(10.541,-2.921,8.7));
#17535=DIRECTION('',(0.707,0.0,0.707));
#17536=DIRECTION('',(0.,0.,1.));
#17537=FACE_OUTER_BOUND('',#17538,.T.);
#17538=EDGE_LOOP('',(#17539,#17549,#17559,#17569));
#17542=CARTESIAN_POINT('',(10.541,-2.159,8.7));
#17541=VERTEX_POINT('',#17542);
#17544=CARTESIAN_POINT('',(10.541,-2.921,8.7));
#17543=VERTEX_POINT('',#17544);
#17540=EDGE_CURVE('',#17541,#17543,#17545,.T.);
#17545=LINE('',#17542,#17547);
#17547=VECTOR('',#17548,0.762);
#17548=DIRECTION('',(0.0,-1.0,0.0));
#17539=ORIENTED_EDGE('',*,*,#17540,.F.);
#17550=EDGE_CURVE('',#17502,#17541,#17555,.T.);
#17555=LINE('',#17503,#17557);
#17557=VECTOR('',#17558,0.329955678841871);
#17558=DIRECTION('',(0.577,0.577,-0.577));
#17549=ORIENTED_EDGE('',*,*,#17550,.F.);
#17559=ORIENTED_EDGE('',*,*,#17501,.T.);
#17570=EDGE_CURVE('',#17543,#17492,#17575,.T.);
#17575=LINE('',#17544,#17577);
#17577=VECTOR('',#17578,0.329955678841871);
#17578=DIRECTION('',(-0.577,0.577,0.577));
#17569=ORIENTED_EDGE('',*,*,#17570,.F.);
#17579=STYLED_ITEM('',(#34),#17580);
#17580=ADVANCED_FACE('',(#17586),#17581,.T.);
#17581=PLANE('',#17582);
#17582=AXIS2_PLACEMENT_3D('',#17583,#17584,#17585);
#17583=CARTESIAN_POINT('',(10.541,-2.159,8.7));
#17584=DIRECTION('',(0.0,0.707,0.707));
#17585=DIRECTION('',(0.,0.,1.));
#17586=FACE_OUTER_BOUND('',#17587,.T.);
#17587=EDGE_LOOP('',(#17588,#17598,#17608,#17618));
#17591=CARTESIAN_POINT('',(9.779,-2.159,8.7));
#17590=VERTEX_POINT('',#17591);
#17589=EDGE_CURVE('',#17590,#17541,#17594,.T.);
#17594=LINE('',#17591,#17596);
#17596=VECTOR('',#17597,0.762);
#17597=DIRECTION('',(1.0,0.0,0.0));
#17588=ORIENTED_EDGE('',*,*,#17589,.F.);
#17599=EDGE_CURVE('',#17512,#17590,#17604,.T.);
#17604=LINE('',#17513,#17606);
#17606=VECTOR('',#17607,0.329955678841871);
#17607=DIRECTION('',(-0.577,0.577,-0.577));
#17598=ORIENTED_EDGE('',*,*,#17599,.F.);
#17608=ORIENTED_EDGE('',*,*,#17511,.T.);
#17618=ORIENTED_EDGE('',*,*,#17550,.T.);
#17628=STYLED_ITEM('',(#34),#17629);
#17629=ADVANCED_FACE('',(#17635),#17630,.T.);
#17630=PLANE('',#17631);
#17631=AXIS2_PLACEMENT_3D('',#17632,#17633,#17634);
#17632=CARTESIAN_POINT('',(9.779,-2.159,8.7));
#17633=DIRECTION('',(-0.707,0.0,0.707));
#17634=DIRECTION('',(0.,0.,1.));
#17635=FACE_OUTER_BOUND('',#17636,.T.);
#17636=EDGE_LOOP('',(#17637,#17647,#17657,#17667));
#17640=CARTESIAN_POINT('',(9.779,-2.921,8.7));
#17639=VERTEX_POINT('',#17640);
#17638=EDGE_CURVE('',#17639,#17590,#17643,.T.);
#17643=LINE('',#17640,#17645);
#17645=VECTOR('',#17646,0.762);
#17646=DIRECTION('',(0.0,1.0,0.0));
#17637=ORIENTED_EDGE('',*,*,#17638,.F.);
#17648=EDGE_CURVE('',#17494,#17639,#17653,.T.);
#17653=LINE('',#17495,#17655);
#17655=VECTOR('',#17656,0.329955678841871);
#17656=DIRECTION('',(-0.577,-0.577,-0.577));
#17647=ORIENTED_EDGE('',*,*,#17648,.F.);
#17657=ORIENTED_EDGE('',*,*,#17521,.T.);
#17667=ORIENTED_EDGE('',*,*,#17599,.T.);
#17677=STYLED_ITEM('',(#34),#17678);
#17678=ADVANCED_FACE('',(#17684),#17679,.T.);
#17679=PLANE('',#17680);
#17680=AXIS2_PLACEMENT_3D('',#17681,#17682,#17683);
#17681=CARTESIAN_POINT('',(9.779,-2.921,8.7));
#17682=DIRECTION('',(0.0,-0.707,0.707));
#17683=DIRECTION('',(0.,0.,1.));
#17684=FACE_OUTER_BOUND('',#17685,.T.);
#17685=EDGE_LOOP('',(#17686,#17696,#17706,#17716));
#17687=EDGE_CURVE('',#17543,#17639,#17692,.T.);
#17692=LINE('',#17544,#17694);
#17694=VECTOR('',#17695,0.762);
#17695=DIRECTION('',(-1.0,0.0,0.0));
#17686=ORIENTED_EDGE('',*,*,#17687,.F.);
#17696=ORIENTED_EDGE('',*,*,#17570,.T.);
#17706=ORIENTED_EDGE('',*,*,#17491,.T.);
#17716=ORIENTED_EDGE('',*,*,#17648,.T.);
#17726=STYLED_ITEM('',(#34),#17727);
#17727=ADVANCED_FACE('',(#17733),#17728,.T.);
#17728=PLANE('',#17729);
#17729=AXIS2_PLACEMENT_3D('',#17730,#17731,#17732);
#17730=CARTESIAN_POINT('',(10.541,-2.921,2.659));
#17731=DIRECTION('',(1.0,0.0,0.0));
#17732=DIRECTION('',(0.,0.,1.));
#17733=FACE_OUTER_BOUND('',#17734,.T.);
#17734=EDGE_LOOP('',(#17735,#17745,#17755,#17765));
#17738=CARTESIAN_POINT('',(10.541,-2.159,2.659));
#17737=VERTEX_POINT('',#17738);
#17740=CARTESIAN_POINT('',(10.541,-2.921,2.659));
#17739=VERTEX_POINT('',#17740);
#17736=EDGE_CURVE('',#17737,#17739,#17741,.T.);
#17741=LINE('',#17738,#17743);
#17743=VECTOR('',#17744,0.762);
#17744=DIRECTION('',(0.0,-1.0,0.0));
#17735=ORIENTED_EDGE('',*,*,#17736,.F.);
#17746=EDGE_CURVE('',#17541,#17737,#17751,.T.);
#17751=LINE('',#17542,#17753);
#17753=VECTOR('',#17754,6.0409693252);
#17754=DIRECTION('',(0.0,0.0,-1.0));
#17745=ORIENTED_EDGE('',*,*,#17746,.F.);
#17755=ORIENTED_EDGE('',*,*,#17540,.T.);
#17766=EDGE_CURVE('',#17739,#17543,#17771,.T.);
#17771=LINE('',#17740,#17773);
#17773=VECTOR('',#17774,6.0409693252);
#17774=DIRECTION('',(0.0,0.0,1.0));
#17765=ORIENTED_EDGE('',*,*,#17766,.F.);
#17775=STYLED_ITEM('',(#34),#17776);
#17776=ADVANCED_FACE('',(#17782),#17777,.T.);
#17777=PLANE('',#17778);
#17778=AXIS2_PLACEMENT_3D('',#17779,#17780,#17781);
#17779=CARTESIAN_POINT('',(10.541,-2.159,2.659));
#17780=DIRECTION('',(0.0,1.0,0.0));
#17781=DIRECTION('',(0.,0.,1.));
#17782=FACE_OUTER_BOUND('',#17783,.T.);
#17783=EDGE_LOOP('',(#17784,#17794,#17804,#17814));
#17787=CARTESIAN_POINT('',(9.779,-2.159,2.659));
#17786=VERTEX_POINT('',#17787);
#17785=EDGE_CURVE('',#17786,#17737,#17790,.T.);
#17790=LINE('',#17787,#17792);
#17792=VECTOR('',#17793,0.762);
#17793=DIRECTION('',(1.0,0.0,0.0));
#17784=ORIENTED_EDGE('',*,*,#17785,.F.);
#17795=EDGE_CURVE('',#17590,#17786,#17800,.T.);
#17800=LINE('',#17591,#17802);
#17802=VECTOR('',#17803,6.0409693252);
#17803=DIRECTION('',(0.0,0.0,-1.0));
#17794=ORIENTED_EDGE('',*,*,#17795,.F.);
#17804=ORIENTED_EDGE('',*,*,#17589,.T.);
#17814=ORIENTED_EDGE('',*,*,#17746,.T.);
#17824=STYLED_ITEM('',(#34),#17825);
#17825=ADVANCED_FACE('',(#17831),#17826,.T.);
#17826=PLANE('',#17827);
#17827=AXIS2_PLACEMENT_3D('',#17828,#17829,#17830);
#17828=CARTESIAN_POINT('',(9.779,-2.159,2.659));
#17829=DIRECTION('',(-1.0,0.0,0.0));
#17830=DIRECTION('',(0.,0.,1.));
#17831=FACE_OUTER_BOUND('',#17832,.T.);
#17832=EDGE_LOOP('',(#17833,#17843,#17853,#17863));
#17836=CARTESIAN_POINT('',(9.779,-2.921,2.659));
#17835=VERTEX_POINT('',#17836);
#17834=EDGE_CURVE('',#17835,#17786,#17839,.T.);
#17839=LINE('',#17836,#17841);
#17841=VECTOR('',#17842,0.762);
#17842=DIRECTION('',(0.0,1.0,0.0));
#17833=ORIENTED_EDGE('',*,*,#17834,.F.);
#17844=EDGE_CURVE('',#17639,#17835,#17849,.T.);
#17849=LINE('',#17640,#17851);
#17851=VECTOR('',#17852,6.0409693252);
#17852=DIRECTION('',(0.0,0.0,-1.0));
#17843=ORIENTED_EDGE('',*,*,#17844,.F.);
#17853=ORIENTED_EDGE('',*,*,#17638,.T.);
#17863=ORIENTED_EDGE('',*,*,#17795,.T.);
#17873=STYLED_ITEM('',(#34),#17874);
#17874=ADVANCED_FACE('',(#17880),#17875,.T.);
#17875=PLANE('',#17876);
#17876=AXIS2_PLACEMENT_3D('',#17877,#17878,#17879);
#17877=CARTESIAN_POINT('',(9.779,-2.921,2.659));
#17878=DIRECTION('',(0.0,-1.0,0.0));
#17879=DIRECTION('',(0.,0.,1.));
#17880=FACE_OUTER_BOUND('',#17881,.T.);
#17881=EDGE_LOOP('',(#17882,#17892,#17902,#17912));
#17883=EDGE_CURVE('',#17739,#17835,#17888,.T.);
#17888=LINE('',#17740,#17890);
#17890=VECTOR('',#17891,0.762);
#17891=DIRECTION('',(-1.0,0.0,0.0));
#17882=ORIENTED_EDGE('',*,*,#17883,.F.);
#17892=ORIENTED_EDGE('',*,*,#17766,.T.);
#17902=ORIENTED_EDGE('',*,*,#17687,.T.);
#17912=ORIENTED_EDGE('',*,*,#17844,.T.);
#17922=STYLED_ITEM('',(#34),#17923);
#17923=ADVANCED_FACE('',(#17929),#17924,.T.);
#17924=PLANE('',#17925);
#17925=AXIS2_PLACEMENT_3D('',#17926,#17927,#17928);
#17926=CARTESIAN_POINT('',(9.779,-2.159,2.659));
#17927=DIRECTION('',(0.0,0.0,-1.0));
#17928=DIRECTION('',(0.,1.,0.));
#17929=FACE_OUTER_BOUND('',#17930,.T.);
#17930=EDGE_LOOP('',(#17931,#17941,#17951,#17961));
#17931=ORIENTED_EDGE('',*,*,#17785,.T.);
#17941=ORIENTED_EDGE('',*,*,#17736,.T.);
#17951=ORIENTED_EDGE('',*,*,#17883,.T.);
#17961=ORIENTED_EDGE('',*,*,#17834,.T.);
#17971=STYLED_ITEM('',(#34),#17972);
#17972=ADVANCED_FACE('',(#17978),#17973,.T.);
#17973=PLANE('',#17974);
#17974=AXIS2_PLACEMENT_3D('',#17975,#17976,#17977);
#17975=CARTESIAN_POINT('',(9.779,-2.921,0.0));
#17976=DIRECTION('',(0.0,0.0,1.0));
#17977=DIRECTION('',(0.,1.,0.));
#17978=FACE_OUTER_BOUND('',#17979,.T.);
#17979=EDGE_LOOP('',(#17980,#17990,#18000,#18010));
#17983=CARTESIAN_POINT('',(10.541,-2.921,0.0));
#17982=VERTEX_POINT('',#17983);
#17985=CARTESIAN_POINT('',(9.779,-2.921,0.0));
#17984=VERTEX_POINT('',#17985);
#17981=EDGE_CURVE('',#17982,#17984,#17986,.T.);
#17986=LINE('',#17983,#17988);
#17988=VECTOR('',#17989,0.762);
#17989=DIRECTION('',(-1.0,0.0,0.0));
#17980=ORIENTED_EDGE('',*,*,#17981,.F.);
#17993=CARTESIAN_POINT('',(10.541,-2.159,0.0));
#17992=VERTEX_POINT('',#17993);
#17991=EDGE_CURVE('',#17992,#17982,#17996,.T.);
#17996=LINE('',#17993,#17998);
#17998=VECTOR('',#17999,0.762);
#17999=DIRECTION('',(0.0,-1.0,0.0));
#17990=ORIENTED_EDGE('',*,*,#17991,.F.);
#18003=CARTESIAN_POINT('',(9.779,-2.159,0.0));
#18002=VERTEX_POINT('',#18003);
#18001=EDGE_CURVE('',#18002,#17992,#18006,.T.);
#18006=LINE('',#18003,#18008);
#18008=VECTOR('',#18009,0.762);
#18009=DIRECTION('',(1.0,0.0,0.0));
#18000=ORIENTED_EDGE('',*,*,#18001,.F.);
#18011=EDGE_CURVE('',#17984,#18002,#18016,.T.);
#18016=LINE('',#17985,#18018);
#18018=VECTOR('',#18019,0.762);
#18019=DIRECTION('',(0.0,1.0,0.0));
#18010=ORIENTED_EDGE('',*,*,#18011,.F.);
#18020=STYLED_ITEM('',(#34),#18021);
#18021=ADVANCED_FACE('',(#18027),#18022,.T.);
#18022=PLANE('',#18023);
#18023=AXIS2_PLACEMENT_3D('',#18024,#18025,#18026);
#18024=CARTESIAN_POINT('',(10.541,-2.921,-4.89));
#18025=DIRECTION('',(1.0,0.0,0.0));
#18026=DIRECTION('',(0.,0.,1.));
#18027=FACE_OUTER_BOUND('',#18028,.T.);
#18028=EDGE_LOOP('',(#18029,#18039,#18049,#18059));
#18032=CARTESIAN_POINT('',(10.541,-2.159,-4.89));
#18031=VERTEX_POINT('',#18032);
#18034=CARTESIAN_POINT('',(10.541,-2.921,-4.89));
#18033=VERTEX_POINT('',#18034);
#18030=EDGE_CURVE('',#18031,#18033,#18035,.T.);
#18035=LINE('',#18032,#18037);
#18037=VECTOR('',#18038,0.762);
#18038=DIRECTION('',(0.0,-1.0,0.0));
#18029=ORIENTED_EDGE('',*,*,#18030,.F.);
#18040=EDGE_CURVE('',#17992,#18031,#18045,.T.);
#18045=LINE('',#17993,#18047);
#18047=VECTOR('',#18048,4.8895);
#18048=DIRECTION('',(0.0,0.0,-1.0));
#18039=ORIENTED_EDGE('',*,*,#18040,.F.);
#18049=ORIENTED_EDGE('',*,*,#17991,.T.);
#18060=EDGE_CURVE('',#18033,#17982,#18065,.T.);
#18065=LINE('',#18034,#18067);
#18067=VECTOR('',#18068,4.8895);
#18068=DIRECTION('',(0.0,0.0,1.0));
#18059=ORIENTED_EDGE('',*,*,#18060,.F.);
#18069=STYLED_ITEM('',(#34),#18070);
#18070=ADVANCED_FACE('',(#18076),#18071,.T.);
#18071=PLANE('',#18072);
#18072=AXIS2_PLACEMENT_3D('',#18073,#18074,#18075);
#18073=CARTESIAN_POINT('',(10.541,-2.159,-4.89));
#18074=DIRECTION('',(0.0,1.0,0.0));
#18075=DIRECTION('',(0.,0.,1.));
#18076=FACE_OUTER_BOUND('',#18077,.T.);
#18077=EDGE_LOOP('',(#18078,#18088,#18098,#18108));
#18081=CARTESIAN_POINT('',(9.779,-2.159,-4.89));
#18080=VERTEX_POINT('',#18081);
#18079=EDGE_CURVE('',#18080,#18031,#18084,.T.);
#18084=LINE('',#18081,#18086);
#18086=VECTOR('',#18087,0.762);
#18087=DIRECTION('',(1.0,0.0,0.0));
#18078=ORIENTED_EDGE('',*,*,#18079,.F.);
#18089=EDGE_CURVE('',#18002,#18080,#18094,.T.);
#18094=LINE('',#18003,#18096);
#18096=VECTOR('',#18097,4.8895);
#18097=DIRECTION('',(0.0,0.0,-1.0));
#18088=ORIENTED_EDGE('',*,*,#18089,.F.);
#18098=ORIENTED_EDGE('',*,*,#18001,.T.);
#18108=ORIENTED_EDGE('',*,*,#18040,.T.);
#18118=STYLED_ITEM('',(#34),#18119);
#18119=ADVANCED_FACE('',(#18125),#18120,.T.);
#18120=PLANE('',#18121);
#18121=AXIS2_PLACEMENT_3D('',#18122,#18123,#18124);
#18122=CARTESIAN_POINT('',(9.779,-2.159,-4.89));
#18123=DIRECTION('',(-1.0,0.0,0.0));
#18124=DIRECTION('',(0.,0.,1.));
#18125=FACE_OUTER_BOUND('',#18126,.T.);
#18126=EDGE_LOOP('',(#18127,#18137,#18147,#18157));
#18130=CARTESIAN_POINT('',(9.779,-2.921,-4.89));
#18129=VERTEX_POINT('',#18130);
#18128=EDGE_CURVE('',#18129,#18080,#18133,.T.);
#18133=LINE('',#18130,#18135);
#18135=VECTOR('',#18136,0.762);
#18136=DIRECTION('',(0.0,1.0,0.0));
#18127=ORIENTED_EDGE('',*,*,#18128,.F.);
#18138=EDGE_CURVE('',#17984,#18129,#18143,.T.);
#18143=LINE('',#17985,#18145);
#18145=VECTOR('',#18146,4.8895);
#18146=DIRECTION('',(0.0,0.0,-1.0));
#18137=ORIENTED_EDGE('',*,*,#18138,.F.);
#18147=ORIENTED_EDGE('',*,*,#18011,.T.);
#18157=ORIENTED_EDGE('',*,*,#18089,.T.);
#18167=STYLED_ITEM('',(#34),#18168);
#18168=ADVANCED_FACE('',(#18174),#18169,.T.);
#18169=PLANE('',#18170);
#18170=AXIS2_PLACEMENT_3D('',#18171,#18172,#18173);
#18171=CARTESIAN_POINT('',(9.779,-2.921,-4.89));
#18172=DIRECTION('',(0.0,-1.0,0.0));
#18173=DIRECTION('',(0.,0.,1.));
#18174=FACE_OUTER_BOUND('',#18175,.T.);
#18175=EDGE_LOOP('',(#18176,#18186,#18196,#18206));
#18177=EDGE_CURVE('',#18033,#18129,#18182,.T.);
#18182=LINE('',#18034,#18184);
#18184=VECTOR('',#18185,0.762);
#18185=DIRECTION('',(-1.0,0.0,0.0));
#18176=ORIENTED_EDGE('',*,*,#18177,.F.);
#18186=ORIENTED_EDGE('',*,*,#18060,.T.);
#18196=ORIENTED_EDGE('',*,*,#17981,.T.);
#18206=ORIENTED_EDGE('',*,*,#18138,.T.);
#18216=STYLED_ITEM('',(#34),#18217);
#18217=ADVANCED_FACE('',(#18223),#18218,.T.);
#18218=PLANE('',#18219);
#18219=AXIS2_PLACEMENT_3D('',#18220,#18221,#18222);
#18220=CARTESIAN_POINT('',(10.35,-2.73,-5.08));
#18221=DIRECTION('',(0.707,0.0,-0.707));
#18222=DIRECTION('',(0.,0.,1.));
#18223=FACE_OUTER_BOUND('',#18224,.T.);
#18224=EDGE_LOOP('',(#18225,#18235,#18245,#18255));
#18228=CARTESIAN_POINT('',(10.35,-2.35,-5.08));
#18227=VERTEX_POINT('',#18228);
#18230=CARTESIAN_POINT('',(10.35,-2.73,-5.08));
#18229=VERTEX_POINT('',#18230);
#18226=EDGE_CURVE('',#18227,#18229,#18231,.T.);
#18231=LINE('',#18228,#18233);
#18233=VECTOR('',#18234,0.381);
#18234=DIRECTION('',(0.0,-1.0,0.0));
#18225=ORIENTED_EDGE('',*,*,#18226,.F.);
#18236=EDGE_CURVE('',#18031,#18227,#18241,.T.);
#18241=LINE('',#18032,#18243);
#18243=VECTOR('',#18244,0.329955678841871);
#18244=DIRECTION('',(-0.577,-0.577,-0.577));
#18235=ORIENTED_EDGE('',*,*,#18236,.F.);
#18245=ORIENTED_EDGE('',*,*,#18030,.T.);
#18256=EDGE_CURVE('',#18229,#18033,#18261,.T.);
#18261=LINE('',#18230,#18263);
#18263=VECTOR('',#18264,0.329955678841871);
#18264=DIRECTION('',(0.577,-0.577,0.577));
#18255=ORIENTED_EDGE('',*,*,#18256,.F.);
#18265=STYLED_ITEM('',(#34),#18266);
#18266=ADVANCED_FACE('',(#18272),#18267,.T.);
#18267=PLANE('',#18268);
#18268=AXIS2_PLACEMENT_3D('',#18269,#18270,#18271);
#18269=CARTESIAN_POINT('',(10.35,-2.35,-5.08));
#18270=DIRECTION('',(0.0,0.707,-0.707));
#18271=DIRECTION('',(0.,0.,1.));
#18272=FACE_OUTER_BOUND('',#18273,.T.);
#18273=EDGE_LOOP('',(#18274,#18284,#18294,#18304));
#18277=CARTESIAN_POINT('',(9.97,-2.35,-5.08));
#18276=VERTEX_POINT('',#18277);
#18275=EDGE_CURVE('',#18276,#18227,#18280,.T.);
#18280=LINE('',#18277,#18282);
#18282=VECTOR('',#18283,0.381);
#18283=DIRECTION('',(1.0,0.0,0.0));
#18274=ORIENTED_EDGE('',*,*,#18275,.F.);
#18285=EDGE_CURVE('',#18080,#18276,#18290,.T.);
#18290=LINE('',#18081,#18292);
#18292=VECTOR('',#18293,0.329955678841871);
#18293=DIRECTION('',(0.577,-0.577,-0.577));
#18284=ORIENTED_EDGE('',*,*,#18285,.F.);
#18294=ORIENTED_EDGE('',*,*,#18079,.T.);
#18304=ORIENTED_EDGE('',*,*,#18236,.T.);
#18314=STYLED_ITEM('',(#34),#18315);
#18315=ADVANCED_FACE('',(#18321),#18316,.T.);
#18316=PLANE('',#18317);
#18317=AXIS2_PLACEMENT_3D('',#18318,#18319,#18320);
#18318=CARTESIAN_POINT('',(9.97,-2.35,-5.08));
#18319=DIRECTION('',(-0.707,0.0,-0.707));
#18320=DIRECTION('',(0.,0.,1.));
#18321=FACE_OUTER_BOUND('',#18322,.T.);
#18322=EDGE_LOOP('',(#18323,#18333,#18343,#18353));
#18326=CARTESIAN_POINT('',(9.97,-2.73,-5.08));
#18325=VERTEX_POINT('',#18326);
#18324=EDGE_CURVE('',#18325,#18276,#18329,.T.);
#18329=LINE('',#18326,#18331);
#18331=VECTOR('',#18332,0.381);
#18332=DIRECTION('',(0.0,1.0,0.0));
#18323=ORIENTED_EDGE('',*,*,#18324,.F.);
#18334=EDGE_CURVE('',#18129,#18325,#18339,.T.);
#18339=LINE('',#18130,#18341);
#18341=VECTOR('',#18342,0.329955678841871);
#18342=DIRECTION('',(0.577,0.577,-0.577));
#18333=ORIENTED_EDGE('',*,*,#18334,.F.);
#18343=ORIENTED_EDGE('',*,*,#18128,.T.);
#18353=ORIENTED_EDGE('',*,*,#18285,.T.);
#18363=STYLED_ITEM('',(#34),#18364);
#18364=ADVANCED_FACE('',(#18370),#18365,.T.);
#18365=PLANE('',#18366);
#18366=AXIS2_PLACEMENT_3D('',#18367,#18368,#18369);
#18367=CARTESIAN_POINT('',(9.97,-2.73,-5.08));
#18368=DIRECTION('',(0.0,-0.707,-0.707));
#18369=DIRECTION('',(0.,0.,1.));
#18370=FACE_OUTER_BOUND('',#18371,.T.);
#18371=EDGE_LOOP('',(#18372,#18382,#18392,#18402));
#18373=EDGE_CURVE('',#18229,#18325,#18378,.T.);
#18378=LINE('',#18230,#18380);
#18380=VECTOR('',#18381,0.381);
#18381=DIRECTION('',(-1.0,0.0,0.0));
#18372=ORIENTED_EDGE('',*,*,#18373,.F.);
#18382=ORIENTED_EDGE('',*,*,#18256,.T.);
#18392=ORIENTED_EDGE('',*,*,#18177,.T.);
#18402=ORIENTED_EDGE('',*,*,#18334,.T.);
#18412=STYLED_ITEM('',(#34),#18413);
#18413=ADVANCED_FACE('',(#18419),#18414,.T.);
#18414=PLANE('',#18415);
#18415=AXIS2_PLACEMENT_3D('',#18416,#18417,#18418);
#18416=CARTESIAN_POINT('',(9.97,-2.35,-5.08));
#18417=DIRECTION('',(0.0,0.0,-1.0));
#18418=DIRECTION('',(0.,1.,0.));
#18419=FACE_OUTER_BOUND('',#18420,.T.);
#18420=EDGE_LOOP('',(#18421,#18431,#18441,#18451));
#18421=ORIENTED_EDGE('',*,*,#18275,.T.);
#18431=ORIENTED_EDGE('',*,*,#18226,.T.);
#18441=ORIENTED_EDGE('',*,*,#18373,.T.);
#18451=ORIENTED_EDGE('',*,*,#18324,.T.);
#18461=MANIFOLD_SOLID_BREP($,#18462);
#18462=CLOSED_SHELL('',(#18466,#18515,#18564,#18613,#18662,#18711,#18760,#18809,#18858,#18907));
#18463=MANIFOLD_SOLID_BREP($,#18464);
#18464=CLOSED_SHELL('',(#18956,#19005,#19054,#19103,#19152,#19201,#19250,#19299,#19348,#19397));
#18465=STYLED_ITEM('',(#34),#18466);
#18466=ADVANCED_FACE('',(#18472),#18467,.T.);
#18467=PLANE('',#18468);
#18468=AXIS2_PLACEMENT_3D('',#18469,#18470,#18471);
#18469=CARTESIAN_POINT('',(7.43,-2.73,8.89));
#18470=DIRECTION('',(0.0,0.0,1.0));
#18471=DIRECTION('',(0.,1.,0.));
#18472=FACE_OUTER_BOUND('',#18473,.T.);
#18473=EDGE_LOOP('',(#18474,#18484,#18494,#18504));
#18477=CARTESIAN_POINT('',(7.81,-2.73,8.89));
#18476=VERTEX_POINT('',#18477);
#18479=CARTESIAN_POINT('',(7.43,-2.73,8.89));
#18478=VERTEX_POINT('',#18479);
#18475=EDGE_CURVE('',#18476,#18478,#18480,.T.);
#18480=LINE('',#18477,#18482);
#18482=VECTOR('',#18483,0.381);
#18483=DIRECTION('',(-1.0,0.0,0.0));
#18474=ORIENTED_EDGE('',*,*,#18475,.F.);
#18487=CARTESIAN_POINT('',(7.81,-2.35,8.89));
#18486=VERTEX_POINT('',#18487);
#18485=EDGE_CURVE('',#18486,#18476,#18490,.T.);
#18490=LINE('',#18487,#18492);
#18492=VECTOR('',#18493,0.381);
#18493=DIRECTION('',(0.0,-1.0,0.0));
#18484=ORIENTED_EDGE('',*,*,#18485,.F.);
#18497=CARTESIAN_POINT('',(7.43,-2.35,8.89));
#18496=VERTEX_POINT('',#18497);
#18495=EDGE_CURVE('',#18496,#18486,#18500,.T.);
#18500=LINE('',#18497,#18502);
#18502=VECTOR('',#18503,0.381);
#18503=DIRECTION('',(1.0,0.0,0.0));
#18494=ORIENTED_EDGE('',*,*,#18495,.F.);
#18505=EDGE_CURVE('',#18478,#18496,#18510,.T.);
#18510=LINE('',#18479,#18512);
#18512=VECTOR('',#18513,0.381);
#18513=DIRECTION('',(0.0,1.0,0.0));
#18504=ORIENTED_EDGE('',*,*,#18505,.F.);
#18514=STYLED_ITEM('',(#34),#18515);
#18515=ADVANCED_FACE('',(#18521),#18516,.T.);
#18516=PLANE('',#18517);
#18517=AXIS2_PLACEMENT_3D('',#18518,#18519,#18520);
#18518=CARTESIAN_POINT('',(8.001,-2.921,8.7));
#18519=DIRECTION('',(0.707,0.0,0.707));
#18520=DIRECTION('',(0.,0.,1.));
#18521=FACE_OUTER_BOUND('',#18522,.T.);
#18522=EDGE_LOOP('',(#18523,#18533,#18543,#18553));
#18526=CARTESIAN_POINT('',(8.001,-2.159,8.7));
#18525=VERTEX_POINT('',#18526);
#18528=CARTESIAN_POINT('',(8.001,-2.921,8.7));
#18527=VERTEX_POINT('',#18528);
#18524=EDGE_CURVE('',#18525,#18527,#18529,.T.);
#18529=LINE('',#18526,#18531);
#18531=VECTOR('',#18532,0.762);
#18532=DIRECTION('',(0.0,-1.0,0.0));
#18523=ORIENTED_EDGE('',*,*,#18524,.F.);
#18534=EDGE_CURVE('',#18486,#18525,#18539,.T.);
#18539=LINE('',#18487,#18541);
#18541=VECTOR('',#18542,0.329955678841871);
#18542=DIRECTION('',(0.577,0.577,-0.577));
#18533=ORIENTED_EDGE('',*,*,#18534,.F.);
#18543=ORIENTED_EDGE('',*,*,#18485,.T.);
#18554=EDGE_CURVE('',#18527,#18476,#18559,.T.);
#18559=LINE('',#18528,#18561);
#18561=VECTOR('',#18562,0.329955678841871);
#18562=DIRECTION('',(-0.577,0.577,0.577));
#18553=ORIENTED_EDGE('',*,*,#18554,.F.);
#18563=STYLED_ITEM('',(#34),#18564);
#18564=ADVANCED_FACE('',(#18570),#18565,.T.);
#18565=PLANE('',#18566);
#18566=AXIS2_PLACEMENT_3D('',#18567,#18568,#18569);
#18567=CARTESIAN_POINT('',(8.001,-2.159,8.7));
#18568=DIRECTION('',(0.0,0.707,0.707));
#18569=DIRECTION('',(0.,0.,1.));
#18570=FACE_OUTER_BOUND('',#18571,.T.);
#18571=EDGE_LOOP('',(#18572,#18582,#18592,#18602));
#18575=CARTESIAN_POINT('',(7.239,-2.159,8.7));
#18574=VERTEX_POINT('',#18575);
#18573=EDGE_CURVE('',#18574,#18525,#18578,.T.);
#18578=LINE('',#18575,#18580);
#18580=VECTOR('',#18581,0.762);
#18581=DIRECTION('',(1.0,0.0,0.0));
#18572=ORIENTED_EDGE('',*,*,#18573,.F.);
#18583=EDGE_CURVE('',#18496,#18574,#18588,.T.);
#18588=LINE('',#18497,#18590);
#18590=VECTOR('',#18591,0.329955678841871);
#18591=DIRECTION('',(-0.577,0.577,-0.577));
#18582=ORIENTED_EDGE('',*,*,#18583,.F.);
#18592=ORIENTED_EDGE('',*,*,#18495,.T.);
#18602=ORIENTED_EDGE('',*,*,#18534,.T.);
#18612=STYLED_ITEM('',(#34),#18613);
#18613=ADVANCED_FACE('',(#18619),#18614,.T.);
#18614=PLANE('',#18615);
#18615=AXIS2_PLACEMENT_3D('',#18616,#18617,#18618);
#18616=CARTESIAN_POINT('',(7.239,-2.159,8.7));
#18617=DIRECTION('',(-0.707,0.0,0.707));
#18618=DIRECTION('',(0.,0.,1.));
#18619=FACE_OUTER_BOUND('',#18620,.T.);
#18620=EDGE_LOOP('',(#18621,#18631,#18641,#18651));
#18624=CARTESIAN_POINT('',(7.239,-2.921,8.7));
#18623=VERTEX_POINT('',#18624);
#18622=EDGE_CURVE('',#18623,#18574,#18627,.T.);
#18627=LINE('',#18624,#18629);
#18629=VECTOR('',#18630,0.762);
#18630=DIRECTION('',(0.0,1.0,0.0));
#18621=ORIENTED_EDGE('',*,*,#18622,.F.);
#18632=EDGE_CURVE('',#18478,#18623,#18637,.T.);
#18637=LINE('',#18479,#18639);
#18639=VECTOR('',#18640,0.329955678841871);
#18640=DIRECTION('',(-0.577,-0.577,-0.577));
#18631=ORIENTED_EDGE('',*,*,#18632,.F.);
#18641=ORIENTED_EDGE('',*,*,#18505,.T.);
#18651=ORIENTED_EDGE('',*,*,#18583,.T.);
#18661=STYLED_ITEM('',(#34),#18662);
#18662=ADVANCED_FACE('',(#18668),#18663,.T.);
#18663=PLANE('',#18664);
#18664=AXIS2_PLACEMENT_3D('',#18665,#18666,#18667);
#18665=CARTESIAN_POINT('',(7.239,-2.921,8.7));
#18666=DIRECTION('',(0.0,-0.707,0.707));
#18667=DIRECTION('',(0.,0.,1.));
#18668=FACE_OUTER_BOUND('',#18669,.T.);
#18669=EDGE_LOOP('',(#18670,#18680,#18690,#18700));
#18671=EDGE_CURVE('',#18527,#18623,#18676,.T.);
#18676=LINE('',#18528,#18678);
#18678=VECTOR('',#18679,0.762);
#18679=DIRECTION('',(-1.0,0.0,0.0));
#18670=ORIENTED_EDGE('',*,*,#18671,.F.);
#18680=ORIENTED_EDGE('',*,*,#18554,.T.);
#18690=ORIENTED_EDGE('',*,*,#18475,.T.);
#18700=ORIENTED_EDGE('',*,*,#18632,.T.);
#18710=STYLED_ITEM('',(#34),#18711);
#18711=ADVANCED_FACE('',(#18717),#18712,.T.);
#18712=PLANE('',#18713);
#18713=AXIS2_PLACEMENT_3D('',#18714,#18715,#18716);
#18714=CARTESIAN_POINT('',(8.001,-2.921,2.659));
#18715=DIRECTION('',(1.0,0.0,0.0));
#18716=DIRECTION('',(0.,0.,1.));
#18717=FACE_OUTER_BOUND('',#18718,.T.);
#18718=EDGE_LOOP('',(#18719,#18729,#18739,#18749));
#18722=CARTESIAN_POINT('',(8.001,-2.159,2.659));
#18721=VERTEX_POINT('',#18722);
#18724=CARTESIAN_POINT('',(8.001,-2.921,2.659));
#18723=VERTEX_POINT('',#18724);
#18720=EDGE_CURVE('',#18721,#18723,#18725,.T.);
#18725=LINE('',#18722,#18727);
#18727=VECTOR('',#18728,0.762);
#18728=DIRECTION('',(0.0,-1.0,0.0));
#18719=ORIENTED_EDGE('',*,*,#18720,.F.);
#18730=EDGE_CURVE('',#18525,#18721,#18735,.T.);
#18735=LINE('',#18526,#18737);
#18737=VECTOR('',#18738,6.0409693252);
#18738=DIRECTION('',(0.0,0.0,-1.0));
#18729=ORIENTED_EDGE('',*,*,#18730,.F.);
#18739=ORIENTED_EDGE('',*,*,#18524,.T.);
#18750=EDGE_CURVE('',#18723,#18527,#18755,.T.);
#18755=LINE('',#18724,#18757);
#18757=VECTOR('',#18758,6.0409693252);
#18758=DIRECTION('',(0.0,0.0,1.0));
#18749=ORIENTED_EDGE('',*,*,#18750,.F.);
#18759=STYLED_ITEM('',(#34),#18760);
#18760=ADVANCED_FACE('',(#18766),#18761,.T.);
#18761=PLANE('',#18762);
#18762=AXIS2_PLACEMENT_3D('',#18763,#18764,#18765);
#18763=CARTESIAN_POINT('',(8.001,-2.159,2.659));
#18764=DIRECTION('',(0.0,1.0,0.0));
#18765=DIRECTION('',(0.,0.,1.));
#18766=FACE_OUTER_BOUND('',#18767,.T.);
#18767=EDGE_LOOP('',(#18768,#18778,#18788,#18798));
#18771=CARTESIAN_POINT('',(7.239,-2.159,2.659));
#18770=VERTEX_POINT('',#18771);
#18769=EDGE_CURVE('',#18770,#18721,#18774,.T.);
#18774=LINE('',#18771,#18776);
#18776=VECTOR('',#18777,0.762);
#18777=DIRECTION('',(1.0,0.0,0.0));
#18768=ORIENTED_EDGE('',*,*,#18769,.F.);
#18779=EDGE_CURVE('',#18574,#18770,#18784,.T.);
#18784=LINE('',#18575,#18786);
#18786=VECTOR('',#18787,6.0409693252);
#18787=DIRECTION('',(0.0,0.0,-1.0));
#18778=ORIENTED_EDGE('',*,*,#18779,.F.);
#18788=ORIENTED_EDGE('',*,*,#18573,.T.);
#18798=ORIENTED_EDGE('',*,*,#18730,.T.);
#18808=STYLED_ITEM('',(#34),#18809);
#18809=ADVANCED_FACE('',(#18815),#18810,.T.);
#18810=PLANE('',#18811);
#18811=AXIS2_PLACEMENT_3D('',#18812,#18813,#18814);
#18812=CARTESIAN_POINT('',(7.239,-2.159,2.659));
#18813=DIRECTION('',(-1.0,0.0,0.0));
#18814=DIRECTION('',(0.,0.,1.));
#18815=FACE_OUTER_BOUND('',#18816,.T.);
#18816=EDGE_LOOP('',(#18817,#18827,#18837,#18847));
#18820=CARTESIAN_POINT('',(7.239,-2.921,2.659));
#18819=VERTEX_POINT('',#18820);
#18818=EDGE_CURVE('',#18819,#18770,#18823,.T.);
#18823=LINE('',#18820,#18825);
#18825=VECTOR('',#18826,0.762);
#18826=DIRECTION('',(0.0,1.0,0.0));
#18817=ORIENTED_EDGE('',*,*,#18818,.F.);
#18828=EDGE_CURVE('',#18623,#18819,#18833,.T.);
#18833=LINE('',#18624,#18835);
#18835=VECTOR('',#18836,6.0409693252);
#18836=DIRECTION('',(0.0,0.0,-1.0));
#18827=ORIENTED_EDGE('',*,*,#18828,.F.);
#18837=ORIENTED_EDGE('',*,*,#18622,.T.);
#18847=ORIENTED_EDGE('',*,*,#18779,.T.);
#18857=STYLED_ITEM('',(#34),#18858);
#18858=ADVANCED_FACE('',(#18864),#18859,.T.);
#18859=PLANE('',#18860);
#18860=AXIS2_PLACEMENT_3D('',#18861,#18862,#18863);
#18861=CARTESIAN_POINT('',(7.239,-2.921,2.659));
#18862=DIRECTION('',(0.0,-1.0,0.0));
#18863=DIRECTION('',(0.,0.,1.));
#18864=FACE_OUTER_BOUND('',#18865,.T.);
#18865=EDGE_LOOP('',(#18866,#18876,#18886,#18896));
#18867=EDGE_CURVE('',#18723,#18819,#18872,.T.);
#18872=LINE('',#18724,#18874);
#18874=VECTOR('',#18875,0.762);
#18875=DIRECTION('',(-1.0,0.0,0.0));
#18866=ORIENTED_EDGE('',*,*,#18867,.F.);
#18876=ORIENTED_EDGE('',*,*,#18750,.T.);
#18886=ORIENTED_EDGE('',*,*,#18671,.T.);
#18896=ORIENTED_EDGE('',*,*,#18828,.T.);
#18906=STYLED_ITEM('',(#34),#18907);
#18907=ADVANCED_FACE('',(#18913),#18908,.T.);
#18908=PLANE('',#18909);
#18909=AXIS2_PLACEMENT_3D('',#18910,#18911,#18912);
#18910=CARTESIAN_POINT('',(7.239,-2.159,2.659));
#18911=DIRECTION('',(0.0,0.0,-1.0));
#18912=DIRECTION('',(0.,1.,0.));
#18913=FACE_OUTER_BOUND('',#18914,.T.);
#18914=EDGE_LOOP('',(#18915,#18925,#18935,#18945));
#18915=ORIENTED_EDGE('',*,*,#18769,.T.);
#18925=ORIENTED_EDGE('',*,*,#18720,.T.);
#18935=ORIENTED_EDGE('',*,*,#18867,.T.);
#18945=ORIENTED_EDGE('',*,*,#18818,.T.);
#18955=STYLED_ITEM('',(#34),#18956);
#18956=ADVANCED_FACE('',(#18962),#18957,.T.);
#18957=PLANE('',#18958);
#18958=AXIS2_PLACEMENT_3D('',#18959,#18960,#18961);
#18959=CARTESIAN_POINT('',(7.239,-2.921,0.0));
#18960=DIRECTION('',(0.0,0.0,1.0));
#18961=DIRECTION('',(0.,1.,0.));
#18962=FACE_OUTER_BOUND('',#18963,.T.);
#18963=EDGE_LOOP('',(#18964,#18974,#18984,#18994));
#18967=CARTESIAN_POINT('',(8.001,-2.921,0.0));
#18966=VERTEX_POINT('',#18967);
#18969=CARTESIAN_POINT('',(7.239,-2.921,0.0));
#18968=VERTEX_POINT('',#18969);
#18965=EDGE_CURVE('',#18966,#18968,#18970,.T.);
#18970=LINE('',#18967,#18972);
#18972=VECTOR('',#18973,0.762);
#18973=DIRECTION('',(-1.0,0.0,0.0));
#18964=ORIENTED_EDGE('',*,*,#18965,.F.);
#18977=CARTESIAN_POINT('',(8.001,-2.159,0.0));
#18976=VERTEX_POINT('',#18977);
#18975=EDGE_CURVE('',#18976,#18966,#18980,.T.);
#18980=LINE('',#18977,#18982);
#18982=VECTOR('',#18983,0.762);
#18983=DIRECTION('',(0.0,-1.0,0.0));
#18974=ORIENTED_EDGE('',*,*,#18975,.F.);
#18987=CARTESIAN_POINT('',(7.239,-2.159,0.0));
#18986=VERTEX_POINT('',#18987);
#18985=EDGE_CURVE('',#18986,#18976,#18990,.T.);
#18990=LINE('',#18987,#18992);
#18992=VECTOR('',#18993,0.762);
#18993=DIRECTION('',(1.0,0.0,0.0));
#18984=ORIENTED_EDGE('',*,*,#18985,.F.);
#18995=EDGE_CURVE('',#18968,#18986,#19000,.T.);
#19000=LINE('',#18969,#19002);
#19002=VECTOR('',#19003,0.762);
#19003=DIRECTION('',(0.0,1.0,0.0));
#18994=ORIENTED_EDGE('',*,*,#18995,.F.);
#19004=STYLED_ITEM('',(#34),#19005);
#19005=ADVANCED_FACE('',(#19011),#19006,.T.);
#19006=PLANE('',#19007);
#19007=AXIS2_PLACEMENT_3D('',#19008,#19009,#19010);
#19008=CARTESIAN_POINT('',(8.001,-2.921,-4.89));
#19009=DIRECTION('',(1.0,0.0,0.0));
#19010=DIRECTION('',(0.,0.,1.));
#19011=FACE_OUTER_BOUND('',#19012,.T.);
#19012=EDGE_LOOP('',(#19013,#19023,#19033,#19043));
#19016=CARTESIAN_POINT('',(8.001,-2.159,-4.89));
#19015=VERTEX_POINT('',#19016);
#19018=CARTESIAN_POINT('',(8.001,-2.921,-4.89));
#19017=VERTEX_POINT('',#19018);
#19014=EDGE_CURVE('',#19015,#19017,#19019,.T.);
#19019=LINE('',#19016,#19021);
#19021=VECTOR('',#19022,0.762);
#19022=DIRECTION('',(0.0,-1.0,0.0));
#19013=ORIENTED_EDGE('',*,*,#19014,.F.);
#19024=EDGE_CURVE('',#18976,#19015,#19029,.T.);
#19029=LINE('',#18977,#19031);
#19031=VECTOR('',#19032,4.8895);
#19032=DIRECTION('',(0.0,0.0,-1.0));
#19023=ORIENTED_EDGE('',*,*,#19024,.F.);
#19033=ORIENTED_EDGE('',*,*,#18975,.T.);
#19044=EDGE_CURVE('',#19017,#18966,#19049,.T.);
#19049=LINE('',#19018,#19051);
#19051=VECTOR('',#19052,4.8895);
#19052=DIRECTION('',(0.0,0.0,1.0));
#19043=ORIENTED_EDGE('',*,*,#19044,.F.);
#19053=STYLED_ITEM('',(#34),#19054);
#19054=ADVANCED_FACE('',(#19060),#19055,.T.);
#19055=PLANE('',#19056);
#19056=AXIS2_PLACEMENT_3D('',#19057,#19058,#19059);
#19057=CARTESIAN_POINT('',(8.001,-2.159,-4.89));
#19058=DIRECTION('',(0.0,1.0,0.0));
#19059=DIRECTION('',(0.,0.,1.));
#19060=FACE_OUTER_BOUND('',#19061,.T.);
#19061=EDGE_LOOP('',(#19062,#19072,#19082,#19092));
#19065=CARTESIAN_POINT('',(7.239,-2.159,-4.89));
#19064=VERTEX_POINT('',#19065);
#19063=EDGE_CURVE('',#19064,#19015,#19068,.T.);
#19068=LINE('',#19065,#19070);
#19070=VECTOR('',#19071,0.762);
#19071=DIRECTION('',(1.0,0.0,0.0));
#19062=ORIENTED_EDGE('',*,*,#19063,.F.);
#19073=EDGE_CURVE('',#18986,#19064,#19078,.T.);
#19078=LINE('',#18987,#19080);
#19080=VECTOR('',#19081,4.8895);
#19081=DIRECTION('',(0.0,0.0,-1.0));
#19072=ORIENTED_EDGE('',*,*,#19073,.F.);
#19082=ORIENTED_EDGE('',*,*,#18985,.T.);
#19092=ORIENTED_EDGE('',*,*,#19024,.T.);
#19102=STYLED_ITEM('',(#34),#19103);
#19103=ADVANCED_FACE('',(#19109),#19104,.T.);
#19104=PLANE('',#19105);
#19105=AXIS2_PLACEMENT_3D('',#19106,#19107,#19108);
#19106=CARTESIAN_POINT('',(7.239,-2.159,-4.89));
#19107=DIRECTION('',(-1.0,0.0,0.0));
#19108=DIRECTION('',(0.,0.,1.));
#19109=FACE_OUTER_BOUND('',#19110,.T.);
#19110=EDGE_LOOP('',(#19111,#19121,#19131,#19141));
#19114=CARTESIAN_POINT('',(7.239,-2.921,-4.89));
#19113=VERTEX_POINT('',#19114);
#19112=EDGE_CURVE('',#19113,#19064,#19117,.T.);
#19117=LINE('',#19114,#19119);
#19119=VECTOR('',#19120,0.762);
#19120=DIRECTION('',(0.0,1.0,0.0));
#19111=ORIENTED_EDGE('',*,*,#19112,.F.);
#19122=EDGE_CURVE('',#18968,#19113,#19127,.T.);
#19127=LINE('',#18969,#19129);
#19129=VECTOR('',#19130,4.8895);
#19130=DIRECTION('',(0.0,0.0,-1.0));
#19121=ORIENTED_EDGE('',*,*,#19122,.F.);
#19131=ORIENTED_EDGE('',*,*,#18995,.T.);
#19141=ORIENTED_EDGE('',*,*,#19073,.T.);
#19151=STYLED_ITEM('',(#34),#19152);
#19152=ADVANCED_FACE('',(#19158),#19153,.T.);
#19153=PLANE('',#19154);
#19154=AXIS2_PLACEMENT_3D('',#19155,#19156,#19157);
#19155=CARTESIAN_POINT('',(7.239,-2.921,-4.89));
#19156=DIRECTION('',(0.0,-1.0,0.0));
#19157=DIRECTION('',(0.,0.,1.));
#19158=FACE_OUTER_BOUND('',#19159,.T.);
#19159=EDGE_LOOP('',(#19160,#19170,#19180,#19190));
#19161=EDGE_CURVE('',#19017,#19113,#19166,.T.);
#19166=LINE('',#19018,#19168);
#19168=VECTOR('',#19169,0.762);
#19169=DIRECTION('',(-1.0,0.0,0.0));
#19160=ORIENTED_EDGE('',*,*,#19161,.F.);
#19170=ORIENTED_EDGE('',*,*,#19044,.T.);
#19180=ORIENTED_EDGE('',*,*,#18965,.T.);
#19190=ORIENTED_EDGE('',*,*,#19122,.T.);
#19200=STYLED_ITEM('',(#34),#19201);
#19201=ADVANCED_FACE('',(#19207),#19202,.T.);
#19202=PLANE('',#19203);
#19203=AXIS2_PLACEMENT_3D('',#19204,#19205,#19206);
#19204=CARTESIAN_POINT('',(7.81,-2.73,-5.08));
#19205=DIRECTION('',(0.707,0.0,-0.707));
#19206=DIRECTION('',(0.,0.,1.));
#19207=FACE_OUTER_BOUND('',#19208,.T.);
#19208=EDGE_LOOP('',(#19209,#19219,#19229,#19239));
#19212=CARTESIAN_POINT('',(7.81,-2.35,-5.08));
#19211=VERTEX_POINT('',#19212);
#19214=CARTESIAN_POINT('',(7.81,-2.73,-5.08));
#19213=VERTEX_POINT('',#19214);
#19210=EDGE_CURVE('',#19211,#19213,#19215,.T.);
#19215=LINE('',#19212,#19217);
#19217=VECTOR('',#19218,0.381);
#19218=DIRECTION('',(0.0,-1.0,0.0));
#19209=ORIENTED_EDGE('',*,*,#19210,.F.);
#19220=EDGE_CURVE('',#19015,#19211,#19225,.T.);
#19225=LINE('',#19016,#19227);
#19227=VECTOR('',#19228,0.329955678841871);
#19228=DIRECTION('',(-0.577,-0.577,-0.577));
#19219=ORIENTED_EDGE('',*,*,#19220,.F.);
#19229=ORIENTED_EDGE('',*,*,#19014,.T.);
#19240=EDGE_CURVE('',#19213,#19017,#19245,.T.);
#19245=LINE('',#19214,#19247);
#19247=VECTOR('',#19248,0.329955678841871);
#19248=DIRECTION('',(0.577,-0.577,0.577));
#19239=ORIENTED_EDGE('',*,*,#19240,.F.);
#19249=STYLED_ITEM('',(#34),#19250);
#19250=ADVANCED_FACE('',(#19256),#19251,.T.);
#19251=PLANE('',#19252);
#19252=AXIS2_PLACEMENT_3D('',#19253,#19254,#19255);
#19253=CARTESIAN_POINT('',(7.81,-2.35,-5.08));
#19254=DIRECTION('',(0.0,0.707,-0.707));
#19255=DIRECTION('',(0.,0.,1.));
#19256=FACE_OUTER_BOUND('',#19257,.T.);
#19257=EDGE_LOOP('',(#19258,#19268,#19278,#19288));
#19261=CARTESIAN_POINT('',(7.43,-2.35,-5.08));
#19260=VERTEX_POINT('',#19261);
#19259=EDGE_CURVE('',#19260,#19211,#19264,.T.);
#19264=LINE('',#19261,#19266);
#19266=VECTOR('',#19267,0.381);
#19267=DIRECTION('',(1.0,0.0,0.0));
#19258=ORIENTED_EDGE('',*,*,#19259,.F.);
#19269=EDGE_CURVE('',#19064,#19260,#19274,.T.);
#19274=LINE('',#19065,#19276);
#19276=VECTOR('',#19277,0.329955678841871);
#19277=DIRECTION('',(0.577,-0.577,-0.577));
#19268=ORIENTED_EDGE('',*,*,#19269,.F.);
#19278=ORIENTED_EDGE('',*,*,#19063,.T.);
#19288=ORIENTED_EDGE('',*,*,#19220,.T.);
#19298=STYLED_ITEM('',(#34),#19299);
#19299=ADVANCED_FACE('',(#19305),#19300,.T.);
#19300=PLANE('',#19301);
#19301=AXIS2_PLACEMENT_3D('',#19302,#19303,#19304);
#19302=CARTESIAN_POINT('',(7.43,-2.35,-5.08));
#19303=DIRECTION('',(-0.707,0.0,-0.707));
#19304=DIRECTION('',(0.,0.,1.));
#19305=FACE_OUTER_BOUND('',#19306,.T.);
#19306=EDGE_LOOP('',(#19307,#19317,#19327,#19337));
#19310=CARTESIAN_POINT('',(7.43,-2.73,-5.08));
#19309=VERTEX_POINT('',#19310);
#19308=EDGE_CURVE('',#19309,#19260,#19313,.T.);
#19313=LINE('',#19310,#19315);
#19315=VECTOR('',#19316,0.381);
#19316=DIRECTION('',(0.0,1.0,0.0));
#19307=ORIENTED_EDGE('',*,*,#19308,.F.);
#19318=EDGE_CURVE('',#19113,#19309,#19323,.T.);
#19323=LINE('',#19114,#19325);
#19325=VECTOR('',#19326,0.329955678841871);
#19326=DIRECTION('',(0.577,0.577,-0.577));
#19317=ORIENTED_EDGE('',*,*,#19318,.F.);
#19327=ORIENTED_EDGE('',*,*,#19112,.T.);
#19337=ORIENTED_EDGE('',*,*,#19269,.T.);
#19347=STYLED_ITEM('',(#34),#19348);
#19348=ADVANCED_FACE('',(#19354),#19349,.T.);
#19349=PLANE('',#19350);
#19350=AXIS2_PLACEMENT_3D('',#19351,#19352,#19353);
#19351=CARTESIAN_POINT('',(7.43,-2.73,-5.08));
#19352=DIRECTION('',(0.0,-0.707,-0.707));
#19353=DIRECTION('',(0.,0.,1.));
#19354=FACE_OUTER_BOUND('',#19355,.T.);
#19355=EDGE_LOOP('',(#19356,#19366,#19376,#19386));
#19357=EDGE_CURVE('',#19213,#19309,#19362,.T.);
#19362=LINE('',#19214,#19364);
#19364=VECTOR('',#19365,0.381);
#19365=DIRECTION('',(-1.0,0.0,0.0));
#19356=ORIENTED_EDGE('',*,*,#19357,.F.);
#19366=ORIENTED_EDGE('',*,*,#19240,.T.);
#19376=ORIENTED_EDGE('',*,*,#19161,.T.);
#19386=ORIENTED_EDGE('',*,*,#19318,.T.);
#19396=STYLED_ITEM('',(#34),#19397);
#19397=ADVANCED_FACE('',(#19403),#19398,.T.);
#19398=PLANE('',#19399);
#19399=AXIS2_PLACEMENT_3D('',#19400,#19401,#19402);
#19400=CARTESIAN_POINT('',(7.43,-2.35,-5.08));
#19401=DIRECTION('',(0.0,0.0,-1.0));
#19402=DIRECTION('',(0.,1.,0.));
#19403=FACE_OUTER_BOUND('',#19404,.T.);
#19404=EDGE_LOOP('',(#19405,#19415,#19425,#19435));
#19405=ORIENTED_EDGE('',*,*,#19259,.T.);
#19415=ORIENTED_EDGE('',*,*,#19210,.T.);
#19425=ORIENTED_EDGE('',*,*,#19357,.T.);
#19435=ORIENTED_EDGE('',*,*,#19308,.T.);
#19445=MANIFOLD_SOLID_BREP($,#19446);
#19446=CLOSED_SHELL('',(#19450,#19499,#19548,#19597,#19646,#19695,#19744,#19793,#19842,#19891));
#19447=MANIFOLD_SOLID_BREP($,#19448);
#19448=CLOSED_SHELL('',(#19940,#19989,#20038,#20087,#20136,#20185,#20234,#20283,#20332,#20381));
#19449=STYLED_ITEM('',(#34),#19450);
#19450=ADVANCED_FACE('',(#19456),#19451,.T.);
#19451=PLANE('',#19452);
#19452=AXIS2_PLACEMENT_3D('',#19453,#19454,#19455);
#19453=CARTESIAN_POINT('',(4.89,-2.73,8.89));
#19454=DIRECTION('',(0.0,0.0,1.0));
#19455=DIRECTION('',(0.,1.,0.));
#19456=FACE_OUTER_BOUND('',#19457,.T.);
#19457=EDGE_LOOP('',(#19458,#19468,#19478,#19488));
#19461=CARTESIAN_POINT('',(5.27,-2.73,8.89));
#19460=VERTEX_POINT('',#19461);
#19463=CARTESIAN_POINT('',(4.89,-2.73,8.89));
#19462=VERTEX_POINT('',#19463);
#19459=EDGE_CURVE('',#19460,#19462,#19464,.T.);
#19464=LINE('',#19461,#19466);
#19466=VECTOR('',#19467,0.381);
#19467=DIRECTION('',(-1.0,0.0,0.0));
#19458=ORIENTED_EDGE('',*,*,#19459,.F.);
#19471=CARTESIAN_POINT('',(5.27,-2.35,8.89));
#19470=VERTEX_POINT('',#19471);
#19469=EDGE_CURVE('',#19470,#19460,#19474,.T.);
#19474=LINE('',#19471,#19476);
#19476=VECTOR('',#19477,0.381);
#19477=DIRECTION('',(0.0,-1.0,0.0));
#19468=ORIENTED_EDGE('',*,*,#19469,.F.);
#19481=CARTESIAN_POINT('',(4.89,-2.35,8.89));
#19480=VERTEX_POINT('',#19481);
#19479=EDGE_CURVE('',#19480,#19470,#19484,.T.);
#19484=LINE('',#19481,#19486);
#19486=VECTOR('',#19487,0.381);
#19487=DIRECTION('',(1.0,0.0,0.0));
#19478=ORIENTED_EDGE('',*,*,#19479,.F.);
#19489=EDGE_CURVE('',#19462,#19480,#19494,.T.);
#19494=LINE('',#19463,#19496);
#19496=VECTOR('',#19497,0.381);
#19497=DIRECTION('',(0.0,1.0,0.0));
#19488=ORIENTED_EDGE('',*,*,#19489,.F.);
#19498=STYLED_ITEM('',(#34),#19499);
#19499=ADVANCED_FACE('',(#19505),#19500,.T.);
#19500=PLANE('',#19501);
#19501=AXIS2_PLACEMENT_3D('',#19502,#19503,#19504);
#19502=CARTESIAN_POINT('',(5.461,-2.921,8.7));
#19503=DIRECTION('',(0.707,0.0,0.707));
#19504=DIRECTION('',(0.,0.,1.));
#19505=FACE_OUTER_BOUND('',#19506,.T.);
#19506=EDGE_LOOP('',(#19507,#19517,#19527,#19537));
#19510=CARTESIAN_POINT('',(5.461,-2.159,8.7));
#19509=VERTEX_POINT('',#19510);
#19512=CARTESIAN_POINT('',(5.461,-2.921,8.7));
#19511=VERTEX_POINT('',#19512);
#19508=EDGE_CURVE('',#19509,#19511,#19513,.T.);
#19513=LINE('',#19510,#19515);
#19515=VECTOR('',#19516,0.762);
#19516=DIRECTION('',(0.0,-1.0,0.0));
#19507=ORIENTED_EDGE('',*,*,#19508,.F.);
#19518=EDGE_CURVE('',#19470,#19509,#19523,.T.);
#19523=LINE('',#19471,#19525);
#19525=VECTOR('',#19526,0.329955678841871);
#19526=DIRECTION('',(0.577,0.577,-0.577));
#19517=ORIENTED_EDGE('',*,*,#19518,.F.);
#19527=ORIENTED_EDGE('',*,*,#19469,.T.);
#19538=EDGE_CURVE('',#19511,#19460,#19543,.T.);
#19543=LINE('',#19512,#19545);
#19545=VECTOR('',#19546,0.329955678841871);
#19546=DIRECTION('',(-0.577,0.577,0.577));
#19537=ORIENTED_EDGE('',*,*,#19538,.F.);
#19547=STYLED_ITEM('',(#34),#19548);
#19548=ADVANCED_FACE('',(#19554),#19549,.T.);
#19549=PLANE('',#19550);
#19550=AXIS2_PLACEMENT_3D('',#19551,#19552,#19553);
#19551=CARTESIAN_POINT('',(5.461,-2.159,8.7));
#19552=DIRECTION('',(0.0,0.707,0.707));
#19553=DIRECTION('',(0.,0.,1.));
#19554=FACE_OUTER_BOUND('',#19555,.T.);
#19555=EDGE_LOOP('',(#19556,#19566,#19576,#19586));
#19559=CARTESIAN_POINT('',(4.699,-2.159,8.7));
#19558=VERTEX_POINT('',#19559);
#19557=EDGE_CURVE('',#19558,#19509,#19562,.T.);
#19562=LINE('',#19559,#19564);
#19564=VECTOR('',#19565,0.762);
#19565=DIRECTION('',(1.0,0.0,0.0));
#19556=ORIENTED_EDGE('',*,*,#19557,.F.);
#19567=EDGE_CURVE('',#19480,#19558,#19572,.T.);
#19572=LINE('',#19481,#19574);
#19574=VECTOR('',#19575,0.329955678841871);
#19575=DIRECTION('',(-0.577,0.577,-0.577));
#19566=ORIENTED_EDGE('',*,*,#19567,.F.);
#19576=ORIENTED_EDGE('',*,*,#19479,.T.);
#19586=ORIENTED_EDGE('',*,*,#19518,.T.);
#19596=STYLED_ITEM('',(#34),#19597);
#19597=ADVANCED_FACE('',(#19603),#19598,.T.);
#19598=PLANE('',#19599);
#19599=AXIS2_PLACEMENT_3D('',#19600,#19601,#19602);
#19600=CARTESIAN_POINT('',(4.699,-2.159,8.7));
#19601=DIRECTION('',(-0.707,0.0,0.707));
#19602=DIRECTION('',(0.,0.,1.));
#19603=FACE_OUTER_BOUND('',#19604,.T.);
#19604=EDGE_LOOP('',(#19605,#19615,#19625,#19635));
#19608=CARTESIAN_POINT('',(4.699,-2.921,8.7));
#19607=VERTEX_POINT('',#19608);
#19606=EDGE_CURVE('',#19607,#19558,#19611,.T.);
#19611=LINE('',#19608,#19613);
#19613=VECTOR('',#19614,0.762);
#19614=DIRECTION('',(0.0,1.0,0.0));
#19605=ORIENTED_EDGE('',*,*,#19606,.F.);
#19616=EDGE_CURVE('',#19462,#19607,#19621,.T.);
#19621=LINE('',#19463,#19623);
#19623=VECTOR('',#19624,0.329955678841871);
#19624=DIRECTION('',(-0.577,-0.577,-0.577));
#19615=ORIENTED_EDGE('',*,*,#19616,.F.);
#19625=ORIENTED_EDGE('',*,*,#19489,.T.);
#19635=ORIENTED_EDGE('',*,*,#19567,.T.);
#19645=STYLED_ITEM('',(#34),#19646);
#19646=ADVANCED_FACE('',(#19652),#19647,.T.);
#19647=PLANE('',#19648);
#19648=AXIS2_PLACEMENT_3D('',#19649,#19650,#19651);
#19649=CARTESIAN_POINT('',(4.699,-2.921,8.7));
#19650=DIRECTION('',(0.0,-0.707,0.707));
#19651=DIRECTION('',(0.,0.,1.));
#19652=FACE_OUTER_BOUND('',#19653,.T.);
#19653=EDGE_LOOP('',(#19654,#19664,#19674,#19684));
#19655=EDGE_CURVE('',#19511,#19607,#19660,.T.);
#19660=LINE('',#19512,#19662);
#19662=VECTOR('',#19663,0.762);
#19663=DIRECTION('',(-1.0,0.0,0.0));
#19654=ORIENTED_EDGE('',*,*,#19655,.F.);
#19664=ORIENTED_EDGE('',*,*,#19538,.T.);
#19674=ORIENTED_EDGE('',*,*,#19459,.T.);
#19684=ORIENTED_EDGE('',*,*,#19616,.T.);
#19694=STYLED_ITEM('',(#34),#19695);
#19695=ADVANCED_FACE('',(#19701),#19696,.T.);
#19696=PLANE('',#19697);
#19697=AXIS2_PLACEMENT_3D('',#19698,#19699,#19700);
#19698=CARTESIAN_POINT('',(5.461,-2.921,2.659));
#19699=DIRECTION('',(1.0,0.0,0.0));
#19700=DIRECTION('',(0.,0.,1.));
#19701=FACE_OUTER_BOUND('',#19702,.T.);
#19702=EDGE_LOOP('',(#19703,#19713,#19723,#19733));
#19706=CARTESIAN_POINT('',(5.461,-2.159,2.659));
#19705=VERTEX_POINT('',#19706);
#19708=CARTESIAN_POINT('',(5.461,-2.921,2.659));
#19707=VERTEX_POINT('',#19708);
#19704=EDGE_CURVE('',#19705,#19707,#19709,.T.);
#19709=LINE('',#19706,#19711);
#19711=VECTOR('',#19712,0.762);
#19712=DIRECTION('',(0.0,-1.0,0.0));
#19703=ORIENTED_EDGE('',*,*,#19704,.F.);
#19714=EDGE_CURVE('',#19509,#19705,#19719,.T.);
#19719=LINE('',#19510,#19721);
#19721=VECTOR('',#19722,6.0409693252);
#19722=DIRECTION('',(0.0,0.0,-1.0));
#19713=ORIENTED_EDGE('',*,*,#19714,.F.);
#19723=ORIENTED_EDGE('',*,*,#19508,.T.);
#19734=EDGE_CURVE('',#19707,#19511,#19739,.T.);
#19739=LINE('',#19708,#19741);
#19741=VECTOR('',#19742,6.0409693252);
#19742=DIRECTION('',(0.0,0.0,1.0));
#19733=ORIENTED_EDGE('',*,*,#19734,.F.);
#19743=STYLED_ITEM('',(#34),#19744);
#19744=ADVANCED_FACE('',(#19750),#19745,.T.);
#19745=PLANE('',#19746);
#19746=AXIS2_PLACEMENT_3D('',#19747,#19748,#19749);
#19747=CARTESIAN_POINT('',(5.461,-2.159,2.659));
#19748=DIRECTION('',(0.0,1.0,0.0));
#19749=DIRECTION('',(0.,0.,1.));
#19750=FACE_OUTER_BOUND('',#19751,.T.);
#19751=EDGE_LOOP('',(#19752,#19762,#19772,#19782));
#19755=CARTESIAN_POINT('',(4.699,-2.159,2.659));
#19754=VERTEX_POINT('',#19755);
#19753=EDGE_CURVE('',#19754,#19705,#19758,.T.);
#19758=LINE('',#19755,#19760);
#19760=VECTOR('',#19761,0.762);
#19761=DIRECTION('',(1.0,0.0,0.0));
#19752=ORIENTED_EDGE('',*,*,#19753,.F.);
#19763=EDGE_CURVE('',#19558,#19754,#19768,.T.);
#19768=LINE('',#19559,#19770);
#19770=VECTOR('',#19771,6.0409693252);
#19771=DIRECTION('',(0.0,0.0,-1.0));
#19762=ORIENTED_EDGE('',*,*,#19763,.F.);
#19772=ORIENTED_EDGE('',*,*,#19557,.T.);
#19782=ORIENTED_EDGE('',*,*,#19714,.T.);
#19792=STYLED_ITEM('',(#34),#19793);
#19793=ADVANCED_FACE('',(#19799),#19794,.T.);
#19794=PLANE('',#19795);
#19795=AXIS2_PLACEMENT_3D('',#19796,#19797,#19798);
#19796=CARTESIAN_POINT('',(4.699,-2.159,2.659));
#19797=DIRECTION('',(-1.0,0.0,0.0));
#19798=DIRECTION('',(0.,0.,1.));
#19799=FACE_OUTER_BOUND('',#19800,.T.);
#19800=EDGE_LOOP('',(#19801,#19811,#19821,#19831));
#19804=CARTESIAN_POINT('',(4.699,-2.921,2.659));
#19803=VERTEX_POINT('',#19804);
#19802=EDGE_CURVE('',#19803,#19754,#19807,.T.);
#19807=LINE('',#19804,#19809);
#19809=VECTOR('',#19810,0.762);
#19810=DIRECTION('',(0.0,1.0,0.0));
#19801=ORIENTED_EDGE('',*,*,#19802,.F.);
#19812=EDGE_CURVE('',#19607,#19803,#19817,.T.);
#19817=LINE('',#19608,#19819);
#19819=VECTOR('',#19820,6.0409693252);
#19820=DIRECTION('',(0.0,0.0,-1.0));
#19811=ORIENTED_EDGE('',*,*,#19812,.F.);
#19821=ORIENTED_EDGE('',*,*,#19606,.T.);
#19831=ORIENTED_EDGE('',*,*,#19763,.T.);
#19841=STYLED_ITEM('',(#34),#19842);
#19842=ADVANCED_FACE('',(#19848),#19843,.T.);
#19843=PLANE('',#19844);
#19844=AXIS2_PLACEMENT_3D('',#19845,#19846,#19847);
#19845=CARTESIAN_POINT('',(4.699,-2.921,2.659));
#19846=DIRECTION('',(0.0,-1.0,0.0));
#19847=DIRECTION('',(0.,0.,1.));
#19848=FACE_OUTER_BOUND('',#19849,.T.);
#19849=EDGE_LOOP('',(#19850,#19860,#19870,#19880));
#19851=EDGE_CURVE('',#19707,#19803,#19856,.T.);
#19856=LINE('',#19708,#19858);
#19858=VECTOR('',#19859,0.762);
#19859=DIRECTION('',(-1.0,0.0,0.0));
#19850=ORIENTED_EDGE('',*,*,#19851,.F.);
#19860=ORIENTED_EDGE('',*,*,#19734,.T.);
#19870=ORIENTED_EDGE('',*,*,#19655,.T.);
#19880=ORIENTED_EDGE('',*,*,#19812,.T.);
#19890=STYLED_ITEM('',(#34),#19891);
#19891=ADVANCED_FACE('',(#19897),#19892,.T.);
#19892=PLANE('',#19893);
#19893=AXIS2_PLACEMENT_3D('',#19894,#19895,#19896);
#19894=CARTESIAN_POINT('',(4.699,-2.159,2.659));
#19895=DIRECTION('',(0.0,0.0,-1.0));
#19896=DIRECTION('',(0.,1.,0.));
#19897=FACE_OUTER_BOUND('',#19898,.T.);
#19898=EDGE_LOOP('',(#19899,#19909,#19919,#19929));
#19899=ORIENTED_EDGE('',*,*,#19753,.T.);
#19909=ORIENTED_EDGE('',*,*,#19704,.T.);
#19919=ORIENTED_EDGE('',*,*,#19851,.T.);
#19929=ORIENTED_EDGE('',*,*,#19802,.T.);
#19939=STYLED_ITEM('',(#34),#19940);
#19940=ADVANCED_FACE('',(#19946),#19941,.T.);
#19941=PLANE('',#19942);
#19942=AXIS2_PLACEMENT_3D('',#19943,#19944,#19945);
#19943=CARTESIAN_POINT('',(4.699,-2.921,0.0));
#19944=DIRECTION('',(0.0,0.0,1.0));
#19945=DIRECTION('',(0.,1.,0.));
#19946=FACE_OUTER_BOUND('',#19947,.T.);
#19947=EDGE_LOOP('',(#19948,#19958,#19968,#19978));
#19951=CARTESIAN_POINT('',(5.461,-2.921,0.0));
#19950=VERTEX_POINT('',#19951);
#19953=CARTESIAN_POINT('',(4.699,-2.921,0.0));
#19952=VERTEX_POINT('',#19953);
#19949=EDGE_CURVE('',#19950,#19952,#19954,.T.);
#19954=LINE('',#19951,#19956);
#19956=VECTOR('',#19957,0.762);
#19957=DIRECTION('',(-1.0,0.0,0.0));
#19948=ORIENTED_EDGE('',*,*,#19949,.F.);
#19961=CARTESIAN_POINT('',(5.461,-2.159,0.0));
#19960=VERTEX_POINT('',#19961);
#19959=EDGE_CURVE('',#19960,#19950,#19964,.T.);
#19964=LINE('',#19961,#19966);
#19966=VECTOR('',#19967,0.762);
#19967=DIRECTION('',(0.0,-1.0,0.0));
#19958=ORIENTED_EDGE('',*,*,#19959,.F.);
#19971=CARTESIAN_POINT('',(4.699,-2.159,0.0));
#19970=VERTEX_POINT('',#19971);
#19969=EDGE_CURVE('',#19970,#19960,#19974,.T.);
#19974=LINE('',#19971,#19976);
#19976=VECTOR('',#19977,0.762);
#19977=DIRECTION('',(1.0,0.0,0.0));
#19968=ORIENTED_EDGE('',*,*,#19969,.F.);
#19979=EDGE_CURVE('',#19952,#19970,#19984,.T.);
#19984=LINE('',#19953,#19986);
#19986=VECTOR('',#19987,0.762);
#19987=DIRECTION('',(0.0,1.0,0.0));
#19978=ORIENTED_EDGE('',*,*,#19979,.F.);
#19988=STYLED_ITEM('',(#34),#19989);
#19989=ADVANCED_FACE('',(#19995),#19990,.T.);
#19990=PLANE('',#19991);
#19991=AXIS2_PLACEMENT_3D('',#19992,#19993,#19994);
#19992=CARTESIAN_POINT('',(5.461,-2.921,-4.89));
#19993=DIRECTION('',(1.0,0.0,0.0));
#19994=DIRECTION('',(0.,0.,1.));
#19995=FACE_OUTER_BOUND('',#19996,.T.);
#19996=EDGE_LOOP('',(#19997,#20007,#20017,#20027));
#20000=CARTESIAN_POINT('',(5.461,-2.159,-4.89));
#19999=VERTEX_POINT('',#20000);
#20002=CARTESIAN_POINT('',(5.461,-2.921,-4.89));
#20001=VERTEX_POINT('',#20002);
#19998=EDGE_CURVE('',#19999,#20001,#20003,.T.);
#20003=LINE('',#20000,#20005);
#20005=VECTOR('',#20006,0.762);
#20006=DIRECTION('',(0.0,-1.0,0.0));
#19997=ORIENTED_EDGE('',*,*,#19998,.F.);
#20008=EDGE_CURVE('',#19960,#19999,#20013,.T.);
#20013=LINE('',#19961,#20015);
#20015=VECTOR('',#20016,4.8895);
#20016=DIRECTION('',(0.0,0.0,-1.0));
#20007=ORIENTED_EDGE('',*,*,#20008,.F.);
#20017=ORIENTED_EDGE('',*,*,#19959,.T.);
#20028=EDGE_CURVE('',#20001,#19950,#20033,.T.);
#20033=LINE('',#20002,#20035);
#20035=VECTOR('',#20036,4.8895);
#20036=DIRECTION('',(0.0,0.0,1.0));
#20027=ORIENTED_EDGE('',*,*,#20028,.F.);
#20037=STYLED_ITEM('',(#34),#20038);
#20038=ADVANCED_FACE('',(#20044),#20039,.T.);
#20039=PLANE('',#20040);
#20040=AXIS2_PLACEMENT_3D('',#20041,#20042,#20043);
#20041=CARTESIAN_POINT('',(5.461,-2.159,-4.89));
#20042=DIRECTION('',(0.0,1.0,0.0));
#20043=DIRECTION('',(0.,0.,1.));
#20044=FACE_OUTER_BOUND('',#20045,.T.);
#20045=EDGE_LOOP('',(#20046,#20056,#20066,#20076));
#20049=CARTESIAN_POINT('',(4.699,-2.159,-4.89));
#20048=VERTEX_POINT('',#20049);
#20047=EDGE_CURVE('',#20048,#19999,#20052,.T.);
#20052=LINE('',#20049,#20054);
#20054=VECTOR('',#20055,0.762);
#20055=DIRECTION('',(1.0,0.0,0.0));
#20046=ORIENTED_EDGE('',*,*,#20047,.F.);
#20057=EDGE_CURVE('',#19970,#20048,#20062,.T.);
#20062=LINE('',#19971,#20064);
#20064=VECTOR('',#20065,4.8895);
#20065=DIRECTION('',(0.0,0.0,-1.0));
#20056=ORIENTED_EDGE('',*,*,#20057,.F.);
#20066=ORIENTED_EDGE('',*,*,#19969,.T.);
#20076=ORIENTED_EDGE('',*,*,#20008,.T.);
#20086=STYLED_ITEM('',(#34),#20087);
#20087=ADVANCED_FACE('',(#20093),#20088,.T.);
#20088=PLANE('',#20089);
#20089=AXIS2_PLACEMENT_3D('',#20090,#20091,#20092);
#20090=CARTESIAN_POINT('',(4.699,-2.159,-4.89));
#20091=DIRECTION('',(-1.0,0.0,0.0));
#20092=DIRECTION('',(0.,0.,1.));
#20093=FACE_OUTER_BOUND('',#20094,.T.);
#20094=EDGE_LOOP('',(#20095,#20105,#20115,#20125));
#20098=CARTESIAN_POINT('',(4.699,-2.921,-4.89));
#20097=VERTEX_POINT('',#20098);
#20096=EDGE_CURVE('',#20097,#20048,#20101,.T.);
#20101=LINE('',#20098,#20103);
#20103=VECTOR('',#20104,0.762);
#20104=DIRECTION('',(0.0,1.0,0.0));
#20095=ORIENTED_EDGE('',*,*,#20096,.F.);
#20106=EDGE_CURVE('',#19952,#20097,#20111,.T.);
#20111=LINE('',#19953,#20113);
#20113=VECTOR('',#20114,4.8895);
#20114=DIRECTION('',(0.0,0.0,-1.0));
#20105=ORIENTED_EDGE('',*,*,#20106,.F.);
#20115=ORIENTED_EDGE('',*,*,#19979,.T.);
#20125=ORIENTED_EDGE('',*,*,#20057,.T.);
#20135=STYLED_ITEM('',(#34),#20136);
#20136=ADVANCED_FACE('',(#20142),#20137,.T.);
#20137=PLANE('',#20138);
#20138=AXIS2_PLACEMENT_3D('',#20139,#20140,#20141);
#20139=CARTESIAN_POINT('',(4.699,-2.921,-4.89));
#20140=DIRECTION('',(0.0,-1.0,0.0));
#20141=DIRECTION('',(0.,0.,1.));
#20142=FACE_OUTER_BOUND('',#20143,.T.);
#20143=EDGE_LOOP('',(#20144,#20154,#20164,#20174));
#20145=EDGE_CURVE('',#20001,#20097,#20150,.T.);
#20150=LINE('',#20002,#20152);
#20152=VECTOR('',#20153,0.762);
#20153=DIRECTION('',(-1.0,0.0,0.0));
#20144=ORIENTED_EDGE('',*,*,#20145,.F.);
#20154=ORIENTED_EDGE('',*,*,#20028,.T.);
#20164=ORIENTED_EDGE('',*,*,#19949,.T.);
#20174=ORIENTED_EDGE('',*,*,#20106,.T.);
#20184=STYLED_ITEM('',(#34),#20185);
#20185=ADVANCED_FACE('',(#20191),#20186,.T.);
#20186=PLANE('',#20187);
#20187=AXIS2_PLACEMENT_3D('',#20188,#20189,#20190);
#20188=CARTESIAN_POINT('',(5.27,-2.73,-5.08));
#20189=DIRECTION('',(0.707,0.0,-0.707));
#20190=DIRECTION('',(0.,0.,1.));
#20191=FACE_OUTER_BOUND('',#20192,.T.);
#20192=EDGE_LOOP('',(#20193,#20203,#20213,#20223));
#20196=CARTESIAN_POINT('',(5.27,-2.35,-5.08));
#20195=VERTEX_POINT('',#20196);
#20198=CARTESIAN_POINT('',(5.27,-2.73,-5.08));
#20197=VERTEX_POINT('',#20198);
#20194=EDGE_CURVE('',#20195,#20197,#20199,.T.);
#20199=LINE('',#20196,#20201);
#20201=VECTOR('',#20202,0.381);
#20202=DIRECTION('',(0.0,-1.0,0.0));
#20193=ORIENTED_EDGE('',*,*,#20194,.F.);
#20204=EDGE_CURVE('',#19999,#20195,#20209,.T.);
#20209=LINE('',#20000,#20211);
#20211=VECTOR('',#20212,0.329955678841871);
#20212=DIRECTION('',(-0.577,-0.577,-0.577));
#20203=ORIENTED_EDGE('',*,*,#20204,.F.);
#20213=ORIENTED_EDGE('',*,*,#19998,.T.);
#20224=EDGE_CURVE('',#20197,#20001,#20229,.T.);
#20229=LINE('',#20198,#20231);
#20231=VECTOR('',#20232,0.329955678841871);
#20232=DIRECTION('',(0.577,-0.577,0.577));
#20223=ORIENTED_EDGE('',*,*,#20224,.F.);
#20233=STYLED_ITEM('',(#34),#20234);
#20234=ADVANCED_FACE('',(#20240),#20235,.T.);
#20235=PLANE('',#20236);
#20236=AXIS2_PLACEMENT_3D('',#20237,#20238,#20239);
#20237=CARTESIAN_POINT('',(5.27,-2.35,-5.08));
#20238=DIRECTION('',(0.0,0.707,-0.707));
#20239=DIRECTION('',(0.,0.,1.));
#20240=FACE_OUTER_BOUND('',#20241,.T.);
#20241=EDGE_LOOP('',(#20242,#20252,#20262,#20272));
#20245=CARTESIAN_POINT('',(4.89,-2.35,-5.08));
#20244=VERTEX_POINT('',#20245);
#20243=EDGE_CURVE('',#20244,#20195,#20248,.T.);
#20248=LINE('',#20245,#20250);
#20250=VECTOR('',#20251,0.381);
#20251=DIRECTION('',(1.0,0.0,0.0));
#20242=ORIENTED_EDGE('',*,*,#20243,.F.);
#20253=EDGE_CURVE('',#20048,#20244,#20258,.T.);
#20258=LINE('',#20049,#20260);
#20260=VECTOR('',#20261,0.329955678841871);
#20261=DIRECTION('',(0.577,-0.577,-0.577));
#20252=ORIENTED_EDGE('',*,*,#20253,.F.);
#20262=ORIENTED_EDGE('',*,*,#20047,.T.);
#20272=ORIENTED_EDGE('',*,*,#20204,.T.);
#20282=STYLED_ITEM('',(#34),#20283);
#20283=ADVANCED_FACE('',(#20289),#20284,.T.);
#20284=PLANE('',#20285);
#20285=AXIS2_PLACEMENT_3D('',#20286,#20287,#20288);
#20286=CARTESIAN_POINT('',(4.89,-2.35,-5.08));
#20287=DIRECTION('',(-0.707,0.0,-0.707));
#20288=DIRECTION('',(0.,0.,1.));
#20289=FACE_OUTER_BOUND('',#20290,.T.);
#20290=EDGE_LOOP('',(#20291,#20301,#20311,#20321));
#20294=CARTESIAN_POINT('',(4.89,-2.73,-5.08));
#20293=VERTEX_POINT('',#20294);
#20292=EDGE_CURVE('',#20293,#20244,#20297,.T.);
#20297=LINE('',#20294,#20299);
#20299=VECTOR('',#20300,0.381);
#20300=DIRECTION('',(0.0,1.0,0.0));
#20291=ORIENTED_EDGE('',*,*,#20292,.F.);
#20302=EDGE_CURVE('',#20097,#20293,#20307,.T.);
#20307=LINE('',#20098,#20309);
#20309=VECTOR('',#20310,0.329955678841871);
#20310=DIRECTION('',(0.577,0.577,-0.577));
#20301=ORIENTED_EDGE('',*,*,#20302,.F.);
#20311=ORIENTED_EDGE('',*,*,#20096,.T.);
#20321=ORIENTED_EDGE('',*,*,#20253,.T.);
#20331=STYLED_ITEM('',(#34),#20332);
#20332=ADVANCED_FACE('',(#20338),#20333,.T.);
#20333=PLANE('',#20334);
#20334=AXIS2_PLACEMENT_3D('',#20335,#20336,#20337);
#20335=CARTESIAN_POINT('',(4.89,-2.73,-5.08));
#20336=DIRECTION('',(0.0,-0.707,-0.707));
#20337=DIRECTION('',(0.,0.,1.));
#20338=FACE_OUTER_BOUND('',#20339,.T.);
#20339=EDGE_LOOP('',(#20340,#20350,#20360,#20370));
#20341=EDGE_CURVE('',#20197,#20293,#20346,.T.);
#20346=LINE('',#20198,#20348);
#20348=VECTOR('',#20349,0.381);
#20349=DIRECTION('',(-1.0,0.0,0.0));
#20340=ORIENTED_EDGE('',*,*,#20341,.F.);
#20350=ORIENTED_EDGE('',*,*,#20224,.T.);
#20360=ORIENTED_EDGE('',*,*,#20145,.T.);
#20370=ORIENTED_EDGE('',*,*,#20302,.T.);
#20380=STYLED_ITEM('',(#34),#20381);
#20381=ADVANCED_FACE('',(#20387),#20382,.T.);
#20382=PLANE('',#20383);
#20383=AXIS2_PLACEMENT_3D('',#20384,#20385,#20386);
#20384=CARTESIAN_POINT('',(4.89,-2.35,-5.08));
#20385=DIRECTION('',(0.0,0.0,-1.0));
#20386=DIRECTION('',(0.,1.,0.));
#20387=FACE_OUTER_BOUND('',#20388,.T.);
#20388=EDGE_LOOP('',(#20389,#20399,#20409,#20419));
#20389=ORIENTED_EDGE('',*,*,#20243,.T.);
#20399=ORIENTED_EDGE('',*,*,#20194,.T.);
#20409=ORIENTED_EDGE('',*,*,#20341,.T.);
#20419=ORIENTED_EDGE('',*,*,#20292,.T.);
#20429=MANIFOLD_SOLID_BREP($,#20430);
#20430=CLOSED_SHELL('',(#20434,#20483,#20532,#20581,#20630,#20679,#20728,#20777,#20826,#20875));
#20431=MANIFOLD_SOLID_BREP($,#20432);
#20432=CLOSED_SHELL('',(#20924,#20973,#21022,#21071,#21120,#21169,#21218,#21267,#21316,#21365));
#20433=STYLED_ITEM('',(#34),#20434);
#20434=ADVANCED_FACE('',(#20440),#20435,.T.);
#20435=PLANE('',#20436);
#20436=AXIS2_PLACEMENT_3D('',#20437,#20438,#20439);
#20437=CARTESIAN_POINT('',(2.35,-2.73,8.89));
#20438=DIRECTION('',(0.0,0.0,1.0));
#20439=DIRECTION('',(0.,1.,0.));
#20440=FACE_OUTER_BOUND('',#20441,.T.);
#20441=EDGE_LOOP('',(#20442,#20452,#20462,#20472));
#20445=CARTESIAN_POINT('',(2.73,-2.73,8.89));
#20444=VERTEX_POINT('',#20445);
#20447=CARTESIAN_POINT('',(2.35,-2.73,8.89));
#20446=VERTEX_POINT('',#20447);
#20443=EDGE_CURVE('',#20444,#20446,#20448,.T.);
#20448=LINE('',#20445,#20450);
#20450=VECTOR('',#20451,0.381);
#20451=DIRECTION('',(-1.0,0.0,0.0));
#20442=ORIENTED_EDGE('',*,*,#20443,.F.);
#20455=CARTESIAN_POINT('',(2.73,-2.35,8.89));
#20454=VERTEX_POINT('',#20455);
#20453=EDGE_CURVE('',#20454,#20444,#20458,.T.);
#20458=LINE('',#20455,#20460);
#20460=VECTOR('',#20461,0.381);
#20461=DIRECTION('',(0.0,-1.0,0.0));
#20452=ORIENTED_EDGE('',*,*,#20453,.F.);
#20465=CARTESIAN_POINT('',(2.35,-2.35,8.89));
#20464=VERTEX_POINT('',#20465);
#20463=EDGE_CURVE('',#20464,#20454,#20468,.T.);
#20468=LINE('',#20465,#20470);
#20470=VECTOR('',#20471,0.381);
#20471=DIRECTION('',(1.0,0.0,0.0));
#20462=ORIENTED_EDGE('',*,*,#20463,.F.);
#20473=EDGE_CURVE('',#20446,#20464,#20478,.T.);
#20478=LINE('',#20447,#20480);
#20480=VECTOR('',#20481,0.381);
#20481=DIRECTION('',(0.0,1.0,0.0));
#20472=ORIENTED_EDGE('',*,*,#20473,.F.);
#20482=STYLED_ITEM('',(#34),#20483);
#20483=ADVANCED_FACE('',(#20489),#20484,.T.);
#20484=PLANE('',#20485);
#20485=AXIS2_PLACEMENT_3D('',#20486,#20487,#20488);
#20486=CARTESIAN_POINT('',(2.921,-2.921,8.7));
#20487=DIRECTION('',(0.707,0.0,0.707));
#20488=DIRECTION('',(0.,0.,1.));
#20489=FACE_OUTER_BOUND('',#20490,.T.);
#20490=EDGE_LOOP('',(#20491,#20501,#20511,#20521));
#20494=CARTESIAN_POINT('',(2.921,-2.159,8.7));
#20493=VERTEX_POINT('',#20494);
#20496=CARTESIAN_POINT('',(2.921,-2.921,8.7));
#20495=VERTEX_POINT('',#20496);
#20492=EDGE_CURVE('',#20493,#20495,#20497,.T.);
#20497=LINE('',#20494,#20499);
#20499=VECTOR('',#20500,0.762);
#20500=DIRECTION('',(0.0,-1.0,0.0));
#20491=ORIENTED_EDGE('',*,*,#20492,.F.);
#20502=EDGE_CURVE('',#20454,#20493,#20507,.T.);
#20507=LINE('',#20455,#20509);
#20509=VECTOR('',#20510,0.329955678841871);
#20510=DIRECTION('',(0.577,0.577,-0.577));
#20501=ORIENTED_EDGE('',*,*,#20502,.F.);
#20511=ORIENTED_EDGE('',*,*,#20453,.T.);
#20522=EDGE_CURVE('',#20495,#20444,#20527,.T.);
#20527=LINE('',#20496,#20529);
#20529=VECTOR('',#20530,0.329955678841871);
#20530=DIRECTION('',(-0.577,0.577,0.577));
#20521=ORIENTED_EDGE('',*,*,#20522,.F.);
#20531=STYLED_ITEM('',(#34),#20532);
#20532=ADVANCED_FACE('',(#20538),#20533,.T.);
#20533=PLANE('',#20534);
#20534=AXIS2_PLACEMENT_3D('',#20535,#20536,#20537);
#20535=CARTESIAN_POINT('',(2.921,-2.159,8.7));
#20536=DIRECTION('',(0.0,0.707,0.707));
#20537=DIRECTION('',(0.,0.,1.));
#20538=FACE_OUTER_BOUND('',#20539,.T.);
#20539=EDGE_LOOP('',(#20540,#20550,#20560,#20570));
#20543=CARTESIAN_POINT('',(2.159,-2.159,8.7));
#20542=VERTEX_POINT('',#20543);
#20541=EDGE_CURVE('',#20542,#20493,#20546,.T.);
#20546=LINE('',#20543,#20548);
#20548=VECTOR('',#20549,0.762);
#20549=DIRECTION('',(1.0,0.0,0.0));
#20540=ORIENTED_EDGE('',*,*,#20541,.F.);
#20551=EDGE_CURVE('',#20464,#20542,#20556,.T.);
#20556=LINE('',#20465,#20558);
#20558=VECTOR('',#20559,0.329955678841871);
#20559=DIRECTION('',(-0.577,0.577,-0.577));
#20550=ORIENTED_EDGE('',*,*,#20551,.F.);
#20560=ORIENTED_EDGE('',*,*,#20463,.T.);
#20570=ORIENTED_EDGE('',*,*,#20502,.T.);
#20580=STYLED_ITEM('',(#34),#20581);
#20581=ADVANCED_FACE('',(#20587),#20582,.T.);
#20582=PLANE('',#20583);
#20583=AXIS2_PLACEMENT_3D('',#20584,#20585,#20586);
#20584=CARTESIAN_POINT('',(2.159,-2.159,8.7));
#20585=DIRECTION('',(-0.707,0.0,0.707));
#20586=DIRECTION('',(0.,0.,1.));
#20587=FACE_OUTER_BOUND('',#20588,.T.);
#20588=EDGE_LOOP('',(#20589,#20599,#20609,#20619));
#20592=CARTESIAN_POINT('',(2.159,-2.921,8.7));
#20591=VERTEX_POINT('',#20592);
#20590=EDGE_CURVE('',#20591,#20542,#20595,.T.);
#20595=LINE('',#20592,#20597);
#20597=VECTOR('',#20598,0.762);
#20598=DIRECTION('',(0.0,1.0,0.0));
#20589=ORIENTED_EDGE('',*,*,#20590,.F.);
#20600=EDGE_CURVE('',#20446,#20591,#20605,.T.);
#20605=LINE('',#20447,#20607);
#20607=VECTOR('',#20608,0.329955678841871);
#20608=DIRECTION('',(-0.577,-0.577,-0.577));
#20599=ORIENTED_EDGE('',*,*,#20600,.F.);
#20609=ORIENTED_EDGE('',*,*,#20473,.T.);
#20619=ORIENTED_EDGE('',*,*,#20551,.T.);
#20629=STYLED_ITEM('',(#34),#20630);
#20630=ADVANCED_FACE('',(#20636),#20631,.T.);
#20631=PLANE('',#20632);
#20632=AXIS2_PLACEMENT_3D('',#20633,#20634,#20635);
#20633=CARTESIAN_POINT('',(2.159,-2.921,8.7));
#20634=DIRECTION('',(0.0,-0.707,0.707));
#20635=DIRECTION('',(0.,0.,1.));
#20636=FACE_OUTER_BOUND('',#20637,.T.);
#20637=EDGE_LOOP('',(#20638,#20648,#20658,#20668));
#20639=EDGE_CURVE('',#20495,#20591,#20644,.T.);
#20644=LINE('',#20496,#20646);
#20646=VECTOR('',#20647,0.762);
#20647=DIRECTION('',(-1.0,0.0,0.0));
#20638=ORIENTED_EDGE('',*,*,#20639,.F.);
#20648=ORIENTED_EDGE('',*,*,#20522,.T.);
#20658=ORIENTED_EDGE('',*,*,#20443,.T.);
#20668=ORIENTED_EDGE('',*,*,#20600,.T.);
#20678=STYLED_ITEM('',(#34),#20679);
#20679=ADVANCED_FACE('',(#20685),#20680,.T.);
#20680=PLANE('',#20681);
#20681=AXIS2_PLACEMENT_3D('',#20682,#20683,#20684);
#20682=CARTESIAN_POINT('',(2.921,-2.921,2.659));
#20683=DIRECTION('',(1.0,0.0,0.0));
#20684=DIRECTION('',(0.,0.,1.));
#20685=FACE_OUTER_BOUND('',#20686,.T.);
#20686=EDGE_LOOP('',(#20687,#20697,#20707,#20717));
#20690=CARTESIAN_POINT('',(2.921,-2.159,2.659));
#20689=VERTEX_POINT('',#20690);
#20692=CARTESIAN_POINT('',(2.921,-2.921,2.659));
#20691=VERTEX_POINT('',#20692);
#20688=EDGE_CURVE('',#20689,#20691,#20693,.T.);
#20693=LINE('',#20690,#20695);
#20695=VECTOR('',#20696,0.762);
#20696=DIRECTION('',(0.0,-1.0,0.0));
#20687=ORIENTED_EDGE('',*,*,#20688,.F.);
#20698=EDGE_CURVE('',#20493,#20689,#20703,.T.);
#20703=LINE('',#20494,#20705);
#20705=VECTOR('',#20706,6.0409693252);
#20706=DIRECTION('',(0.0,0.0,-1.0));
#20697=ORIENTED_EDGE('',*,*,#20698,.F.);
#20707=ORIENTED_EDGE('',*,*,#20492,.T.);
#20718=EDGE_CURVE('',#20691,#20495,#20723,.T.);
#20723=LINE('',#20692,#20725);
#20725=VECTOR('',#20726,6.0409693252);
#20726=DIRECTION('',(0.0,0.0,1.0));
#20717=ORIENTED_EDGE('',*,*,#20718,.F.);
#20727=STYLED_ITEM('',(#34),#20728);
#20728=ADVANCED_FACE('',(#20734),#20729,.T.);
#20729=PLANE('',#20730);
#20730=AXIS2_PLACEMENT_3D('',#20731,#20732,#20733);
#20731=CARTESIAN_POINT('',(2.921,-2.159,2.659));
#20732=DIRECTION('',(0.0,1.0,0.0));
#20733=DIRECTION('',(0.,0.,1.));
#20734=FACE_OUTER_BOUND('',#20735,.T.);
#20735=EDGE_LOOP('',(#20736,#20746,#20756,#20766));
#20739=CARTESIAN_POINT('',(2.159,-2.159,2.659));
#20738=VERTEX_POINT('',#20739);
#20737=EDGE_CURVE('',#20738,#20689,#20742,.T.);
#20742=LINE('',#20739,#20744);
#20744=VECTOR('',#20745,0.762);
#20745=DIRECTION('',(1.0,0.0,0.0));
#20736=ORIENTED_EDGE('',*,*,#20737,.F.);
#20747=EDGE_CURVE('',#20542,#20738,#20752,.T.);
#20752=LINE('',#20543,#20754);
#20754=VECTOR('',#20755,6.0409693252);
#20755=DIRECTION('',(0.0,0.0,-1.0));
#20746=ORIENTED_EDGE('',*,*,#20747,.F.);
#20756=ORIENTED_EDGE('',*,*,#20541,.T.);
#20766=ORIENTED_EDGE('',*,*,#20698,.T.);
#20776=STYLED_ITEM('',(#34),#20777);
#20777=ADVANCED_FACE('',(#20783),#20778,.T.);
#20778=PLANE('',#20779);
#20779=AXIS2_PLACEMENT_3D('',#20780,#20781,#20782);
#20780=CARTESIAN_POINT('',(2.159,-2.159,2.659));
#20781=DIRECTION('',(-1.0,0.0,0.0));
#20782=DIRECTION('',(0.,0.,1.));
#20783=FACE_OUTER_BOUND('',#20784,.T.);
#20784=EDGE_LOOP('',(#20785,#20795,#20805,#20815));
#20788=CARTESIAN_POINT('',(2.159,-2.921,2.659));
#20787=VERTEX_POINT('',#20788);
#20786=EDGE_CURVE('',#20787,#20738,#20791,.T.);
#20791=LINE('',#20788,#20793);
#20793=VECTOR('',#20794,0.762);
#20794=DIRECTION('',(0.0,1.0,0.0));
#20785=ORIENTED_EDGE('',*,*,#20786,.F.);
#20796=EDGE_CURVE('',#20591,#20787,#20801,.T.);
#20801=LINE('',#20592,#20803);
#20803=VECTOR('',#20804,6.0409693252);
#20804=DIRECTION('',(0.0,0.0,-1.0));
#20795=ORIENTED_EDGE('',*,*,#20796,.F.);
#20805=ORIENTED_EDGE('',*,*,#20590,.T.);
#20815=ORIENTED_EDGE('',*,*,#20747,.T.);
#20825=STYLED_ITEM('',(#34),#20826);
#20826=ADVANCED_FACE('',(#20832),#20827,.T.);
#20827=PLANE('',#20828);
#20828=AXIS2_PLACEMENT_3D('',#20829,#20830,#20831);
#20829=CARTESIAN_POINT('',(2.159,-2.921,2.659));
#20830=DIRECTION('',(0.0,-1.0,0.0));
#20831=DIRECTION('',(0.,0.,1.));
#20832=FACE_OUTER_BOUND('',#20833,.T.);
#20833=EDGE_LOOP('',(#20834,#20844,#20854,#20864));
#20835=EDGE_CURVE('',#20691,#20787,#20840,.T.);
#20840=LINE('',#20692,#20842);
#20842=VECTOR('',#20843,0.762);
#20843=DIRECTION('',(-1.0,0.0,0.0));
#20834=ORIENTED_EDGE('',*,*,#20835,.F.);
#20844=ORIENTED_EDGE('',*,*,#20718,.T.);
#20854=ORIENTED_EDGE('',*,*,#20639,.T.);
#20864=ORIENTED_EDGE('',*,*,#20796,.T.);
#20874=STYLED_ITEM('',(#34),#20875);
#20875=ADVANCED_FACE('',(#20881),#20876,.T.);
#20876=PLANE('',#20877);
#20877=AXIS2_PLACEMENT_3D('',#20878,#20879,#20880);
#20878=CARTESIAN_POINT('',(2.159,-2.159,2.659));
#20879=DIRECTION('',(0.0,0.0,-1.0));
#20880=DIRECTION('',(0.,1.,0.));
#20881=FACE_OUTER_BOUND('',#20882,.T.);
#20882=EDGE_LOOP('',(#20883,#20893,#20903,#20913));
#20883=ORIENTED_EDGE('',*,*,#20737,.T.);
#20893=ORIENTED_EDGE('',*,*,#20688,.T.);
#20903=ORIENTED_EDGE('',*,*,#20835,.T.);
#20913=ORIENTED_EDGE('',*,*,#20786,.T.);
#20923=STYLED_ITEM('',(#34),#20924);
#20924=ADVANCED_FACE('',(#20930),#20925,.T.);
#20925=PLANE('',#20926);
#20926=AXIS2_PLACEMENT_3D('',#20927,#20928,#20929);
#20927=CARTESIAN_POINT('',(2.159,-2.921,0.0));
#20928=DIRECTION('',(0.0,0.0,1.0));
#20929=DIRECTION('',(0.,1.,0.));
#20930=FACE_OUTER_BOUND('',#20931,.T.);
#20931=EDGE_LOOP('',(#20932,#20942,#20952,#20962));
#20935=CARTESIAN_POINT('',(2.921,-2.921,0.0));
#20934=VERTEX_POINT('',#20935);
#20937=CARTESIAN_POINT('',(2.159,-2.921,0.0));
#20936=VERTEX_POINT('',#20937);
#20933=EDGE_CURVE('',#20934,#20936,#20938,.T.);
#20938=LINE('',#20935,#20940);
#20940=VECTOR('',#20941,0.762);
#20941=DIRECTION('',(-1.0,0.0,0.0));
#20932=ORIENTED_EDGE('',*,*,#20933,.F.);
#20945=CARTESIAN_POINT('',(2.921,-2.159,0.0));
#20944=VERTEX_POINT('',#20945);
#20943=EDGE_CURVE('',#20944,#20934,#20948,.T.);
#20948=LINE('',#20945,#20950);
#20950=VECTOR('',#20951,0.762);
#20951=DIRECTION('',(0.0,-1.0,0.0));
#20942=ORIENTED_EDGE('',*,*,#20943,.F.);
#20955=CARTESIAN_POINT('',(2.159,-2.159,0.0));
#20954=VERTEX_POINT('',#20955);
#20953=EDGE_CURVE('',#20954,#20944,#20958,.T.);
#20958=LINE('',#20955,#20960);
#20960=VECTOR('',#20961,0.762);
#20961=DIRECTION('',(1.0,0.0,0.0));
#20952=ORIENTED_EDGE('',*,*,#20953,.F.);
#20963=EDGE_CURVE('',#20936,#20954,#20968,.T.);
#20968=LINE('',#20937,#20970);
#20970=VECTOR('',#20971,0.762);
#20971=DIRECTION('',(0.0,1.0,0.0));
#20962=ORIENTED_EDGE('',*,*,#20963,.F.);
#20972=STYLED_ITEM('',(#34),#20973);
#20973=ADVANCED_FACE('',(#20979),#20974,.T.);
#20974=PLANE('',#20975);
#20975=AXIS2_PLACEMENT_3D('',#20976,#20977,#20978);
#20976=CARTESIAN_POINT('',(2.921,-2.921,-4.89));
#20977=DIRECTION('',(1.0,0.0,0.0));
#20978=DIRECTION('',(0.,0.,1.));
#20979=FACE_OUTER_BOUND('',#20980,.T.);
#20980=EDGE_LOOP('',(#20981,#20991,#21001,#21011));
#20984=CARTESIAN_POINT('',(2.921,-2.159,-4.89));
#20983=VERTEX_POINT('',#20984);
#20986=CARTESIAN_POINT('',(2.921,-2.921,-4.89));
#20985=VERTEX_POINT('',#20986);
#20982=EDGE_CURVE('',#20983,#20985,#20987,.T.);
#20987=LINE('',#20984,#20989);
#20989=VECTOR('',#20990,0.762);
#20990=DIRECTION('',(0.0,-1.0,0.0));
#20981=ORIENTED_EDGE('',*,*,#20982,.F.);
#20992=EDGE_CURVE('',#20944,#20983,#20997,.T.);
#20997=LINE('',#20945,#20999);
#20999=VECTOR('',#21000,4.8895);
#21000=DIRECTION('',(0.0,0.0,-1.0));
#20991=ORIENTED_EDGE('',*,*,#20992,.F.);
#21001=ORIENTED_EDGE('',*,*,#20943,.T.);
#21012=EDGE_CURVE('',#20985,#20934,#21017,.T.);
#21017=LINE('',#20986,#21019);
#21019=VECTOR('',#21020,4.8895);
#21020=DIRECTION('',(0.0,0.0,1.0));
#21011=ORIENTED_EDGE('',*,*,#21012,.F.);
#21021=STYLED_ITEM('',(#34),#21022);
#21022=ADVANCED_FACE('',(#21028),#21023,.T.);
#21023=PLANE('',#21024);
#21024=AXIS2_PLACEMENT_3D('',#21025,#21026,#21027);
#21025=CARTESIAN_POINT('',(2.921,-2.159,-4.89));
#21026=DIRECTION('',(0.0,1.0,0.0));
#21027=DIRECTION('',(0.,0.,1.));
#21028=FACE_OUTER_BOUND('',#21029,.T.);
#21029=EDGE_LOOP('',(#21030,#21040,#21050,#21060));
#21033=CARTESIAN_POINT('',(2.159,-2.159,-4.89));
#21032=VERTEX_POINT('',#21033);
#21031=EDGE_CURVE('',#21032,#20983,#21036,.T.);
#21036=LINE('',#21033,#21038);
#21038=VECTOR('',#21039,0.762);
#21039=DIRECTION('',(1.0,0.0,0.0));
#21030=ORIENTED_EDGE('',*,*,#21031,.F.);
#21041=EDGE_CURVE('',#20954,#21032,#21046,.T.);
#21046=LINE('',#20955,#21048);
#21048=VECTOR('',#21049,4.8895);
#21049=DIRECTION('',(0.0,0.0,-1.0));
#21040=ORIENTED_EDGE('',*,*,#21041,.F.);
#21050=ORIENTED_EDGE('',*,*,#20953,.T.);
#21060=ORIENTED_EDGE('',*,*,#20992,.T.);
#21070=STYLED_ITEM('',(#34),#21071);
#21071=ADVANCED_FACE('',(#21077),#21072,.T.);
#21072=PLANE('',#21073);
#21073=AXIS2_PLACEMENT_3D('',#21074,#21075,#21076);
#21074=CARTESIAN_POINT('',(2.159,-2.159,-4.89));
#21075=DIRECTION('',(-1.0,0.0,0.0));
#21076=DIRECTION('',(0.,0.,1.));
#21077=FACE_OUTER_BOUND('',#21078,.T.);
#21078=EDGE_LOOP('',(#21079,#21089,#21099,#21109));
#21082=CARTESIAN_POINT('',(2.159,-2.921,-4.89));
#21081=VERTEX_POINT('',#21082);
#21080=EDGE_CURVE('',#21081,#21032,#21085,.T.);
#21085=LINE('',#21082,#21087);
#21087=VECTOR('',#21088,0.762);
#21088=DIRECTION('',(0.0,1.0,0.0));
#21079=ORIENTED_EDGE('',*,*,#21080,.F.);
#21090=EDGE_CURVE('',#20936,#21081,#21095,.T.);
#21095=LINE('',#20937,#21097);
#21097=VECTOR('',#21098,4.8895);
#21098=DIRECTION('',(0.0,0.0,-1.0));
#21089=ORIENTED_EDGE('',*,*,#21090,.F.);
#21099=ORIENTED_EDGE('',*,*,#20963,.T.);
#21109=ORIENTED_EDGE('',*,*,#21041,.T.);
#21119=STYLED_ITEM('',(#34),#21120);
#21120=ADVANCED_FACE('',(#21126),#21121,.T.);
#21121=PLANE('',#21122);
#21122=AXIS2_PLACEMENT_3D('',#21123,#21124,#21125);
#21123=CARTESIAN_POINT('',(2.159,-2.921,-4.89));
#21124=DIRECTION('',(0.0,-1.0,0.0));
#21125=DIRECTION('',(0.,0.,1.));
#21126=FACE_OUTER_BOUND('',#21127,.T.);
#21127=EDGE_LOOP('',(#21128,#21138,#21148,#21158));
#21129=EDGE_CURVE('',#20985,#21081,#21134,.T.);
#21134=LINE('',#20986,#21136);
#21136=VECTOR('',#21137,0.762);
#21137=DIRECTION('',(-1.0,0.0,0.0));
#21128=ORIENTED_EDGE('',*,*,#21129,.F.);
#21138=ORIENTED_EDGE('',*,*,#21012,.T.);
#21148=ORIENTED_EDGE('',*,*,#20933,.T.);
#21158=ORIENTED_EDGE('',*,*,#21090,.T.);
#21168=STYLED_ITEM('',(#34),#21169);
#21169=ADVANCED_FACE('',(#21175),#21170,.T.);
#21170=PLANE('',#21171);
#21171=AXIS2_PLACEMENT_3D('',#21172,#21173,#21174);
#21172=CARTESIAN_POINT('',(2.73,-2.73,-5.08));
#21173=DIRECTION('',(0.707,0.0,-0.707));
#21174=DIRECTION('',(0.,0.,1.));
#21175=FACE_OUTER_BOUND('',#21176,.T.);
#21176=EDGE_LOOP('',(#21177,#21187,#21197,#21207));
#21180=CARTESIAN_POINT('',(2.73,-2.35,-5.08));
#21179=VERTEX_POINT('',#21180);
#21182=CARTESIAN_POINT('',(2.73,-2.73,-5.08));
#21181=VERTEX_POINT('',#21182);
#21178=EDGE_CURVE('',#21179,#21181,#21183,.T.);
#21183=LINE('',#21180,#21185);
#21185=VECTOR('',#21186,0.381);
#21186=DIRECTION('',(0.0,-1.0,0.0));
#21177=ORIENTED_EDGE('',*,*,#21178,.F.);
#21188=EDGE_CURVE('',#20983,#21179,#21193,.T.);
#21193=LINE('',#20984,#21195);
#21195=VECTOR('',#21196,0.329955678841871);
#21196=DIRECTION('',(-0.577,-0.577,-0.577));
#21187=ORIENTED_EDGE('',*,*,#21188,.F.);
#21197=ORIENTED_EDGE('',*,*,#20982,.T.);
#21208=EDGE_CURVE('',#21181,#20985,#21213,.T.);
#21213=LINE('',#21182,#21215);
#21215=VECTOR('',#21216,0.329955678841871);
#21216=DIRECTION('',(0.577,-0.577,0.577));
#21207=ORIENTED_EDGE('',*,*,#21208,.F.);
#21217=STYLED_ITEM('',(#34),#21218);
#21218=ADVANCED_FACE('',(#21224),#21219,.T.);
#21219=PLANE('',#21220);
#21220=AXIS2_PLACEMENT_3D('',#21221,#21222,#21223);
#21221=CARTESIAN_POINT('',(2.73,-2.35,-5.08));
#21222=DIRECTION('',(0.0,0.707,-0.707));
#21223=DIRECTION('',(0.,0.,1.));
#21224=FACE_OUTER_BOUND('',#21225,.T.);
#21225=EDGE_LOOP('',(#21226,#21236,#21246,#21256));
#21229=CARTESIAN_POINT('',(2.35,-2.35,-5.08));
#21228=VERTEX_POINT('',#21229);
#21227=EDGE_CURVE('',#21228,#21179,#21232,.T.);
#21232=LINE('',#21229,#21234);
#21234=VECTOR('',#21235,0.381);
#21235=DIRECTION('',(1.0,0.0,0.0));
#21226=ORIENTED_EDGE('',*,*,#21227,.F.);
#21237=EDGE_CURVE('',#21032,#21228,#21242,.T.);
#21242=LINE('',#21033,#21244);
#21244=VECTOR('',#21245,0.329955678841871);
#21245=DIRECTION('',(0.577,-0.577,-0.577));
#21236=ORIENTED_EDGE('',*,*,#21237,.F.);
#21246=ORIENTED_EDGE('',*,*,#21031,.T.);
#21256=ORIENTED_EDGE('',*,*,#21188,.T.);
#21266=STYLED_ITEM('',(#34),#21267);
#21267=ADVANCED_FACE('',(#21273),#21268,.T.);
#21268=PLANE('',#21269);
#21269=AXIS2_PLACEMENT_3D('',#21270,#21271,#21272);
#21270=CARTESIAN_POINT('',(2.35,-2.35,-5.08));
#21271=DIRECTION('',(-0.707,0.0,-0.707));
#21272=DIRECTION('',(0.,0.,1.));
#21273=FACE_OUTER_BOUND('',#21274,.T.);
#21274=EDGE_LOOP('',(#21275,#21285,#21295,#21305));
#21278=CARTESIAN_POINT('',(2.35,-2.73,-5.08));
#21277=VERTEX_POINT('',#21278);
#21276=EDGE_CURVE('',#21277,#21228,#21281,.T.);
#21281=LINE('',#21278,#21283);
#21283=VECTOR('',#21284,0.381);
#21284=DIRECTION('',(0.0,1.0,0.0));
#21275=ORIENTED_EDGE('',*,*,#21276,.F.);
#21286=EDGE_CURVE('',#21081,#21277,#21291,.T.);
#21291=LINE('',#21082,#21293);
#21293=VECTOR('',#21294,0.329955678841871);
#21294=DIRECTION('',(0.577,0.577,-0.577));
#21285=ORIENTED_EDGE('',*,*,#21286,.F.);
#21295=ORIENTED_EDGE('',*,*,#21080,.T.);
#21305=ORIENTED_EDGE('',*,*,#21237,.T.);
#21315=STYLED_ITEM('',(#34),#21316);
#21316=ADVANCED_FACE('',(#21322),#21317,.T.);
#21317=PLANE('',#21318);
#21318=AXIS2_PLACEMENT_3D('',#21319,#21320,#21321);
#21319=CARTESIAN_POINT('',(2.35,-2.73,-5.08));
#21320=DIRECTION('',(0.0,-0.707,-0.707));
#21321=DIRECTION('',(0.,0.,1.));
#21322=FACE_OUTER_BOUND('',#21323,.T.);
#21323=EDGE_LOOP('',(#21324,#21334,#21344,#21354));
#21325=EDGE_CURVE('',#21181,#21277,#21330,.T.);
#21330=LINE('',#21182,#21332);
#21332=VECTOR('',#21333,0.381);
#21333=DIRECTION('',(-1.0,0.0,0.0));
#21324=ORIENTED_EDGE('',*,*,#21325,.F.);
#21334=ORIENTED_EDGE('',*,*,#21208,.T.);
#21344=ORIENTED_EDGE('',*,*,#21129,.T.);
#21354=ORIENTED_EDGE('',*,*,#21286,.T.);
#21364=STYLED_ITEM('',(#34),#21365);
#21365=ADVANCED_FACE('',(#21371),#21366,.T.);
#21366=PLANE('',#21367);
#21367=AXIS2_PLACEMENT_3D('',#21368,#21369,#21370);
#21368=CARTESIAN_POINT('',(2.35,-2.35,-5.08));
#21369=DIRECTION('',(0.0,0.0,-1.0));
#21370=DIRECTION('',(0.,1.,0.));
#21371=FACE_OUTER_BOUND('',#21372,.T.);
#21372=EDGE_LOOP('',(#21373,#21383,#21393,#21403));
#21373=ORIENTED_EDGE('',*,*,#21227,.T.);
#21383=ORIENTED_EDGE('',*,*,#21178,.T.);
#21393=ORIENTED_EDGE('',*,*,#21325,.T.);
#21403=ORIENTED_EDGE('',*,*,#21276,.T.);
#21413=MANIFOLD_SOLID_BREP($,#21414);
#21414=CLOSED_SHELL('',(#21418,#21467,#21516,#21565,#21614,#21663,#21712,#21761,#21810,#21859));
#21415=MANIFOLD_SOLID_BREP($,#21416);
#21416=CLOSED_SHELL('',(#21908,#21957,#22006,#22055,#22104,#22153,#22202,#22251,#22300,#22349));
#21417=STYLED_ITEM('',(#34),#21418);
#21418=ADVANCED_FACE('',(#21424),#21419,.T.);
#21419=PLANE('',#21420);
#21420=AXIS2_PLACEMENT_3D('',#21421,#21422,#21423);
#21421=CARTESIAN_POINT('',(-0.19,-2.73,8.89));
#21422=DIRECTION('',(0.0,0.0,1.0));
#21423=DIRECTION('',(0.,1.,0.));
#21424=FACE_OUTER_BOUND('',#21425,.T.);
#21425=EDGE_LOOP('',(#21426,#21436,#21446,#21456));
#21429=CARTESIAN_POINT('',(0.19,-2.73,8.89));
#21428=VERTEX_POINT('',#21429);
#21431=CARTESIAN_POINT('',(-0.19,-2.73,8.89));
#21430=VERTEX_POINT('',#21431);
#21427=EDGE_CURVE('',#21428,#21430,#21432,.T.);
#21432=LINE('',#21429,#21434);
#21434=VECTOR('',#21435,0.381);
#21435=DIRECTION('',(-1.0,0.0,0.0));
#21426=ORIENTED_EDGE('',*,*,#21427,.F.);
#21439=CARTESIAN_POINT('',(0.19,-2.35,8.89));
#21438=VERTEX_POINT('',#21439);
#21437=EDGE_CURVE('',#21438,#21428,#21442,.T.);
#21442=LINE('',#21439,#21444);
#21444=VECTOR('',#21445,0.381);
#21445=DIRECTION('',(0.0,-1.0,0.0));
#21436=ORIENTED_EDGE('',*,*,#21437,.F.);
#21449=CARTESIAN_POINT('',(-0.19,-2.35,8.89));
#21448=VERTEX_POINT('',#21449);
#21447=EDGE_CURVE('',#21448,#21438,#21452,.T.);
#21452=LINE('',#21449,#21454);
#21454=VECTOR('',#21455,0.381);
#21455=DIRECTION('',(1.0,0.0,0.0));
#21446=ORIENTED_EDGE('',*,*,#21447,.F.);
#21457=EDGE_CURVE('',#21430,#21448,#21462,.T.);
#21462=LINE('',#21431,#21464);
#21464=VECTOR('',#21465,0.381);
#21465=DIRECTION('',(0.0,1.0,0.0));
#21456=ORIENTED_EDGE('',*,*,#21457,.F.);
#21466=STYLED_ITEM('',(#34),#21467);
#21467=ADVANCED_FACE('',(#21473),#21468,.T.);
#21468=PLANE('',#21469);
#21469=AXIS2_PLACEMENT_3D('',#21470,#21471,#21472);
#21470=CARTESIAN_POINT('',(0.381,-2.921,8.7));
#21471=DIRECTION('',(0.707,0.0,0.707));
#21472=DIRECTION('',(0.,0.,1.));
#21473=FACE_OUTER_BOUND('',#21474,.T.);
#21474=EDGE_LOOP('',(#21475,#21485,#21495,#21505));
#21478=CARTESIAN_POINT('',(0.381,-2.159,8.7));
#21477=VERTEX_POINT('',#21478);
#21480=CARTESIAN_POINT('',(0.381,-2.921,8.7));
#21479=VERTEX_POINT('',#21480);
#21476=EDGE_CURVE('',#21477,#21479,#21481,.T.);
#21481=LINE('',#21478,#21483);
#21483=VECTOR('',#21484,0.762);
#21484=DIRECTION('',(0.0,-1.0,0.0));
#21475=ORIENTED_EDGE('',*,*,#21476,.F.);
#21486=EDGE_CURVE('',#21438,#21477,#21491,.T.);
#21491=LINE('',#21439,#21493);
#21493=VECTOR('',#21494,0.329955678841871);
#21494=DIRECTION('',(0.577,0.577,-0.577));
#21485=ORIENTED_EDGE('',*,*,#21486,.F.);
#21495=ORIENTED_EDGE('',*,*,#21437,.T.);
#21506=EDGE_CURVE('',#21479,#21428,#21511,.T.);
#21511=LINE('',#21480,#21513);
#21513=VECTOR('',#21514,0.329955678841871);
#21514=DIRECTION('',(-0.577,0.577,0.577));
#21505=ORIENTED_EDGE('',*,*,#21506,.F.);
#21515=STYLED_ITEM('',(#34),#21516);
#21516=ADVANCED_FACE('',(#21522),#21517,.T.);
#21517=PLANE('',#21518);
#21518=AXIS2_PLACEMENT_3D('',#21519,#21520,#21521);
#21519=CARTESIAN_POINT('',(0.381,-2.159,8.7));
#21520=DIRECTION('',(0.0,0.707,0.707));
#21521=DIRECTION('',(0.,0.,1.));
#21522=FACE_OUTER_BOUND('',#21523,.T.);
#21523=EDGE_LOOP('',(#21524,#21534,#21544,#21554));
#21527=CARTESIAN_POINT('',(-0.381,-2.159,8.7));
#21526=VERTEX_POINT('',#21527);
#21525=EDGE_CURVE('',#21526,#21477,#21530,.T.);
#21530=LINE('',#21527,#21532);
#21532=VECTOR('',#21533,0.762);
#21533=DIRECTION('',(1.0,0.0,0.0));
#21524=ORIENTED_EDGE('',*,*,#21525,.F.);
#21535=EDGE_CURVE('',#21448,#21526,#21540,.T.);
#21540=LINE('',#21449,#21542);
#21542=VECTOR('',#21543,0.329955678841871);
#21543=DIRECTION('',(-0.577,0.577,-0.577));
#21534=ORIENTED_EDGE('',*,*,#21535,.F.);
#21544=ORIENTED_EDGE('',*,*,#21447,.T.);
#21554=ORIENTED_EDGE('',*,*,#21486,.T.);
#21564=STYLED_ITEM('',(#34),#21565);
#21565=ADVANCED_FACE('',(#21571),#21566,.T.);
#21566=PLANE('',#21567);
#21567=AXIS2_PLACEMENT_3D('',#21568,#21569,#21570);
#21568=CARTESIAN_POINT('',(-0.381,-2.159,8.7));
#21569=DIRECTION('',(-0.707,0.0,0.707));
#21570=DIRECTION('',(0.,0.,1.));
#21571=FACE_OUTER_BOUND('',#21572,.T.);
#21572=EDGE_LOOP('',(#21573,#21583,#21593,#21603));
#21576=CARTESIAN_POINT('',(-0.381,-2.921,8.7));
#21575=VERTEX_POINT('',#21576);
#21574=EDGE_CURVE('',#21575,#21526,#21579,.T.);
#21579=LINE('',#21576,#21581);
#21581=VECTOR('',#21582,0.762);
#21582=DIRECTION('',(0.0,1.0,0.0));
#21573=ORIENTED_EDGE('',*,*,#21574,.F.);
#21584=EDGE_CURVE('',#21430,#21575,#21589,.T.);
#21589=LINE('',#21431,#21591);
#21591=VECTOR('',#21592,0.329955678841871);
#21592=DIRECTION('',(-0.577,-0.577,-0.577));
#21583=ORIENTED_EDGE('',*,*,#21584,.F.);
#21593=ORIENTED_EDGE('',*,*,#21457,.T.);
#21603=ORIENTED_EDGE('',*,*,#21535,.T.);
#21613=STYLED_ITEM('',(#34),#21614);
#21614=ADVANCED_FACE('',(#21620),#21615,.T.);
#21615=PLANE('',#21616);
#21616=AXIS2_PLACEMENT_3D('',#21617,#21618,#21619);
#21617=CARTESIAN_POINT('',(-0.381,-2.921,8.7));
#21618=DIRECTION('',(0.0,-0.707,0.707));
#21619=DIRECTION('',(0.,0.,1.));
#21620=FACE_OUTER_BOUND('',#21621,.T.);
#21621=EDGE_LOOP('',(#21622,#21632,#21642,#21652));
#21623=EDGE_CURVE('',#21479,#21575,#21628,.T.);
#21628=LINE('',#21480,#21630);
#21630=VECTOR('',#21631,0.762);
#21631=DIRECTION('',(-1.0,0.0,0.0));
#21622=ORIENTED_EDGE('',*,*,#21623,.F.);
#21632=ORIENTED_EDGE('',*,*,#21506,.T.);
#21642=ORIENTED_EDGE('',*,*,#21427,.T.);
#21652=ORIENTED_EDGE('',*,*,#21584,.T.);
#21662=STYLED_ITEM('',(#34),#21663);
#21663=ADVANCED_FACE('',(#21669),#21664,.T.);
#21664=PLANE('',#21665);
#21665=AXIS2_PLACEMENT_3D('',#21666,#21667,#21668);
#21666=CARTESIAN_POINT('',(0.381,-2.921,2.659));
#21667=DIRECTION('',(1.0,0.0,0.0));
#21668=DIRECTION('',(0.,0.,1.));
#21669=FACE_OUTER_BOUND('',#21670,.T.);
#21670=EDGE_LOOP('',(#21671,#21681,#21691,#21701));
#21674=CARTESIAN_POINT('',(0.381,-2.159,2.659));
#21673=VERTEX_POINT('',#21674);
#21676=CARTESIAN_POINT('',(0.381,-2.921,2.659));
#21675=VERTEX_POINT('',#21676);
#21672=EDGE_CURVE('',#21673,#21675,#21677,.T.);
#21677=LINE('',#21674,#21679);
#21679=VECTOR('',#21680,0.762);
#21680=DIRECTION('',(0.0,-1.0,0.0));
#21671=ORIENTED_EDGE('',*,*,#21672,.F.);
#21682=EDGE_CURVE('',#21477,#21673,#21687,.T.);
#21687=LINE('',#21478,#21689);
#21689=VECTOR('',#21690,6.0409693252);
#21690=DIRECTION('',(0.0,0.0,-1.0));
#21681=ORIENTED_EDGE('',*,*,#21682,.F.);
#21691=ORIENTED_EDGE('',*,*,#21476,.T.);
#21702=EDGE_CURVE('',#21675,#21479,#21707,.T.);
#21707=LINE('',#21676,#21709);
#21709=VECTOR('',#21710,6.0409693252);
#21710=DIRECTION('',(0.0,0.0,1.0));
#21701=ORIENTED_EDGE('',*,*,#21702,.F.);
#21711=STYLED_ITEM('',(#34),#21712);
#21712=ADVANCED_FACE('',(#21718),#21713,.T.);
#21713=PLANE('',#21714);
#21714=AXIS2_PLACEMENT_3D('',#21715,#21716,#21717);
#21715=CARTESIAN_POINT('',(0.381,-2.159,2.659));
#21716=DIRECTION('',(0.0,1.0,0.0));
#21717=DIRECTION('',(0.,0.,1.));
#21718=FACE_OUTER_BOUND('',#21719,.T.);
#21719=EDGE_LOOP('',(#21720,#21730,#21740,#21750));
#21723=CARTESIAN_POINT('',(-0.381,-2.159,2.659));
#21722=VERTEX_POINT('',#21723);
#21721=EDGE_CURVE('',#21722,#21673,#21726,.T.);
#21726=LINE('',#21723,#21728);
#21728=VECTOR('',#21729,0.762);
#21729=DIRECTION('',(1.0,0.0,0.0));
#21720=ORIENTED_EDGE('',*,*,#21721,.F.);
#21731=EDGE_CURVE('',#21526,#21722,#21736,.T.);
#21736=LINE('',#21527,#21738);
#21738=VECTOR('',#21739,6.0409693252);
#21739=DIRECTION('',(0.0,0.0,-1.0));
#21730=ORIENTED_EDGE('',*,*,#21731,.F.);
#21740=ORIENTED_EDGE('',*,*,#21525,.T.);
#21750=ORIENTED_EDGE('',*,*,#21682,.T.);
#21760=STYLED_ITEM('',(#34),#21761);
#21761=ADVANCED_FACE('',(#21767),#21762,.T.);
#21762=PLANE('',#21763);
#21763=AXIS2_PLACEMENT_3D('',#21764,#21765,#21766);
#21764=CARTESIAN_POINT('',(-0.381,-2.159,2.659));
#21765=DIRECTION('',(-1.0,0.0,0.0));
#21766=DIRECTION('',(0.,0.,1.));
#21767=FACE_OUTER_BOUND('',#21768,.T.);
#21768=EDGE_LOOP('',(#21769,#21779,#21789,#21799));
#21772=CARTESIAN_POINT('',(-0.381,-2.921,2.659));
#21771=VERTEX_POINT('',#21772);
#21770=EDGE_CURVE('',#21771,#21722,#21775,.T.);
#21775=LINE('',#21772,#21777);
#21777=VECTOR('',#21778,0.762);
#21778=DIRECTION('',(0.0,1.0,0.0));
#21769=ORIENTED_EDGE('',*,*,#21770,.F.);
#21780=EDGE_CURVE('',#21575,#21771,#21785,.T.);
#21785=LINE('',#21576,#21787);
#21787=VECTOR('',#21788,6.0409693252);
#21788=DIRECTION('',(0.0,0.0,-1.0));
#21779=ORIENTED_EDGE('',*,*,#21780,.F.);
#21789=ORIENTED_EDGE('',*,*,#21574,.T.);
#21799=ORIENTED_EDGE('',*,*,#21731,.T.);
#21809=STYLED_ITEM('',(#34),#21810);
#21810=ADVANCED_FACE('',(#21816),#21811,.T.);
#21811=PLANE('',#21812);
#21812=AXIS2_PLACEMENT_3D('',#21813,#21814,#21815);
#21813=CARTESIAN_POINT('',(-0.381,-2.921,2.659));
#21814=DIRECTION('',(0.0,-1.0,0.0));
#21815=DIRECTION('',(0.,0.,1.));
#21816=FACE_OUTER_BOUND('',#21817,.T.);
#21817=EDGE_LOOP('',(#21818,#21828,#21838,#21848));
#21819=EDGE_CURVE('',#21675,#21771,#21824,.T.);
#21824=LINE('',#21676,#21826);
#21826=VECTOR('',#21827,0.762);
#21827=DIRECTION('',(-1.0,0.0,0.0));
#21818=ORIENTED_EDGE('',*,*,#21819,.F.);
#21828=ORIENTED_EDGE('',*,*,#21702,.T.);
#21838=ORIENTED_EDGE('',*,*,#21623,.T.);
#21848=ORIENTED_EDGE('',*,*,#21780,.T.);
#21858=STYLED_ITEM('',(#34),#21859);
#21859=ADVANCED_FACE('',(#21865),#21860,.T.);
#21860=PLANE('',#21861);
#21861=AXIS2_PLACEMENT_3D('',#21862,#21863,#21864);
#21862=CARTESIAN_POINT('',(-0.381,-2.159,2.659));
#21863=DIRECTION('',(0.0,0.0,-1.0));
#21864=DIRECTION('',(0.,1.,0.));
#21865=FACE_OUTER_BOUND('',#21866,.T.);
#21866=EDGE_LOOP('',(#21867,#21877,#21887,#21897));
#21867=ORIENTED_EDGE('',*,*,#21721,.T.);
#21877=ORIENTED_EDGE('',*,*,#21672,.T.);
#21887=ORIENTED_EDGE('',*,*,#21819,.T.);
#21897=ORIENTED_EDGE('',*,*,#21770,.T.);
#21907=STYLED_ITEM('',(#34),#21908);
#21908=ADVANCED_FACE('',(#21914),#21909,.T.);
#21909=PLANE('',#21910);
#21910=AXIS2_PLACEMENT_3D('',#21911,#21912,#21913);
#21911=CARTESIAN_POINT('',(-0.381,-2.921,0.0));
#21912=DIRECTION('',(0.0,0.0,1.0));
#21913=DIRECTION('',(0.,1.,0.));
#21914=FACE_OUTER_BOUND('',#21915,.T.);
#21915=EDGE_LOOP('',(#21916,#21926,#21936,#21946));
#21919=CARTESIAN_POINT('',(0.381,-2.921,0.0));
#21918=VERTEX_POINT('',#21919);
#21921=CARTESIAN_POINT('',(-0.381,-2.921,0.0));
#21920=VERTEX_POINT('',#21921);
#21917=EDGE_CURVE('',#21918,#21920,#21922,.T.);
#21922=LINE('',#21919,#21924);
#21924=VECTOR('',#21925,0.762);
#21925=DIRECTION('',(-1.0,0.0,0.0));
#21916=ORIENTED_EDGE('',*,*,#21917,.F.);
#21929=CARTESIAN_POINT('',(0.381,-2.159,0.0));
#21928=VERTEX_POINT('',#21929);
#21927=EDGE_CURVE('',#21928,#21918,#21932,.T.);
#21932=LINE('',#21929,#21934);
#21934=VECTOR('',#21935,0.762);
#21935=DIRECTION('',(0.0,-1.0,0.0));
#21926=ORIENTED_EDGE('',*,*,#21927,.F.);
#21939=CARTESIAN_POINT('',(-0.381,-2.159,0.0));
#21938=VERTEX_POINT('',#21939);
#21937=EDGE_CURVE('',#21938,#21928,#21942,.T.);
#21942=LINE('',#21939,#21944);
#21944=VECTOR('',#21945,0.762);
#21945=DIRECTION('',(1.0,0.0,0.0));
#21936=ORIENTED_EDGE('',*,*,#21937,.F.);
#21947=EDGE_CURVE('',#21920,#21938,#21952,.T.);
#21952=LINE('',#21921,#21954);
#21954=VECTOR('',#21955,0.762);
#21955=DIRECTION('',(0.0,1.0,0.0));
#21946=ORIENTED_EDGE('',*,*,#21947,.F.);
#21956=STYLED_ITEM('',(#34),#21957);
#21957=ADVANCED_FACE('',(#21963),#21958,.T.);
#21958=PLANE('',#21959);
#21959=AXIS2_PLACEMENT_3D('',#21960,#21961,#21962);
#21960=CARTESIAN_POINT('',(0.381,-2.921,-4.89));
#21961=DIRECTION('',(1.0,0.0,0.0));
#21962=DIRECTION('',(0.,0.,1.));
#21963=FACE_OUTER_BOUND('',#21964,.T.);
#21964=EDGE_LOOP('',(#21965,#21975,#21985,#21995));
#21968=CARTESIAN_POINT('',(0.381,-2.159,-4.89));
#21967=VERTEX_POINT('',#21968);
#21970=CARTESIAN_POINT('',(0.381,-2.921,-4.89));
#21969=VERTEX_POINT('',#21970);
#21966=EDGE_CURVE('',#21967,#21969,#21971,.T.);
#21971=LINE('',#21968,#21973);
#21973=VECTOR('',#21974,0.762);
#21974=DIRECTION('',(0.0,-1.0,0.0));
#21965=ORIENTED_EDGE('',*,*,#21966,.F.);
#21976=EDGE_CURVE('',#21928,#21967,#21981,.T.);
#21981=LINE('',#21929,#21983);
#21983=VECTOR('',#21984,4.8895);
#21984=DIRECTION('',(0.0,0.0,-1.0));
#21975=ORIENTED_EDGE('',*,*,#21976,.F.);
#21985=ORIENTED_EDGE('',*,*,#21927,.T.);
#21996=EDGE_CURVE('',#21969,#21918,#22001,.T.);
#22001=LINE('',#21970,#22003);
#22003=VECTOR('',#22004,4.8895);
#22004=DIRECTION('',(0.0,0.0,1.0));
#21995=ORIENTED_EDGE('',*,*,#21996,.F.);
#22005=STYLED_ITEM('',(#34),#22006);
#22006=ADVANCED_FACE('',(#22012),#22007,.T.);
#22007=PLANE('',#22008);
#22008=AXIS2_PLACEMENT_3D('',#22009,#22010,#22011);
#22009=CARTESIAN_POINT('',(0.381,-2.159,-4.89));
#22010=DIRECTION('',(0.0,1.0,0.0));
#22011=DIRECTION('',(0.,0.,1.));
#22012=FACE_OUTER_BOUND('',#22013,.T.);
#22013=EDGE_LOOP('',(#22014,#22024,#22034,#22044));
#22017=CARTESIAN_POINT('',(-0.381,-2.159,-4.89));
#22016=VERTEX_POINT('',#22017);
#22015=EDGE_CURVE('',#22016,#21967,#22020,.T.);
#22020=LINE('',#22017,#22022);
#22022=VECTOR('',#22023,0.762);
#22023=DIRECTION('',(1.0,0.0,0.0));
#22014=ORIENTED_EDGE('',*,*,#22015,.F.);
#22025=EDGE_CURVE('',#21938,#22016,#22030,.T.);
#22030=LINE('',#21939,#22032);
#22032=VECTOR('',#22033,4.8895);
#22033=DIRECTION('',(0.0,0.0,-1.0));
#22024=ORIENTED_EDGE('',*,*,#22025,.F.);
#22034=ORIENTED_EDGE('',*,*,#21937,.T.);
#22044=ORIENTED_EDGE('',*,*,#21976,.T.);
#22054=STYLED_ITEM('',(#34),#22055);
#22055=ADVANCED_FACE('',(#22061),#22056,.T.);
#22056=PLANE('',#22057);
#22057=AXIS2_PLACEMENT_3D('',#22058,#22059,#22060);
#22058=CARTESIAN_POINT('',(-0.381,-2.159,-4.89));
#22059=DIRECTION('',(-1.0,0.0,0.0));
#22060=DIRECTION('',(0.,0.,1.));
#22061=FACE_OUTER_BOUND('',#22062,.T.);
#22062=EDGE_LOOP('',(#22063,#22073,#22083,#22093));
#22066=CARTESIAN_POINT('',(-0.381,-2.921,-4.89));
#22065=VERTEX_POINT('',#22066);
#22064=EDGE_CURVE('',#22065,#22016,#22069,.T.);
#22069=LINE('',#22066,#22071);
#22071=VECTOR('',#22072,0.762);
#22072=DIRECTION('',(0.0,1.0,0.0));
#22063=ORIENTED_EDGE('',*,*,#22064,.F.);
#22074=EDGE_CURVE('',#21920,#22065,#22079,.T.);
#22079=LINE('',#21921,#22081);
#22081=VECTOR('',#22082,4.8895);
#22082=DIRECTION('',(0.0,0.0,-1.0));
#22073=ORIENTED_EDGE('',*,*,#22074,.F.);
#22083=ORIENTED_EDGE('',*,*,#21947,.T.);
#22093=ORIENTED_EDGE('',*,*,#22025,.T.);
#22103=STYLED_ITEM('',(#34),#22104);
#22104=ADVANCED_FACE('',(#22110),#22105,.T.);
#22105=PLANE('',#22106);
#22106=AXIS2_PLACEMENT_3D('',#22107,#22108,#22109);
#22107=CARTESIAN_POINT('',(-0.381,-2.921,-4.89));
#22108=DIRECTION('',(0.0,-1.0,0.0));
#22109=DIRECTION('',(0.,0.,1.));
#22110=FACE_OUTER_BOUND('',#22111,.T.);
#22111=EDGE_LOOP('',(#22112,#22122,#22132,#22142));
#22113=EDGE_CURVE('',#21969,#22065,#22118,.T.);
#22118=LINE('',#21970,#22120);
#22120=VECTOR('',#22121,0.762);
#22121=DIRECTION('',(-1.0,0.0,0.0));
#22112=ORIENTED_EDGE('',*,*,#22113,.F.);
#22122=ORIENTED_EDGE('',*,*,#21996,.T.);
#22132=ORIENTED_EDGE('',*,*,#21917,.T.);
#22142=ORIENTED_EDGE('',*,*,#22074,.T.);
#22152=STYLED_ITEM('',(#34),#22153);
#22153=ADVANCED_FACE('',(#22159),#22154,.T.);
#22154=PLANE('',#22155);
#22155=AXIS2_PLACEMENT_3D('',#22156,#22157,#22158);
#22156=CARTESIAN_POINT('',(0.19,-2.73,-5.08));
#22157=DIRECTION('',(0.707,0.0,-0.707));
#22158=DIRECTION('',(0.,0.,1.));
#22159=FACE_OUTER_BOUND('',#22160,.T.);
#22160=EDGE_LOOP('',(#22161,#22171,#22181,#22191));
#22164=CARTESIAN_POINT('',(0.19,-2.35,-5.08));
#22163=VERTEX_POINT('',#22164);
#22166=CARTESIAN_POINT('',(0.19,-2.73,-5.08));
#22165=VERTEX_POINT('',#22166);
#22162=EDGE_CURVE('',#22163,#22165,#22167,.T.);
#22167=LINE('',#22164,#22169);
#22169=VECTOR('',#22170,0.381);
#22170=DIRECTION('',(0.0,-1.0,0.0));
#22161=ORIENTED_EDGE('',*,*,#22162,.F.);
#22172=EDGE_CURVE('',#21967,#22163,#22177,.T.);
#22177=LINE('',#21968,#22179);
#22179=VECTOR('',#22180,0.329955678841871);
#22180=DIRECTION('',(-0.577,-0.577,-0.577));
#22171=ORIENTED_EDGE('',*,*,#22172,.F.);
#22181=ORIENTED_EDGE('',*,*,#21966,.T.);
#22192=EDGE_CURVE('',#22165,#21969,#22197,.T.);
#22197=LINE('',#22166,#22199);
#22199=VECTOR('',#22200,0.329955678841871);
#22200=DIRECTION('',(0.577,-0.577,0.577));
#22191=ORIENTED_EDGE('',*,*,#22192,.F.);
#22201=STYLED_ITEM('',(#34),#22202);
#22202=ADVANCED_FACE('',(#22208),#22203,.T.);
#22203=PLANE('',#22204);
#22204=AXIS2_PLACEMENT_3D('',#22205,#22206,#22207);
#22205=CARTESIAN_POINT('',(0.19,-2.35,-5.08));
#22206=DIRECTION('',(0.0,0.707,-0.707));
#22207=DIRECTION('',(0.,0.,1.));
#22208=FACE_OUTER_BOUND('',#22209,.T.);
#22209=EDGE_LOOP('',(#22210,#22220,#22230,#22240));
#22213=CARTESIAN_POINT('',(-0.19,-2.35,-5.08));
#22212=VERTEX_POINT('',#22213);
#22211=EDGE_CURVE('',#22212,#22163,#22216,.T.);
#22216=LINE('',#22213,#22218);
#22218=VECTOR('',#22219,0.381);
#22219=DIRECTION('',(1.0,0.0,0.0));
#22210=ORIENTED_EDGE('',*,*,#22211,.F.);
#22221=EDGE_CURVE('',#22016,#22212,#22226,.T.);
#22226=LINE('',#22017,#22228);
#22228=VECTOR('',#22229,0.329955678841871);
#22229=DIRECTION('',(0.577,-0.577,-0.577));
#22220=ORIENTED_EDGE('',*,*,#22221,.F.);
#22230=ORIENTED_EDGE('',*,*,#22015,.T.);
#22240=ORIENTED_EDGE('',*,*,#22172,.T.);
#22250=STYLED_ITEM('',(#34),#22251);
#22251=ADVANCED_FACE('',(#22257),#22252,.T.);
#22252=PLANE('',#22253);
#22253=AXIS2_PLACEMENT_3D('',#22254,#22255,#22256);
#22254=CARTESIAN_POINT('',(-0.19,-2.35,-5.08));
#22255=DIRECTION('',(-0.707,0.0,-0.707));
#22256=DIRECTION('',(0.,0.,1.));
#22257=FACE_OUTER_BOUND('',#22258,.T.);
#22258=EDGE_LOOP('',(#22259,#22269,#22279,#22289));
#22262=CARTESIAN_POINT('',(-0.19,-2.73,-5.08));
#22261=VERTEX_POINT('',#22262);
#22260=EDGE_CURVE('',#22261,#22212,#22265,.T.);
#22265=LINE('',#22262,#22267);
#22267=VECTOR('',#22268,0.381);
#22268=DIRECTION('',(0.0,1.0,0.0));
#22259=ORIENTED_EDGE('',*,*,#22260,.F.);
#22270=EDGE_CURVE('',#22065,#22261,#22275,.T.);
#22275=LINE('',#22066,#22277);
#22277=VECTOR('',#22278,0.329955678841871);
#22278=DIRECTION('',(0.577,0.577,-0.577));
#22269=ORIENTED_EDGE('',*,*,#22270,.F.);
#22279=ORIENTED_EDGE('',*,*,#22064,.T.);
#22289=ORIENTED_EDGE('',*,*,#22221,.T.);
#22299=STYLED_ITEM('',(#34),#22300);
#22300=ADVANCED_FACE('',(#22306),#22301,.T.);
#22301=PLANE('',#22302);
#22302=AXIS2_PLACEMENT_3D('',#22303,#22304,#22305);
#22303=CARTESIAN_POINT('',(-0.19,-2.73,-5.08));
#22304=DIRECTION('',(0.0,-0.707,-0.707));
#22305=DIRECTION('',(0.,0.,1.));
#22306=FACE_OUTER_BOUND('',#22307,.T.);
#22307=EDGE_LOOP('',(#22308,#22318,#22328,#22338));
#22309=EDGE_CURVE('',#22165,#22261,#22314,.T.);
#22314=LINE('',#22166,#22316);
#22316=VECTOR('',#22317,0.381);
#22317=DIRECTION('',(-1.0,0.0,0.0));
#22308=ORIENTED_EDGE('',*,*,#22309,.F.);
#22318=ORIENTED_EDGE('',*,*,#22192,.T.);
#22328=ORIENTED_EDGE('',*,*,#22113,.T.);
#22338=ORIENTED_EDGE('',*,*,#22270,.T.);
#22348=STYLED_ITEM('',(#34),#22349);
#22349=ADVANCED_FACE('',(#22355),#22350,.T.);
#22350=PLANE('',#22351);
#22351=AXIS2_PLACEMENT_3D('',#22352,#22353,#22354);
#22352=CARTESIAN_POINT('',(-0.19,-2.35,-5.08));
#22353=DIRECTION('',(0.0,0.0,-1.0));
#22354=DIRECTION('',(0.,1.,0.));
#22355=FACE_OUTER_BOUND('',#22356,.T.);
#22356=EDGE_LOOP('',(#22357,#22367,#22377,#22387));
#22357=ORIENTED_EDGE('',*,*,#22211,.T.);
#22367=ORIENTED_EDGE('',*,*,#22162,.T.);
#22377=ORIENTED_EDGE('',*,*,#22309,.T.);
#22387=ORIENTED_EDGE('',*,*,#22260,.T.);
ENDSEC;
END-ISO-10303-21;
