ISO-10303-21;
HEADER;
FILE_DESCRIPTION (( 'STEP AP214' ),
    '1' );
FILE_NAME ('SMA6S56AH MWG.STEP',
    '2024-03-06T03:13:05',
    ( '' ),
    ( '' ),
    'SwSTEP 2.0',
    'SolidWorks 2023',
    '' );
FILE_SCHEMA (( 'AUTOMOTIVE_DESIGN' ));
ENDSEC;

DATA;
#1 = FACE_OUTER_BOUND ( 'NONE', #2168, .T. ) ;
#2 = ADVANCED_FACE ( 'NONE', ( #359 ), #1791, .T. ) ;
#3 = PRESENTATION_STYLE_ASSIGNMENT (( #2189 ) ) ;
#4 = LINE ( 'NONE', #1194, #2272 ) ;
#5 = FILL_AREA_STYLE ('',( #1798 ) ) ;
#6 = VERTEX_POINT ( 'NONE', #2411 ) ;
#7 =( NAMED_UNIT ( * ) PLANE_ANGLE_UNIT ( ) SI_UNIT ( $, .RADIAN. ) );
#8 = FILL_AREA_STYLE ('',( #2000 ) ) ;
#9 = ORIENTED_EDGE ( 'NONE', *, *, #917, .F. ) ;
#10 = PLANE ( 'NONE',  #39 ) ;
#11 = FACE_OUTER_BOUND ( 'NONE', #554, .T. ) ;
#12 = SPHERICAL_SURFACE ( 'NONE', #2144, 0.05000000000000000278 ) ;
#13 = EDGE_CURVE ( 'NONE', #709, #2258, #2484, .T. ) ;
#14 = UNCERTAINTY_MEASURE_WITH_UNIT (LENGTH_MEASURE( 1.000000000000000082E-05 ), #1954, 'distance_accuracy_value', 'NONE');
#15 = VERTEX_POINT ( 'NONE', #641 ) ;
#16 = FILL_AREA_STYLE_COLOUR ( '', #1327 ) ;
#17 = UNCERTAINTY_MEASURE_WITH_UNIT (LENGTH_MEASURE( 1.000000000000000082E-05 ), #819, 'distance_accuracy_value', 'NONE');
#18 = FACE_OUTER_BOUND ( 'NONE', #1959, .T. ) ;
#19 = MECHANICAL_DESIGN_GEOMETRIC_PRESENTATION_REPRESENTATION (  '', ( #1129 ), #2543 ) ;
#20 = PRESENTATION_STYLE_ASSIGNMENT (( #1646 ) ) ;
#21 = COLOUR_RGB ( '',0.8039215686274510109, 0.8039215686274510109, 0.8039215686274510109 ) ;
#22 = VERTEX_POINT ( 'NONE', #2226 ) ;
#23 = VECTOR ( 'NONE', #2436, 1000.000000000000000 ) ;
#24 = VECTOR ( 'NONE', #935, 1000.000000000000000 ) ;
#25 = VECTOR ( 'NONE', #955, 1000.000000000000000 ) ;
#26 = SURFACE_STYLE_USAGE ( .BOTH. , #1817 ) ;
#27 =( NAMED_UNIT ( * ) SI_UNIT ( $, .STERADIAN. ) SOLID_ANGLE_UNIT ( ) );
#28 = DIRECTION ( 'NONE',  ( 0.000000000000000000, 1.000000000000000000, 0.000000000000000000 ) ) ;
#29 =( NAMED_UNIT ( * ) SI_UNIT ( $, .STERADIAN. ) SOLID_ANGLE_UNIT ( ) );
#30 = VECTOR ( 'NONE', #918, 1000.000000000000000 ) ;
#31 = SURFACE_STYLE_USAGE ( .BOTH. , #1822 ) ;
#32 = VECTOR ( 'NONE', #1060, 1000.000000000000000 ) ;
#33 = ORIENTED_EDGE ( 'NONE', *, *, #1092, .T. ) ;
#34 = FILL_AREA_STYLE_COLOUR ( '', #2114 ) ;
#35 =( NAMED_UNIT ( * ) SI_UNIT ( $, .STERADIAN. ) SOLID_ANGLE_UNIT ( ) );
#36 = STYLED_ITEM ( 'NONE', ( #912 ), #1515 ) ;
#37 = EDGE_CURVE ( 'NONE', #1427, #1559, #1840, .T. ) ;
#38 =( NAMED_UNIT ( * ) PLANE_ANGLE_UNIT ( ) SI_UNIT ( $, .RADIAN. ) );
#39 = AXIS2_PLACEMENT_3D ( 'NONE', #354, #1107, #2523 ) ;
#40 = AXIS2_PLACEMENT_3D ( 'NONE', #1563, #319, #1530 ) ;
#41 = MECHANICAL_DESIGN_GEOMETRIC_PRESENTATION_REPRESENTATION (  '', ( #821 ), #1914 ) ;
#42 = VERTEX_POINT ( 'NONE', #2437 ) ;
#43 = VECTOR ( 'NONE', #1398, 1000.000000000000000 ) ;
#44 =( NAMED_UNIT ( * ) SI_UNIT ( $, .STERADIAN. ) SOLID_ANGLE_UNIT ( ) );
#45 = PRESENTATION_LAYER_ASSIGNMENT (  '', '', ( #1101 ) ) ;
#46 =( LENGTH_UNIT ( ) NAMED_UNIT ( * ) SI_UNIT ( .MILLI., .METRE. ) );
#47 = FILL_AREA_STYLE ('',( #1423 ) ) ;
#48 = DIRECTION ( 'NONE',  ( 0.000000000000000000, 0.000000000000000000, -1.000000000000000000 ) ) ;
#49 = FACE_OUTER_BOUND ( 'NONE', #600, .T. ) ;
#50 = ORIENTED_EDGE ( 'NONE', *, *, #778, .F. ) ;
#51 =( NAMED_UNIT ( * ) PLANE_ANGLE_UNIT ( ) SI_UNIT ( $, .RADIAN. ) );
#52 = UNCERTAINTY_MEASURE_WITH_UNIT (LENGTH_MEASURE( 1.000000000000000082E-05 ), #698, 'distance_accuracy_value', 'NONE');
#53 = FILL_AREA_STYLE_COLOUR ( '', #708 ) ;
#54 = EDGE_CURVE ( 'NONE', #162, #797, #1446, .T. ) ;
#55 = LINE ( 'NONE', #623, #2229 ) ;
#56 = FACE_OUTER_BOUND ( 'NONE', #827, .T. ) ;
#57 = CARTESIAN_POINT ( 'NONE',  ( -1.805907911403785926, 1.151202018850263631, 1.055226423163382776 ) ) ;
#58 = CARTESIAN_POINT ( 'NONE',  ( 1.801202018850263542, 1.155907911403785349, 1.055226423163382776 ) ) ;
#59 = EDGE_LOOP ( 'NONE', ( #1774, #2020, #1048, #2152 ) ) ;
#60 = DIRECTION ( 'NONE',  ( -0.000000000000000000, -1.000000000000000000, -0.000000000000000000 ) ) ;
#61 = DIRECTION ( 'NONE',  ( 0.000000000000000000, 0.000000000000000000, -1.000000000000000000 ) ) ;
#62 = DIRECTION ( 'NONE',  ( -0.000000000000000000, -1.000000000000000000, -0.000000000000000000 ) ) ;
#63 = CARTESIAN_POINT ( 'NONE',  ( -2.349999999999999645, 0.8749999999999994449, 0.000000000000000000 ) ) ;
#64 = DIRECTION ( 'NONE',  ( 0.000000000000000000, 1.000000000000000000, 0.000000000000000000 ) ) ;
#65 = ORIENTED_EDGE ( 'NONE', *, *, #2015, .T. ) ;
#66 = ADVANCED_FACE ( 'NONE', ( #989 ), #2208, .T. ) ;
#67 = PRESENTATION_LAYER_ASSIGNMENT (  '', '', ( #2300 ) ) ;
#68 = CARTESIAN_POINT ( 'NONE',  ( -1.756181816635371984, -1.106181816635371629, 1.050000000000000044 ) ) ;
#69 = DIRECTION ( 'NONE',  ( 0.000000000000000000, -1.000000000000000000, -0.000000000000000000 ) ) ;
#70 = CIRCLE ( 'NONE', #1856, 0.04999999999999991257 ) ;
#71 = AXIS2_PLACEMENT_3D ( 'NONE', #68, #2187, #238 ) ;
#72 = CARTESIAN_POINT ( 'NONE',  ( 1.900537445006975856, -1.200811350238562003, 0.1548865523295284707 ) ) ;
#73 = PLANE ( 'NONE',  #83 ) ;
#74 = VECTOR ( 'NONE', #267, 1000.000000000000000 ) ;
#75 = LINE ( 'NONE', #1263, #1140 ) ;
#76 = VERTEX_POINT ( 'NONE', #2307 ) ;
#77 = COLOUR_RGB ( '',0.2862745098039215508, 0.2862745098039215508, 0.2862745098039215508 ) ;
#78 = SURFACE_STYLE_USAGE ( .BOTH. , #1860 ) ;
#79 = COLOUR_RGB ( '',0.8039215686274510109, 0.8039215686274510109, 0.8039215686274510109 ) ;
#80 = ORIENTED_EDGE ( 'NONE', *, *, #687, .F. ) ;
#81 =( GEOMETRIC_REPRESENTATION_CONTEXT ( 3 ) GLOBAL_UNCERTAINTY_ASSIGNED_CONTEXT ( ( #2433 ) ) GLOBAL_UNIT_ASSIGNED_CONTEXT ( ( #1336, #2529, #2124 ) ) REPRESENTATION_CONTEXT ( 'NONE', 'WORKASPACE' ) );
#82 = AXIS2_PLACEMENT_3D ( 'NONE', #1164, #618, #1416 ) ;
#83 = AXIS2_PLACEMENT_3D ( 'NONE', #843, #1453, #1240 ) ;
#84 = VECTOR ( 'NONE', #2424, 1000.000000000000000 ) ;
#85 = VECTOR ( 'NONE', #367, 1000.000000000000000 ) ;
#86 = DIRECTION ( 'NONE',  ( 1.960260340896360770E-16, -1.000000000000000000, 0.000000000000000000 ) ) ;
#87 = COLOUR_RGB ( '',0.2862745098039215508, 0.2862745098039215508, 0.2862745098039215508 ) ;
#88 = PRESENTATION_STYLE_ASSIGNMENT (( #881 ) ) ;
#89 = PLANE ( 'NONE',  #293 ) ;
#90 = AXIS2_PLACEMENT_3D ( 'NONE', #213, #1462, #2214 ) ;
#91 = ADVANCED_FACE ( 'NONE', ( #513 ), #2104, .F. ) ;
#92 = SURFACE_STYLE_USAGE ( .BOTH. , #693 ) ;
#93 = EDGE_LOOP ( 'NONE', ( #1872, #1518, #1597, #1209, #2528, #1330, #2095, #1151 ) ) ;
#94 = DIRECTION ( 'NONE',  ( 0.000000000000000000, 0.9945218953682734009, -0.1045284632676536651 ) ) ;
#95 = DIRECTION ( 'NONE',  ( 0.000000000000000000, 0.000000000000000000, -1.000000000000000000 ) ) ;
#96 = LINE ( 'NONE', #1866, #485 ) ;
#97 = SURFACE_SIDE_STYLE ('',( #1884 ) ) ;
#98 =( NAMED_UNIT ( * ) SI_UNIT ( $, .STERADIAN. ) SOLID_ANGLE_UNIT ( ) );
#99 = ADVANCED_FACE ( 'NONE', ( #157 ), #1755, .T. ) ;
#100 = ORIENTED_EDGE ( 'NONE', *, *, #591, .F. ) ;
#101 =( NAMED_UNIT ( * ) PLANE_ANGLE_UNIT ( ) SI_UNIT ( $, .RADIAN. ) );
#102 = CARTESIAN_POINT ( 'NONE',  ( -1.506181816635371984, -1.106181816635371629, 1.090000000000000080 ) ) ;
#103 =( NAMED_UNIT ( * ) PLANE_ANGLE_UNIT ( ) SI_UNIT ( $, .RADIAN. ) );
#104 = ORIENTED_EDGE ( 'NONE', *, *, #993, .F. ) ;
#105 = LINE ( 'NONE', #1348, #1988 ) ;
#106 = ORIENTED_EDGE ( 'NONE', *, *, #2194, .F. ) ;
#107 = COLOUR_RGB ( '',0.2862745098039215508, 0.2862745098039215508, 0.2862745098039215508 ) ;
#108 = CIRCLE ( 'NONE', #2146, 0.04999999999999991257 ) ;
#109 = DIRECTION ( 'NONE',  ( -0.1039620511844979167, 0.1039620511844979583, -0.9891328443778538704 ) ) ;
#110 = SURFACE_SIDE_STYLE ('',( #496 ) ) ;
#111 = EDGE_LOOP ( 'NONE', ( #1553, #364, #504, #2060, #2053, #472 ) ) ;
#112 = MECHANICAL_DESIGN_GEOMETRIC_PRESENTATION_REPRESENTATION (  '', ( #1481 ), #1799 ) ;
#113 = DIRECTION ( 'NONE',  ( 1.000000000000000000, 0.000000000000000000, 0.000000000000000000 ) ) ;
#114 = AXIS2_PLACEMENT_3D ( 'NONE', #1772, #2536, #769 ) ;
#115 = ORIENTED_EDGE ( 'NONE', *, *, #1698, .F. ) ;
#116 =( LENGTH_UNIT ( ) NAMED_UNIT ( * ) SI_UNIT ( .MILLI., .METRE. ) );
#117 = EDGE_CURVE ( 'NONE', #2295, #121, #1812, .T. ) ;
#118 = CARTESIAN_POINT ( 'NONE',  ( -1.900000000000000133, -1.249999999999999778, 0.1600000000000000033 ) ) ;
#119 = LINE ( 'NONE', #1041, #644 ) ;
#120 = CARTESIAN_POINT ( 'NONE',  ( 1.749999999999999778, 0.8749999999999998890, 0.000000000000000000 ) ) ;
#121 = VERTEX_POINT ( 'NONE', #1178 ) ;
#122 = DIRECTION ( 'NONE',  ( 0.000000000000000000, 0.000000000000000000, -1.000000000000000000 ) ) ;
#123 =( GEOMETRIC_REPRESENTATION_CONTEXT ( 3 ) GLOBAL_UNCERTAINTY_ASSIGNED_CONTEXT ( ( #1429 ) ) GLOBAL_UNIT_ASSIGNED_CONTEXT ( ( #183, #7, #962 ) ) REPRESENTATION_CONTEXT ( 'NONE', 'WORKASPACE' ) );
#124 = PLANE ( 'NONE',  #460 ) ;
#125 = AXIS2_PLACEMENT_3D ( 'NONE', #138, #761, #2311 ) ;
#126 = ORIENTED_EDGE ( 'NONE', *, *, #839, .F. ) ;
#127 = LINE ( 'NONE', #304, #284 ) ;
#128 = UNCERTAINTY_MEASURE_WITH_UNIT (LENGTH_MEASURE( 1.000000000000000082E-05 ), #1343, 'distance_accuracy_value', 'NONE');
#129 = CARTESIAN_POINT ( 'NONE',  ( 1.899999999999999689, 0.8749999999999998890, 0.000000000000000000 ) ) ;
#130 = VECTOR ( 'NONE', #2244, 1000.000000000000000 ) ;
#131 = EDGE_LOOP ( 'NONE', ( #1387, #1779, #1561, #2386 ) ) ;
#132 = DIRECTION ( 'NONE',  ( 0.9945218953682734009, 0.000000000000000000, -0.1045284632676536651 ) ) ;
#133 = CARTESIAN_POINT ( 'NONE',  ( 1.749999999999999778, 0.8749999999999998890, 0.000000000000000000 ) ) ;
#134 = CARTESIAN_POINT ( 'NONE',  ( 2.349999999999999645, 0.8750000000000000000, 0.000000000000000000 ) ) ;
#135 = CARTESIAN_POINT ( 'NONE',  ( -1.749999999999999778, -0.8749999999999994449, 0.1600000000000000033 ) ) ;
#136 = ORIENTED_EDGE ( 'NONE', *, *, #2324, .F. ) ;
#137 = EDGE_CURVE ( 'NONE', #1887, #1242, #1443, .T. ) ;
#138 = CARTESIAN_POINT ( 'NONE',  ( 1.749999999999999778, -0.8749999999999998890, 0.1600000000000000033 ) ) ;
#139 = CARTESIAN_POINT ( 'NONE',  ( 1.899999999999999689, -0.8749999999999998890, 0.1600000000000000033 ) ) ;
#140 = FILL_AREA_STYLE_COLOUR ( '', #79 ) ;
#141 = PLANE ( 'NONE',  #270 ) ;
#142 = ORIENTED_EDGE ( 'NONE', *, *, #559, .F. ) ;
#143 = VERTEX_POINT ( 'NONE', #2038 ) ;
#144 = LINE ( 'NONE', #1759, #2430 ) ;
#145 = ORIENTED_EDGE ( 'NONE', *, *, #1593, .T. ) ;
#146 =( NAMED_UNIT ( * ) PLANE_ANGLE_UNIT ( ) SI_UNIT ( $, .RADIAN. ) );
#147 = EDGE_CURVE ( 'NONE', #76, #2010, #671, .T. ) ;
#148 = PRESENTATION_STYLE_ASSIGNMENT (( #967 ) ) ;
#149 =( NAMED_UNIT ( * ) PLANE_ANGLE_UNIT ( ) SI_UNIT ( $, .RADIAN. ) );
#150 = ADVANCED_FACE ( 'NONE', ( #255 ), #619, .T. ) ;
#151 = ORIENTED_EDGE ( 'NONE', *, *, #774, .T. ) ;
#152 = CARTESIAN_POINT ( 'NONE',  ( -1.506181816635371984, -1.106181816635371629, 1.100000000000000089 ) ) ;
#153 = STYLED_ITEM ( 'NONE', ( #1371 ), #2151 ) ;
#154 = FACE_OUTER_BOUND ( 'NONE', #1599, .T. ) ;
#155 = LINE ( 'NONE', #758, #1172 ) ;
#156 = CIRCLE ( 'NONE', #1615, 0.05000000000000008604 ) ;
#157 = FACE_OUTER_BOUND ( 'NONE', #2445, .T. ) ;
#158 = DIRECTION ( 'NONE',  ( -0.000000000000000000, -1.000000000000000000, 0.000000000000000000 ) ) ;
#159 = FILL_AREA_STYLE ('',( #1361 ) ) ;
#160 = DIRECTION ( 'NONE',  ( -1.000000000000000000, 0.000000000000000000, 0.000000000000000000 ) ) ;
#161 = VECTOR ( 'NONE', #464, 1000.000000000000000 ) ;
#162 = VERTEX_POINT ( 'NONE', #234 ) ;
#163 = CARTESIAN_POINT ( 'NONE',  ( -1.900000000000000133, 1.249999999999999778, 0.1600000000000000033 ) ) ;
#164 = CARTESIAN_POINT ( 'NONE',  ( -1.756181816635371984, 1.106181816635371629, 1.050000000000000044 ) ) ;
#165 = ORIENTED_EDGE ( 'NONE', *, *, #381, .F. ) ;
#166 = CIRCLE ( 'NONE', #418, 0.05000000000000008604 ) ;
#167 = EDGE_LOOP ( 'NONE', ( #1748, #1506, #1502, #1473, #2537, #1223, #431, #2539, #173, #1075, #1967, #908, #1366, #1431, #2332, #560 ) ) ;
#168 = ADVANCED_FACE ( 'NONE', ( #824 ), #2023, .F. ) ;
#169 = PRESENTATION_LAYER_ASSIGNMENT (  '', '', ( #1986 ) ) ;
#170 =( NAMED_UNIT ( * ) SI_UNIT ( $, .STERADIAN. ) SOLID_ANGLE_UNIT ( ) );
#171 = SURFACE_SIDE_STYLE ('',( #545 ) ) ;
#172 = DIRECTION ( 'NONE',  ( 0.000000000000000000, 1.000000000000000000, 0.000000000000000000 ) ) ;
#173 = ORIENTED_EDGE ( 'NONE', *, *, #1256, .F. ) ;
#174 = FACE_OUTER_BOUND ( 'NONE', #346, .T. ) ;
#175 = ORIENTED_EDGE ( 'NONE', *, *, #1467, .F. ) ;
#176 = FACE_OUTER_BOUND ( 'NONE', #1989, .T. ) ;
#177 = CARTESIAN_POINT ( 'NONE',  ( 0.000000000000000000, 0.000000000000000000, 0.1600000000000000033 ) ) ;
#178 = FILL_AREA_STYLE_COLOUR ( '', #2423 ) ;
#179 = ORIENTED_EDGE ( 'NONE', *, *, #1808, .T. ) ;
#180 = UNCERTAINTY_MEASURE_WITH_UNIT (LENGTH_MEASURE( 1.000000000000000082E-05 ), #2139, 'distance_accuracy_value', 'NONE');
#181 = PRESENTATION_STYLE_ASSIGNMENT (( #1358 ) ) ;
#182 = ADVANCED_FACE ( 'NONE', ( #2374 ), #592, .F. ) ;
#183 =( LENGTH_UNIT ( ) NAMED_UNIT ( * ) SI_UNIT ( .MILLI., .METRE. ) );
#184 = ORIENTED_EDGE ( 'NONE', *, *, #2154, .F. ) ;
#185 =( NAMED_UNIT ( * ) SI_UNIT ( $, .STERADIAN. ) SOLID_ANGLE_UNIT ( ) );
#186 = PRESENTATION_STYLE_ASSIGNMENT (( #1206 ) ) ;
#187 = DIRECTION ( 'NONE',  ( 0.000000000000000000, 0.000000000000000000, 1.000000000000000000 ) ) ;
#188 = COLOUR_RGB ( '',0.2862745098039215508, 0.2862745098039215508, 0.2862745098039215508 ) ;
#189 = EDGE_LOOP ( 'NONE', ( #1968, #526, #1069, #1128 ) ) ;
#190 = AXIS2_PLACEMENT_3D ( 'NONE', #1847, #849, #486 ) ;
#191 =( NAMED_UNIT ( * ) PLANE_ANGLE_UNIT ( ) SI_UNIT ( $, .RADIAN. ) );
#192 = ORIENTED_EDGE ( 'NONE', *, *, #1621, .F. ) ;
#193 = DIRECTION ( 'NONE',  ( 0.000000000000000000, 0.000000000000000000, -1.000000000000000000 ) ) ;
#194 =( GEOMETRIC_REPRESENTATION_CONTEXT ( 3 ) GLOBAL_UNCERTAINTY_ASSIGNED_CONTEXT ( ( #52 ) ) GLOBAL_UNIT_ASSIGNED_CONTEXT ( ( #698, #427, #2027 ) ) REPRESENTATION_CONTEXT ( 'NONE', 'WORKASPACE' ) );
#195 = ORIENTED_EDGE ( 'NONE', *, *, #632, .T. ) ;
#196 = STYLED_ITEM ( 'NONE', ( #2064 ), #704 ) ;
#197 =( GEOMETRIC_REPRESENTATION_CONTEXT ( 3 ) GLOBAL_UNCERTAINTY_ASSIGNED_CONTEXT ( ( #1211 ) ) GLOBAL_UNIT_ASSIGNED_CONTEXT ( ( #977, #1367, #185 ) ) REPRESENTATION_CONTEXT ( 'NONE', 'WORKASPACE' ) );
#198 = DIRECTION ( 'NONE',  ( 1.000000000000000000, 0.000000000000000000, 0.000000000000000000 ) ) ;
#199 = MECHANICAL_DESIGN_GEOMETRIC_PRESENTATION_REPRESENTATION (  '', ( #328 ), #1706 ) ;
#200 = SURFACE_STYLE_FILL_AREA ( #1410 ) ;
#201 = SURFACE_STYLE_FILL_AREA ( #5 ) ;
#202 = UNCERTAINTY_MEASURE_WITH_UNIT (LENGTH_MEASURE( 1.000000000000000082E-05 ), #2378, 'distance_accuracy_value', 'NONE');
#203 = PRESENTATION_LAYER_ASSIGNMENT (  '', '', ( #1312 ) ) ;
#204 = PRESENTATION_LAYER_ASSIGNMENT (  '', '', ( #1756 ) ) ;
#205 = MECHANICAL_DESIGN_GEOMETRIC_PRESENTATION_REPRESENTATION (  '', ( #2439 ), #1267 ) ;
#206 = COLOUR_RGB ( '',0.2862745098039215508, 0.2862745098039215508, 0.2862745098039215508 ) ;
#207 = ORIENTED_EDGE ( 'NONE', *, *, #718, .F. ) ;
#208 = SURFACE_STYLE_USAGE ( .BOTH. , #1210 ) ;
#209 = CARTESIAN_POINT ( 'NONE',  ( 0.000000000000000000, 1.106181816635371629, 1.100000000000000089 ) ) ;
#210 = MECHANICAL_DESIGN_GEOMETRIC_PRESENTATION_REPRESENTATION (  '', ( #1145 ), #1668 ) ;
#211 = COLOUR_RGB ( '',0.2862745098039215508, 0.2862745098039215508, 0.2862745098039215508 ) ;
#212 = VECTOR ( 'NONE', #222, 1000.000000000000000 ) ;
#213 = CARTESIAN_POINT ( 'NONE',  ( 0.000000000000000000, 1.106181816635371629, 1.090000000000000080 ) ) ;
#214 = ORIENTED_EDGE ( 'NONE', *, *, #1127, .F. ) ;
#215 = AXIS2_PLACEMENT_3D ( 'NONE', #2008, #1417, #440 ) ;
#216 = EDGE_CURVE ( 'NONE', #15, #2412, #1489, .T. ) ;
#217 = CARTESIAN_POINT ( 'NONE',  ( -1.899840407584205249, -1.229308955135588244, 0.1615163533964956433 ) ) ;
#218 = PRESENTATION_STYLE_ASSIGNMENT (( #2170 ) ) ;
#219 = CARTESIAN_POINT ( 'NONE',  ( -2.349999999999999645, 0.8749999999999994449, 0.000000000000000000 ) ) ;
#220 = ORIENTED_EDGE ( 'NONE', *, *, #1823, .F. ) ;
#221 = SURFACE_STYLE_USAGE ( .BOTH. , #423 ) ;
#222 = DIRECTION ( 'NONE',  ( 1.000000000000000000, 0.000000000000000000, 0.000000000000000000 ) ) ;
#223 = EDGE_CURVE ( 'NONE', #1735, #926, #1465, .T. ) ;
#224 = FILL_AREA_STYLE ('',( #2403 ) ) ;
#225 = CARTESIAN_POINT ( 'NONE',  ( 0.000000000000000000, 1.106181816635371629, 1.100000000000000089 ) ) ;
#226 =( BOUNDED_CURVE ( )  B_SPLINE_CURVE ( 3, ( #2474, #2210, #1004, #311 ),
 .UNSPECIFIED., .F., .T. ) 
 B_SPLINE_CURVE_WITH_KNOTS ( ( 4, 4 ),
 ( 5.503257793452736024, 7.063112820906415124 ),
 .UNSPECIFIED. ) 
 CURVE ( )  GEOMETRIC_REPRESENTATION_ITEM ( )  RATIONAL_B_SPLINE_CURVE ( ( 1.000000000000000000, 0.8073096761657725384, 0.8073096761657725384, 1.000000000000000000 ) ) 
 REPRESENTATION_ITEM ( '' )  );
#227 =( NAMED_UNIT ( * ) PLANE_ANGLE_UNIT ( ) SI_UNIT ( $, .RADIAN. ) );
#228 = FILL_AREA_STYLE_COLOUR ( '', #2329 ) ;
#229 = EDGE_CURVE ( 'NONE', #2347, #2295, #1061, .T. ) ;
#230 = SURFACE_STYLE_FILL_AREA ( #430 ) ;
#231 = ORIENTED_EDGE ( 'NONE', *, *, #2359, .T. ) ;
#232 = FACE_OUTER_BOUND ( 'NONE', #782, .T. ) ;
#233 = UNCERTAINTY_MEASURE_WITH_UNIT (LENGTH_MEASURE( 1.000000000000000082E-05 ), #792, 'distance_accuracy_value', 'NONE');
#234 = CARTESIAN_POINT ( 'NONE',  ( 1.749999999999999778, 0.8749999999999998890, 0.1600000000000000033 ) ) ;
#235 = MECHANICAL_DESIGN_GEOMETRIC_PRESENTATION_REPRESENTATION (  '', ( #2300 ), #1351 ) ;
#236 = EDGE_LOOP ( 'NONE', ( #938, #497, #1216, #931 ) ) ;
#237 = VECTOR ( 'NONE', #158, 1000.000000000000000 ) ;
#238 = DIRECTION ( 'NONE',  ( 0.000000000000000000, 0.000000000000000000, -1.000000000000000000 ) ) ;
#239 = CARTESIAN_POINT ( 'NONE',  ( 1.899999999999999689, -0.8749999999999998890, 0.1600000000000000033 ) ) ;
#240 = DIRECTION ( 'NONE',  ( 1.000000000000000000, 0.000000000000000000, 0.000000000000000000 ) ) ;
#241 = EDGE_CURVE ( 'NONE', #1316, #765, #1036, .T. ) ;
#242 = ORIENTED_EDGE ( 'NONE', *, *, #1604, .F. ) ;
#243 =( GEOMETRIC_REPRESENTATION_CONTEXT ( 3 ) GLOBAL_UNCERTAINTY_ASSIGNED_CONTEXT ( ( #2302 ) ) GLOBAL_UNIT_ASSIGNED_CONTEXT ( ( #510, #2505, #950 ) ) REPRESENTATION_CONTEXT ( 'NONE', 'WORKASPACE' ) );
#244 = AXIS2_PLACEMENT_3D ( 'NONE', #1577, #599, #1796 ) ;
#245 = APPLICATION_CONTEXT ( 'automotive_design' ) ;
#246 = ORIENTED_EDGE ( 'NONE', *, *, #1479, .T. ) ;
#247 = STYLED_ITEM ( 'NONE', ( #20 ), #66 ) ;
#248 = LINE ( 'NONE', #1610, #84 ) ;
#249 = DIRECTION ( 'NONE',  ( 0.000000000000000000, -0.000000000000000000, 1.000000000000000000 ) ) ;
#250 = SURFACE_STYLE_USAGE ( .BOTH. , #1225 ) ;
#251 = CARTESIAN_POINT ( 'NONE',  ( -1.900000000000000133, 1.249999999999999778, 0.1600000000000000033 ) ) ;
#252 = PRESENTATION_STYLE_ASSIGNMENT (( #31 ) ) ;
#253 = ORIENTED_EDGE ( 'NONE', *, *, #1112, .T. ) ;
#254 = SURFACE_STYLE_USAGE ( .BOTH. , #1441 ) ;
#255 = FACE_OUTER_BOUND ( 'NONE', #1111, .T. ) ;
#256 = EDGE_CURVE ( 'NONE', #602, #42, #494, .T. ) ;
#257 = LINE ( 'NONE', #1683, #1480 ) ;
#258 = CYLINDRICAL_SURFACE ( 'NONE', #1979, 0.05000000000000008604 ) ;
#259 = EDGE_CURVE ( 'NONE', #1600, #1344, #691, .T. ) ;
#260 = PRESENTATION_STYLE_ASSIGNMENT (( #465 ) ) ;
#261 = PRESENTATION_STYLE_ASSIGNMENT (( #2045 ) ) ;
#262 = SURFACE_SIDE_STYLE ('',( #2273 ) ) ;
#263 = ORIENTED_EDGE ( 'NONE', *, *, #2455, .T. ) ;
#264 = FILL_AREA_STYLE_COLOUR ( '', #1757 ) ;
#265 = LINE ( 'NONE', #670, #2076 ) ;
#266 = LINE ( 'NONE', #1460, #642 ) ;
#267 = DIRECTION ( 'NONE',  ( 1.000000000000000000, -0.000000000000000000, -0.000000000000000000 ) ) ;
#268 = ORIENTED_EDGE ( 'NONE', *, *, #2169, .F. ) ;
#269 = ADVANCED_FACE ( 'NONE', ( #1842 ), #89, .T. ) ;
#270 = AXIS2_PLACEMENT_3D ( 'NONE', #791, #1992, #383 ) ;
#271 =( GEOMETRIC_REPRESENTATION_CONTEXT ( 3 ) GLOBAL_UNCERTAINTY_ASSIGNED_CONTEXT ( ( #1174 ) ) GLOBAL_UNIT_ASSIGNED_CONTEXT ( ( #2009, #191, #1804 ) ) REPRESENTATION_CONTEXT ( 'NONE', 'WORKASPACE' ) );
#272 = FILL_AREA_STYLE_COLOUR ( '', #206 ) ;
#273 = DIRECTION ( 'NONE',  ( -1.000000000000000000, 0.000000000000000000, -0.000000000000000000 ) ) ;
#274 = VECTOR ( 'NONE', #501, 1000.000000000000000 ) ;
#275 = ORIENTED_EDGE ( 'NONE', *, *, #13, .F. ) ;
#276 = PRESENTATION_STYLE_ASSIGNMENT (( #2080 ) ) ;
#277 = UNCERTAINTY_MEASURE_WITH_UNIT (LENGTH_MEASURE( 1.000000000000000082E-05 ), #855, 'distance_accuracy_value', 'NONE');
#278 = AXIS2_PLACEMENT_3D ( 'NONE', #2285, #1261, #2072 ) ;
#279 = PRESENTATION_LAYER_ASSIGNMENT (  '', '', ( #1829 ) ) ;
#280 = DIRECTION ( 'NONE',  ( 0.000000000000000000, -1.000000000000000000, 0.000000000000000000 ) ) ;
#281 = CARTESIAN_POINT ( 'NONE',  ( 1.899999999999999689, -1.249999999999999778, 0.1600000000000000033 ) ) ;
#282 = EDGE_LOOP ( 'NONE', ( #806, #2140, #853, #1181 ) ) ;
#283 = VECTOR ( 'NONE', #198, 1000.000000000000000 ) ;
#284 = VECTOR ( 'NONE', #1117, 1000.000000000000000 ) ;
#285 = FILL_AREA_STYLE ('',( #664 ) ) ;
#286 = STYLED_ITEM ( 'NONE', ( #1322 ), #2067 ) ;
#287 = CARTESIAN_POINT ( 'NONE',  ( 2.349999999999999645, -0.8750000000000000000, 0.000000000000000000 ) ) ;
#288 = EDGE_CURVE ( 'NONE', #2480, #1887, #857, .T. ) ;
#289 = STYLED_ITEM ( 'NONE', ( #1512 ), #459 ) ;
#290 = PRESENTATION_STYLE_ASSIGNMENT (( #1320 ) ) ;
#291 = CARTESIAN_POINT ( 'NONE',  ( 1.749999999999999778, 0.8749999999999997780, 0.1600000000000000033 ) ) ;
#292 = AXIS2_PLACEMENT_3D ( 'NONE', #2182, #61, #433 ) ;
#293 = AXIS2_PLACEMENT_3D ( 'NONE', #251, #1649, #2429 ) ;
#294 = ORIENTED_EDGE ( 'NONE', *, *, #147, .T. ) ;
#295 = DIRECTION ( 'NONE',  ( 0.000000000000000000, 0.000000000000000000, 1.000000000000000000 ) ) ;
#296 = SURFACE_STYLE_FILL_AREA ( #47 ) ;
#297 = VERTEX_POINT ( 'NONE', #872 ) ;
#298 = FACE_OUTER_BOUND ( 'NONE', #189, .T. ) ;
#299 = CARTESIAN_POINT ( 'NONE',  ( 1.899999999999999689, -1.249999999999999778, 0.1600000000000000033 ) ) ;
#300 = DIRECTION ( 'NONE',  ( -1.000000000000000000, 0.000000000000000000, -0.000000000000000000 ) ) ;
#301 = FILL_AREA_STYLE_COLOUR ( '', #865 ) ;
#302 = VERTEX_POINT ( 'NONE', #2450 ) ;
#303 = ADVANCED_FACE ( 'NONE', ( #2463 ), #1382, .T. ) ;
#304 = CARTESIAN_POINT ( 'NONE',  ( 1.899999999999999689, -1.249999999999999778, 0.1600000000000000033 ) ) ;
#305 = LINE ( 'NONE', #1442, #1628 ) ;
#306 = UNCERTAINTY_MEASURE_WITH_UNIT (LENGTH_MEASURE( 1.000000000000000082E-05 ), #925, 'distance_accuracy_value', 'NONE');
#307 = LINE ( 'NONE', #1444, #1575 ) ;
#308 = SURFACE_STYLE_USAGE ( .BOTH. , #2145 ) ;
#309 = DIRECTION ( 'NONE',  ( 0.000000000000000000, 0.000000000000000000, 1.000000000000000000 ) ) ;
#310 = DIRECTION ( 'NONE',  ( 0.000000000000000000, 1.000000000000000000, 0.000000000000000000 ) ) ;
#311 = CARTESIAN_POINT ( 'NONE',  ( 1.899999999999999689, -1.200273905231586058, 0.1600000000000000033 ) ) ;
#312 = VERTEX_POINT ( 'NONE', #2005 ) ;
#313 = CARTESIAN_POINT ( 'NONE',  ( -1.900000000000000133, 0.8749999999999990008, 0.1600000000000000033 ) ) ;
#314 = MANIFOLD_SOLID_BREP ( 'Boss-Extrude4', #663 ) ;
#315 = SURFACE_STYLE_USAGE ( .BOTH. , #1319 ) ;
#316 = EDGE_LOOP ( 'NONE', ( #1815, #352, #562, #812 ) ) ;
#317 = COLOUR_RGB ( '',0.2862745098039215508, 0.2862745098039215508, 0.2862745098039215508 ) ;
#318 = VECTOR ( 'NONE', #640, 1000.000000000000000 ) ;
#319 = DIRECTION ( 'NONE',  ( 0.000000000000000000, 0.9945218953682732899, 0.1045284632676537068 ) ) ;
#320 = ORIENTED_EDGE ( 'NONE', *, *, #1943, .T. ) ;
#321 = DIRECTION ( 'NONE',  ( 0.000000000000000000, 1.000000000000000000, 0.000000000000000000 ) ) ;
#322 = EDGE_CURVE ( 'NONE', #1712, #1141, #4, .T. ) ;
#323 = SHAPE_DEFINITION_REPRESENTATION ( #767, #1286 ) ;
#324 = ORIENTED_EDGE ( 'NONE', *, *, #684, .T. ) ;
#325 = FILL_AREA_STYLE_COLOUR ( '', #752 ) ;
#326 = DIRECTION ( 'NONE',  ( -0.000000000000000000, -0.000000000000000000, -1.000000000000000000 ) ) ;
#327 = LINE ( 'NONE', #1700, #369 ) ;
#328 = STYLED_ITEM ( 'NONE', ( #2431 ), #1504 ) ;
#329 = CARTESIAN_POINT ( 'NONE',  ( -1.900000000000000133, 1.249999999999999778, 0.1600000000000000033 ) ) ;
#330 = MECHANICAL_DESIGN_GEOMETRIC_PRESENTATION_REPRESENTATION (  '', ( #1091 ), #620 ) ;
#331 = MECHANICAL_DESIGN_GEOMETRIC_PRESENTATION_REPRESENTATION (  '', ( #1202 ), #123 ) ;
#332 =( GEOMETRIC_REPRESENTATION_CONTEXT ( 3 ) GLOBAL_UNCERTAINTY_ASSIGNED_CONTEXT ( ( #1826 ) ) GLOBAL_UNIT_ASSIGNED_CONTEXT ( ( #1474, #51, #453 ) ) REPRESENTATION_CONTEXT ( 'NONE', 'WORKASPACE' ) );
#333 = STYLED_ITEM ( 'NONE', ( #2198 ), #1131 ) ;
#334 = PRESENTATION_LAYER_ASSIGNMENT (  '', '', ( #2483 ) ) ;
#335 = SURFACE_STYLE_FILL_AREA ( #1958 ) ;
#336 = FACE_OUTER_BOUND ( 'NONE', #167, .T. ) ;
#337 = PRESENTATION_LAYER_ASSIGNMENT (  '', '', ( #1794 ) ) ;
#338 = MECHANICAL_DESIGN_GEOMETRIC_PRESENTATION_REPRESENTATION (  '', ( #2082 ), #538 ) ;
#339 = ORIENTED_EDGE ( 'NONE', *, *, #2071, .F. ) ;
#340 =( NAMED_UNIT ( * ) PLANE_ANGLE_UNIT ( ) SI_UNIT ( $, .RADIAN. ) );
#341 = PRESENTATION_LAYER_ASSIGNMENT (  '', '', ( #1461 ) ) ;
#342 =( NAMED_UNIT ( * ) SI_UNIT ( $, .STERADIAN. ) SOLID_ANGLE_UNIT ( ) );
#343 = LINE ( 'NONE', #1728, #2019 ) ;
#344 =( NAMED_UNIT ( * ) SI_UNIT ( $, .STERADIAN. ) SOLID_ANGLE_UNIT ( ) );
#345 = DIRECTION ( 'NONE',  ( 0.000000000000000000, -0.000000000000000000, -1.000000000000000000 ) ) ;
#346 = EDGE_LOOP ( 'NONE', ( #1378, #1012, #1018, #900 ) ) ;
#347 = DIRECTION ( 'NONE',  ( -0.000000000000000000, -1.000000000000000000, -0.000000000000000000 ) ) ;
#348 = ORIENTED_EDGE ( 'NONE', *, *, #1467, .T. ) ;
#349 = EDGE_CURVE ( 'NONE', #302, #1316, #2382, .T. ) ;
#350 = CARTESIAN_POINT ( 'NONE',  ( 1.756181816635371540, -1.106181816635371629, 1.050000000000000044 ) ) ;
#351 = SURFACE_STYLE_USAGE ( .BOTH. , #1490 ) ;
#352 = ORIENTED_EDGE ( 'NONE', *, *, #2413, .F. ) ;
#353 = CARTESIAN_POINT ( 'NONE',  ( -1.756181816635371984, 0.000000000000000000, 1.090000000000000080 ) ) ;
#354 = CARTESIAN_POINT ( 'NONE',  ( -1.900000000000000133, -1.249999999999999778, 0.1600000000000000033 ) ) ;
#355 = MANIFOLD_SOLID_BREP ( 'Boss-Extrude3[1]', #621 ) ;
#356 = DIRECTION ( 'NONE',  ( -1.000000000000000000, -1.807003620809175125E-16, 0.000000000000000000 ) ) ;
#357 = SURFACE_STYLE_USAGE ( .BOTH. , #1925 ) ;
#358 = CARTESIAN_POINT ( 'NONE',  ( -2.349999999999999645, -0.8749999999999994449, 0.1600000000000000033 ) ) ;
#359 = FACE_OUTER_BOUND ( 'NONE', #2286, .T. ) ;
#360 = CARTESIAN_POINT ( 'NONE',  ( -1.756181816635371984, -1.106181816635371629, 1.050000000000000044 ) ) ;
#361 = ADVANCED_FACE ( 'NONE', ( #1028 ), #73, .T. ) ;
#362 = VECTOR ( 'NONE', #904, 1000.000000000000000 ) ;
#363 = FILL_AREA_STYLE ('',( #178 ) ) ;
#364 = ORIENTED_EDGE ( 'NONE', *, *, #1738, .T. ) ;
#365 = FILL_AREA_STYLE ('',( #2485 ) ) ;
#366 = VECTOR ( 'NONE', #1293, 1000.000000000000000 ) ;
#367 = DIRECTION ( 'NONE',  ( -0.1039620511844979167, -0.1039620511844979583, 0.9891328443778538704 ) ) ;
#368 = MECHANICAL_DESIGN_GEOMETRIC_PRESENTATION_REPRESENTATION (  '', ( #1312 ), #2017 ) ;
#369 = VECTOR ( 'NONE', #2489, 1000.000000000000000 ) ;
#370 = FILL_AREA_STYLE ('',( #922 ) ) ;
#371 = VECTOR ( 'NONE', #572, 1000.000000000000000 ) ;
#372 =( NAMED_UNIT ( * ) PLANE_ANGLE_UNIT ( ) SI_UNIT ( $, .RADIAN. ) );
#373 = DIRECTION ( 'NONE',  ( 0.000000000000000000, -1.000000000000000000, 0.000000000000000000 ) ) ;
#374 = ORIENTED_EDGE ( 'NONE', *, *, #1749, .T. ) ;
#375 = DIRECTION ( 'NONE',  ( 0.000000000000000000, 0.000000000000000000, 1.000000000000000000 ) ) ;
#376 = VECTOR ( 'NONE', #940, 1000.000000000000000 ) ;
#377 = VERTEX_POINT ( 'NONE', #2046 ) ;
#378 =( NAMED_UNIT ( * ) PLANE_ANGLE_UNIT ( ) SI_UNIT ( $, .RADIAN. ) );
#379 = ORIENTED_EDGE ( 'NONE', *, *, #1185, .T. ) ;
#380 = PLANE ( 'NONE',  #1662 ) ;
#381 = EDGE_CURVE ( 'NONE', #833, #586, #858, .T. ) ;
#382 = COLOUR_RGB ( '',0.2862745098039215508, 0.2862745098039215508, 0.2862745098039215508 ) ;
#383 = DIRECTION ( 'NONE',  ( -1.000000000000000000, 0.000000000000000000, -0.000000000000000000 ) ) ;
#384 = STYLED_ITEM ( 'NONE', ( #2167 ), #1634 ) ;
#385 = ORIENTED_EDGE ( 'NONE', *, *, #2492, .F. ) ;
#386 = STYLED_ITEM ( 'NONE', ( #276 ), #1243 ) ;
#387 = CARTESIAN_POINT ( 'NONE',  ( 0.000000000000000000, 0.000000000000000000, 1.090000000000000080 ) ) ;
#388 = VECTOR ( 'NONE', #1287, 1000.000000000000000 ) ;
#389 = DIRECTION ( 'NONE',  ( 0.000000000000000000, 0.000000000000000000, -1.000000000000000000 ) ) ;
#390 = PRESENTATION_STYLE_ASSIGNMENT (( #2326 ) ) ;
#391 = STYLED_ITEM ( 'NONE', ( #261 ), #303 ) ;
#392 = SURFACE_SIDE_STYLE ('',( #2310 ) ) ;
#393 = ORIENTED_EDGE ( 'NONE', *, *, #54, .T. ) ;
#394 = VERTEX_POINT ( 'NONE', #1874 ) ;
#395 = PLANE ( 'NONE',  #785 ) ;
#396 =( LENGTH_UNIT ( ) NAMED_UNIT ( * ) SI_UNIT ( .MILLI., .METRE. ) );
#397 = EDGE_LOOP ( 'NONE', ( #1483, #1521, #1997, #2341 ) ) ;
#398 =( NAMED_UNIT ( * ) PLANE_ANGLE_UNIT ( ) SI_UNIT ( $, .RADIAN. ) );
#399 = EDGE_CURVE ( 'NONE', #377, #1981, #265, .T. ) ;
#400 = CARTESIAN_POINT ( 'NONE',  ( 1.849999999999998757, -1.249999999999999778, 0.1600000000000000033 ) ) ;
#401 = VERTEX_POINT ( 'NONE', #1899 ) ;
#402 = ORIENTED_EDGE ( 'NONE', *, *, #1617, .F. ) ;
#403 = FILL_AREA_STYLE_COLOUR ( '', #77 ) ;
#404 = LINE ( 'NONE', #1422, #283 ) ;
#405 = FACE_OUTER_BOUND ( 'NONE', #702, .T. ) ;
#406 =( NAMED_UNIT ( * ) PLANE_ANGLE_UNIT ( ) SI_UNIT ( $, .RADIAN. ) );
#407 = PRESENTATION_LAYER_ASSIGNMENT (  '', '', ( #1693 ) ) ;
#408 = ORIENTED_EDGE ( 'NONE', *, *, #1839, .F. ) ;
#409 = EDGE_CURVE ( 'NONE', #926, #2184, #499, .T. ) ;
#410 = AXIS2_PLACEMENT_3D ( 'NONE', #1122, #2339, #1773 ) ;
#411 = LINE ( 'NONE', #1011, #929 ) ;
#412 = ORIENTED_EDGE ( 'NONE', *, *, #2398, .T. ) ;
#413 = ORIENTED_EDGE ( 'NONE', *, *, #1990, .F. ) ;
#414 = MECHANICAL_DESIGN_GEOMETRIC_PRESENTATION_REPRESENTATION (  '', ( #196 ), #570 ) ;
#415 = CARTESIAN_POINT ( 'NONE',  ( -1.879308955135588599, -1.249840407584205115, 0.1615163533964956433 ) ) ;
#416 = PLANE ( 'NONE',  #244 ) ;
#417 = DIRECTION ( 'NONE',  ( -0.1039620511844979306, 0.1039620511844979445, -0.9891328443778538704 ) ) ;
#418 = AXIS2_PLACEMENT_3D ( 'NONE', #350, #1929, #930 ) ;
#419 = ORIENTED_EDGE ( 'NONE', *, *, #117, .T. ) ;
#420 = UNCERTAINTY_MEASURE_WITH_UNIT (LENGTH_MEASURE( 1.000000000000000082E-05 ), #999, 'distance_accuracy_value', 'NONE');
#421 =( NAMED_UNIT ( * ) SI_UNIT ( $, .STERADIAN. ) SOLID_ANGLE_UNIT ( ) );
#422 = PRESENTATION_LAYER_ASSIGNMENT (  '', '', ( #1546 ) ) ;
#423 = SURFACE_SIDE_STYLE ('',( #2556 ) ) ;
#424 = EDGE_CURVE ( 'NONE', #2184, #1163, #454, .T. ) ;
#425 = AXIS2_PLACEMENT_3D ( 'NONE', #1971, #28, #1425 ) ;
#426 = EDGE_CURVE ( 'NONE', #2180, #861, #305, .T. ) ;
#427 =( NAMED_UNIT ( * ) PLANE_ANGLE_UNIT ( ) SI_UNIT ( $, .RADIAN. ) );
#428 = SURFACE_STYLE_FILL_AREA ( #808 ) ;
#429 = DIRECTION ( 'NONE',  ( 0.000000000000000000, 0.000000000000000000, -1.000000000000000000 ) ) ;
#430 = FILL_AREA_STYLE ('',( #1413 ) ) ;
#431 = ORIENTED_EDGE ( 'NONE', *, *, #581, .F. ) ;
#432 = CARTESIAN_POINT ( 'NONE',  ( 0.000000000000000000, 1.106181816635371629, 1.050000000000000044 ) ) ;
#433 = DIRECTION ( 'NONE',  ( -1.000000000000000000, 0.000000000000000000, 0.000000000000000000 ) ) ;
#434 = SURFACE_STYLE_FILL_AREA ( #1421 ) ;
#435 = ADVANCED_FACE ( 'NONE', ( #1655 ), #2432, .T. ) ;
#436 =( NAMED_UNIT ( * ) PLANE_ANGLE_UNIT ( ) SI_UNIT ( $, .RADIAN. ) );
#437 = SURFACE_STYLE_FILL_AREA ( #1438 ) ;
#438 = ORIENTED_EDGE ( 'NONE', *, *, #1621, .T. ) ;
#439 = UNCERTAINTY_MEASURE_WITH_UNIT (LENGTH_MEASURE( 1.000000000000000082E-05 ), #1010, 'distance_accuracy_value', 'NONE');
#440 = DIRECTION ( 'NONE',  ( 1.960260340896361263E-16, -1.000000000000000000, 0.000000000000000000 ) ) ;
#441 = CARTESIAN_POINT ( 'NONE',  ( -1.506181816635371984, 1.106181816635371629, 1.100000000000000089 ) ) ;
#442 =( GEOMETRIC_REPRESENTATION_CONTEXT ( 3 ) GLOBAL_UNCERTAINTY_ASSIGNED_CONTEXT ( ( #541 ) ) GLOBAL_UNIT_ASSIGNED_CONTEXT ( ( #2291, #1315, #2544 ) ) REPRESENTATION_CONTEXT ( 'NONE', 'WORKASPACE' ) );
#443 = DIRECTION ( 'NONE',  ( 0.000000000000000000, 0.000000000000000000, -1.000000000000000000 ) ) ;
#444 = MECHANICAL_DESIGN_GEOMETRIC_PRESENTATION_REPRESENTATION (  '', ( #2257 ), #1978 ) ;
#445 = CARTESIAN_POINT ( 'NONE',  ( -1.809740539509907986, 1.209466634278320907, 0.5456492140323466744 ) ) ;
#446 = SURFACE_STYLE_FILL_AREA ( #1435 ) ;
#447 = MECHANICAL_DESIGN_GEOMETRIC_PRESENTATION_REPRESENTATION (  '', ( #2263 ), #1179 ) ;
#448 = ADVANCED_FACE ( 'NONE', ( #951 ), #1769, .F. ) ;
#449 = PRESENTATION_LAYER_ASSIGNMENT (  '', '', ( #650 ) ) ;
#450 = FACE_OUTER_BOUND ( 'NONE', #716, .T. ) ;
#451 =( GEOMETRIC_REPRESENTATION_CONTEXT ( 3 ) GLOBAL_UNCERTAINTY_ASSIGNED_CONTEXT ( ( #823 ) ) GLOBAL_UNIT_ASSIGNED_CONTEXT ( ( #2395, #1383, #2384 ) ) REPRESENTATION_CONTEXT ( 'NONE', 'WORKASPACE' ) );
#452 = EDGE_LOOP ( 'NONE', ( #184, #1686, #773, #412 ) ) ;
#453 =( NAMED_UNIT ( * ) SI_UNIT ( $, .STERADIAN. ) SOLID_ANGLE_UNIT ( ) );
#454 = LINE ( 'NONE', #1709, #2481 ) ;
#455 = SURFACE_STYLE_FILL_AREA ( #1838 ) ;
#456 = VECTOR ( 'NONE', #1360, 1000.000000000000000 ) ;
#457 = DIRECTION ( 'NONE',  ( -0.000000000000000000, -0.000000000000000000, -1.000000000000000000 ) ) ;
#458 = AXIS2_PLACEMENT_3D ( 'NONE', #875, #1681, #1428 ) ;
#459 = ADVANCED_FACE ( 'NONE', ( #2532 ), #1329, .T. ) ;
#460 = AXIS2_PLACEMENT_3D ( 'NONE', #177, #1149, #1777 ) ;
#461 = PRESENTATION_LAYER_ASSIGNMENT (  '', '', ( #821 ) ) ;
#462 = VECTOR ( 'NONE', #723, 1000.000000000000000 ) ;
#463 = EDGE_LOOP ( 'NONE', ( #1395, #1618, #1946, #393 ) ) ;
#464 = DIRECTION ( 'NONE',  ( 1.000000000000000000, 0.000000000000000000, 0.000000000000000000 ) ) ;
#465 = SURFACE_STYLE_USAGE ( .BOTH. , #2231 ) ;
#466 = FILL_AREA_STYLE_COLOUR ( '', #2278 ) ;
#467 = PRESENTATION_STYLE_ASSIGNMENT (( #1459 ) ) ;
#468 = LINE ( 'NONE', #500, #2059 ) ;
#469 = CARTESIAN_POINT ( 'NONE',  ( 0.000000000000000000, 1.106181816635371629, 1.090000000000000080 ) ) ;
#470 = DIRECTION ( 'NONE',  ( 1.000000000000000000, 0.000000000000000000, 0.000000000000000000 ) ) ;
#471 = DIRECTION ( 'NONE',  ( -1.807003620809175125E-16, -1.000000000000000000, 0.000000000000000000 ) ) ;
#472 = ORIENTED_EDGE ( 'NONE', *, *, #605, .T. ) ;
#473 = FACE_OUTER_BOUND ( 'NONE', #236, .T. ) ;
#474 = FILL_AREA_STYLE ('',( #1682 ) ) ;
#475 = CARTESIAN_POINT ( 'NONE',  ( -1.900000000000000133, 1.249999999999999778, 0.000000000000000000 ) ) ;
#476 = EDGE_CURVE ( 'NONE', #2036, #1427, #936, .T. ) ;
#477 = VERTEX_POINT ( 'NONE', #557 ) ;
#478 =( GEOMETRIC_REPRESENTATION_CONTEXT ( 3 ) GLOBAL_UNCERTAINTY_ASSIGNED_CONTEXT ( ( #1535 ) ) GLOBAL_UNIT_ASSIGNED_CONTEXT ( ( #2014, #1501, #1906 ) ) REPRESENTATION_CONTEXT ( 'NONE', 'WORKASPACE' ) );
#479 = LINE ( 'NONE', #688, #2551 ) ;
#480 = STYLED_ITEM ( 'NONE', ( #795 ), #2298 ) ;
#481 = LINE ( 'NONE', #2047, #1362 ) ;
#482 = PRESENTATION_LAYER_ASSIGNMENT (  '', '', ( #2263 ) ) ;
#483 = ORIENTED_EDGE ( 'NONE', *, *, #632, .F. ) ;
#484 = UNCERTAINTY_MEASURE_WITH_UNIT (LENGTH_MEASURE( 1.000000000000000082E-05 ), #1732, 'distance_accuracy_value', 'NONE');
#485 = VECTOR ( 'NONE', #2271, 1000.000000000000000 ) ;
#486 = DIRECTION ( 'NONE',  ( 0.9945218953682734009, 0.000000000000000000, 0.1045284632676536651 ) ) ;
#487 = FILL_AREA_STYLE_COLOUR ( '', #933 ) ;
#488 = PRESENTATION_LAYER_ASSIGNMENT (  '', '', ( #1497 ) ) ;
#489 = AXIS2_PLACEMENT_3D ( 'NONE', #329, #707, #2294 ) ;
#490 = DIRECTION ( 'NONE',  ( 1.000000000000000000, 0.000000000000000000, 0.000000000000000000 ) ) ;
#491 =( GEOMETRIC_REPRESENTATION_CONTEXT ( 3 ) GLOBAL_UNCERTAINTY_ASSIGNED_CONTEXT ( ( #2206 ) ) GLOBAL_UNIT_ASSIGNED_CONTEXT ( ( #659, #2388, #1402 ) ) REPRESENTATION_CONTEXT ( 'NONE', 'WORKASPACE' ) );
#492 = EDGE_CURVE ( 'NONE', #394, #2295, #2338, .T. ) ;
#493 = CARTESIAN_POINT ( 'NONE',  ( 2.349999999999999645, 0.8750000000000000000, 0.1600000000000000033 ) ) ;
#494 = LINE ( 'NONE', #1027, #1021 ) ;
#495 = MECHANICAL_DESIGN_GEOMETRIC_PRESENTATION_REPRESENTATION (  '', ( #2034 ), #1499 ) ;
#496 = SURFACE_STYLE_FILL_AREA ( #1337 ) ;
#497 = ORIENTED_EDGE ( 'NONE', *, *, #508, .F. ) ;
#498 = PRESENTATION_STYLE_ASSIGNMENT (( #1076 ) ) ;
#499 = LINE ( 'NONE', #2260, #945 ) ;
#500 = CARTESIAN_POINT ( 'NONE',  ( -1.756181816635371984, 1.106181816635371851, 1.090000000000000080 ) ) ;
#501 = DIRECTION ( 'NONE',  ( 0.000000000000000000, 1.000000000000000000, 0.000000000000000000 ) ) ;
#502 = CARTESIAN_POINT ( 'NONE',  ( 2.349999999999999645, -0.8750000000000000000, 0.000000000000000000 ) ) ;
#503 = LINE ( 'NONE', #2282, #2057 ) ;
#504 = ORIENTED_EDGE ( 'NONE', *, *, #1450, .T. ) ;
#505 = PRESENTATION_STYLE_ASSIGNMENT (( #868 ) ) ;
#506 = LINE ( 'NONE', #493, #32 ) ;
#507 = ORIENTED_EDGE ( 'NONE', *, *, #902, .F. ) ;
#508 = EDGE_CURVE ( 'NONE', #312, #477, #1137, .T. ) ;
#509 = VERTEX_POINT ( 'NONE', #1953 ) ;
#510 =( LENGTH_UNIT ( ) NAMED_UNIT ( * ) SI_UNIT ( .MILLI., .METRE. ) );
#511 =( NAMED_UNIT ( * ) PLANE_ANGLE_UNIT ( ) SI_UNIT ( $, .RADIAN. ) );
#512 = UNCERTAINTY_MEASURE_WITH_UNIT (LENGTH_MEASURE( 1.000000000000000082E-05 ), #1193, 'distance_accuracy_value', 'NONE');
#513 = FACE_OUTER_BOUND ( 'NONE', #2186, .T. ) ;
#514 = CARTESIAN_POINT ( 'NONE',  ( 1.749999999999999778, 0.8749999999999997780, 0.000000000000000000 ) ) ;
#515 = ORIENTED_EDGE ( 'NONE', *, *, #2120, .F. ) ;
#516 = PRESENTATION_STYLE_ASSIGNMENT (( #315 ) ) ;
#517 = AXIS2_PLACEMENT_3D ( 'NONE', #135, #373, #345 ) ;
#518 = PLANE ( 'NONE',  #1401 ) ;
#519 = FILL_AREA_STYLE_COLOUR ( '', #2479 ) ;
#520 = CARTESIAN_POINT ( 'NONE',  ( -1.756181816635371984, 0.000000000000000000, 1.050000000000000044 ) ) ;
#521 = EDGE_CURVE ( 'NONE', #2048, #2258, #144, .T. ) ;
#522 =( GEOMETRIC_REPRESENTATION_CONTEXT ( 3 ) GLOBAL_UNCERTAINTY_ASSIGNED_CONTEXT ( ( #2383 ) ) GLOBAL_UNIT_ASSIGNED_CONTEXT ( ( #1308, #738, #342 ) ) REPRESENTATION_CONTEXT ( 'NONE', 'WORKASPACE' ) );
#523 = EDGE_LOOP ( 'NONE', ( #1800, #2112, #2196, #179 ) ) ;
#524 = PLANE ( 'NONE',  #1585 ) ;
#525 = SURFACE_STYLE_FILL_AREA ( #768 ) ;
#526 = ORIENTED_EDGE ( 'NONE', *, *, #2120, .T. ) ;
#527 =( GEOMETRIC_REPRESENTATION_CONTEXT ( 3 ) GLOBAL_UNCERTAINTY_ASSIGNED_CONTEXT ( ( #1643 ) ) GLOBAL_UNIT_ASSIGNED_CONTEXT ( ( #2449, #1289, #2462 ) ) REPRESENTATION_CONTEXT ( 'NONE', 'WORKASPACE' ) );
#528 = LINE ( 'NONE', #514, #1134 ) ;
#529 = LINE ( 'NONE', #134, #25 ) ;
#530 = EDGE_CURVE ( 'NONE', #143, #606, #529, .T. ) ;
#531 = PRESENTATION_LAYER_ASSIGNMENT (  '', '', ( #611 ) ) ;
#532 = CARTESIAN_POINT ( 'NONE',  ( -1.749999999999999778, -0.8749999999999994449, 0.1600000000000000033 ) ) ;
#533 = AXIS2_PLACEMENT_3D ( 'NONE', #469, #2268, #249 ) ;
#534 = LINE ( 'NONE', #719, #2435 ) ;
#535 = DIRECTION ( 'NONE',  ( 0.000000000000000000, -0.000000000000000000, 1.000000000000000000 ) ) ;
#536 = FACE_OUTER_BOUND ( 'NONE', #1385, .T. ) ;
#537 =( GEOMETRIC_REPRESENTATION_CONTEXT ( 3 ) GLOBAL_UNCERTAINTY_ASSIGNED_CONTEXT ( ( #1118 ) ) GLOBAL_UNIT_ASSIGNED_CONTEXT ( ( #2503, #1747, #2514 ) ) REPRESENTATION_CONTEXT ( 'NONE', 'WORKASPACE' ) );
#538 =( GEOMETRIC_REPRESENTATION_CONTEXT ( 3 ) GLOBAL_UNCERTAINTY_ASSIGNED_CONTEXT ( ( #1875 ) ) GLOBAL_UNIT_ASSIGNED_CONTEXT ( ( #1956, #2148, #786 ) ) REPRESENTATION_CONTEXT ( 'NONE', 'WORKASPACE' ) );
#539 = ORIENTED_EDGE ( 'NONE', *, *, #1019, .T. ) ;
#540 = CARTESIAN_POINT ( 'NONE',  ( -1.756181816635371762, -1.106181816635371629, 1.090000000000000080 ) ) ;
#541 = UNCERTAINTY_MEASURE_WITH_UNIT (LENGTH_MEASURE( 1.000000000000000082E-05 ), #2291, 'distance_accuracy_value', 'NONE');
#542 = CARTESIAN_POINT ( 'NONE',  ( -1.900000000000000133, 1.200273905231586280, 0.1600000000000000033 ) ) ;
#543 = MECHANICAL_DESIGN_GEOMETRIC_PRESENTATION_REPRESENTATION (  '', ( #1101 ), #986 ) ;
#544 = LINE ( 'NONE', #725, #366 ) ;
#545 = SURFACE_STYLE_FILL_AREA ( #370 ) ;
#546 = EDGE_CURVE ( 'NONE', #6, #602, #741, .T. ) ;
#547 = DIRECTION ( 'NONE',  ( 0.000000000000000000, 0.000000000000000000, -1.000000000000000000 ) ) ;
#548 = ORIENTED_EDGE ( 'NONE', *, *, #1927, .T. ) ;
#549 = APPLICATION_CONTEXT ( 'automotive_design' ) ;
#550 = DIRECTION ( 'NONE',  ( -1.000000000000000000, 0.000000000000000000, 0.000000000000000000 ) ) ;
#551 = SURFACE_SIDE_STYLE ('',( #1766 ) ) ;
#552 = CARTESIAN_POINT ( 'NONE',  ( -1.506181816635371984, -2.952508481329554261E-16, 1.100000000000000089 ) ) ;
#553 = SURFACE_STYLE_FILL_AREA ( #1552 ) ;
#554 = EDGE_LOOP ( 'NONE', ( #246, #1836, #679, #1492 ) ) ;
#555 = DIRECTION ( 'NONE',  ( 1.000000000000000000, 0.000000000000000000, 0.000000000000000000 ) ) ;
#556 = DIRECTION ( 'NONE',  ( 0.000000000000000000, 0.000000000000000000, 1.000000000000000000 ) ) ;
#557 = CARTESIAN_POINT ( 'NONE',  ( -1.850273905231586413, -1.249999999999999778, 0.1600000000000000033 ) ) ;
#558 = CARTESIAN_POINT ( 'NONE',  ( 0.000000000000000000, -1.106181816635371629, 1.090000000000000080 ) ) ;
#559 = EDGE_CURVE ( 'NONE', #2497, #1735, #1314, .T. ) ;
#560 = ORIENTED_EDGE ( 'NONE', *, *, #1092, .F. ) ;
#561 = PLANE ( 'NONE',  #125 ) ;
#562 = ORIENTED_EDGE ( 'NONE', *, *, #259, .F. ) ;
#563 = FILL_AREA_STYLE_COLOUR ( '', #896 ) ;
#564 = MECHANICAL_DESIGN_GEOMETRIC_PRESENTATION_REPRESENTATION (  '', ( #1006 ), #478 ) ;
#565 = PRESENTATION_STYLE_ASSIGNMENT (( #1192 ) ) ;
#566 = ORIENTED_EDGE ( 'NONE', *, *, #2370, .F. ) ;
#567 = SURFACE_STYLE_FILL_AREA ( #1154 ) ;
#568 =( GEOMETRIC_REPRESENTATION_CONTEXT ( 3 ) GLOBAL_UNCERTAINTY_ASSIGNED_CONTEXT ( ( #2223 ) ) GLOBAL_UNIT_ASSIGNED_CONTEXT ( ( #1969, #1776, #44 ) ) REPRESENTATION_CONTEXT ( 'NONE', 'WORKASPACE' ) );
#569 = CARTESIAN_POINT ( 'NONE',  ( 1.756181816635371540, -1.106181816635371629, 1.050000000000000044 ) ) ;
#570 =( GEOMETRIC_REPRESENTATION_CONTEXT ( 3 ) GLOBAL_UNCERTAINTY_ASSIGNED_CONTEXT ( ( #2081 ) ) GLOBAL_UNIT_ASSIGNED_CONTEXT ( ( #2264, #103, #1699 ) ) REPRESENTATION_CONTEXT ( 'NONE', 'WORKASPACE' ) );
#571 = DIRECTION ( 'NONE',  ( -0.000000000000000000, 1.000000000000000000, -0.000000000000000000 ) ) ;
#572 = DIRECTION ( 'NONE',  ( 0.000000000000000000, 1.000000000000000000, 0.000000000000000000 ) ) ;
#573 = MECHANICAL_DESIGN_GEOMETRIC_PRESENTATION_REPRESENTATION (  '', ( #1944 ), #1827 ) ;
#574 = ORIENTED_EDGE ( 'NONE', *, *, #2545, .F. ) ;
#575 = SURFACE_SIDE_STYLE ('',( #2358 ) ) ;
#576 = VERTEX_POINT ( 'NONE', #2509 ) ;
#577 = SURFACE_STYLE_FILL_AREA ( #946 ) ;
#578 = AXIS2_PLACEMENT_3D ( 'NONE', #2245, #471, #1250 ) ;
#579 = EDGE_CURVE ( 'NONE', #2511, #762, #1445, .T. ) ;
#580 = CIRCLE ( 'NONE', #942, 0.04999999999999991257 ) ;
#581 = EDGE_CURVE ( 'NONE', #2132, #1158, #1570, .T. ) ;
#582 =( GEOMETRIC_REPRESENTATION_CONTEXT ( 3 ) GLOBAL_UNCERTAINTY_ASSIGNED_CONTEXT ( ( #1397 ) ) GLOBAL_UNIT_ASSIGNED_CONTEXT ( ( #2327, #1964, #2173 ) ) REPRESENTATION_CONTEXT ( 'NONE', 'WORKASPACE' ) );
#583 = VERTEX_POINT ( 'NONE', #1095 ) ;
#584 = DIRECTION ( 'NONE',  ( -1.000000000000000000, 0.000000000000000000, 0.000000000000000000 ) ) ;
#585 = VECTOR ( 'NONE', #470, 1000.000000000000000 ) ;
#586 = VERTEX_POINT ( 'NONE', #1919 ) ;
#587 = FILL_AREA_STYLE_COLOUR ( '', #2547 ) ;
#588 = DIRECTION ( 'NONE',  ( 0.000000000000000000, 0.000000000000000000, 1.000000000000000000 ) ) ;
#589 = FILL_AREA_STYLE_COLOUR ( '', #188 ) ;
#590 = ORIENTED_EDGE ( 'NONE', *, *, #1479, .F. ) ;
#591 = EDGE_CURVE ( 'NONE', #2242, #377, #916, .T. ) ;
#592 = PLANE ( 'NONE',  #1418 ) ;
#593 = UNCERTAINTY_MEASURE_WITH_UNIT (LENGTH_MEASURE( 1.000000000000000082E-05 ), #2428, 'distance_accuracy_value', 'NONE');
#594 = LINE ( 'NONE', #2221, #699 ) ;
#595 = ORIENTED_EDGE ( 'NONE', *, *, #216, .F. ) ;
#596 = CARTESIAN_POINT ( 'NONE',  ( -1.506181816635371984, -2.952508481329554261E-16, 1.090000000000000080 ) ) ;
#597 = PRESENTATION_STYLE_ASSIGNMENT (( #1704 ) ) ;
#598 = CARTESIAN_POINT ( 'NONE',  ( -1.749999999999999778, 0.8749999999999994449, 0.1600000000000000033 ) ) ;
#599 = DIRECTION ( 'NONE',  ( -0.000000000000000000, 0.000000000000000000, -1.000000000000000000 ) ) ;
#600 = EDGE_LOOP ( 'NONE', ( #294, #175, #2452, #1763 ) ) ;
#601 = PRESENTATION_STYLE_ASSIGNMENT (( #1606 ) ) ;
#602 = VERTEX_POINT ( 'NONE', #661 ) ;
#603 = SURFACE_STYLE_USAGE ( .BOTH. , #813 ) ;
#604 = VECTOR ( 'NONE', #1254, 1000.000000000000000 ) ;
#605 = EDGE_CURVE ( 'NONE', #42, #1374, #327, .T. ) ;
#606 = VERTEX_POINT ( 'NONE', #502 ) ;
#607 = AXIS2_PLACEMENT_3D ( 'NONE', #1070, #69, #1035 ) ;
#608 = LINE ( 'NONE', #1648, #1527 ) ;
#609 = LINE ( 'NONE', #1015, #1867 ) ;
#610 =( NAMED_UNIT ( * ) SI_UNIT ( $, .STERADIAN. ) SOLID_ANGLE_UNIT ( ) );
#611 = STYLED_ITEM ( 'NONE', ( #2288 ), #1369 ) ;
#612 =( LENGTH_UNIT ( ) NAMED_UNIT ( * ) SI_UNIT ( .MILLI., .METRE. ) );
#613 = SURFACE_SIDE_STYLE ('',( #994 ) ) ;
#614 = MECHANICAL_DESIGN_GEOMETRIC_PRESENTATION_REPRESENTATION (  '', ( #384 ), #1227 ) ;
#615 = VECTOR ( 'NONE', #1708, 1000.000000000000000 ) ;
#616 = VECTOR ( 'NONE', #48, 1000.000000000000000 ) ;
#617 = ORIENTED_EDGE ( 'NONE', *, *, #839, .T. ) ;
#618 = DIRECTION ( 'NONE',  ( 0.1039620511844979306, 0.1039620511844979445, -0.9891328443778538704 ) ) ;
#619 = PLANE ( 'NONE',  #215 ) ;
#620 =( GEOMETRIC_REPRESENTATION_CONTEXT ( 3 ) GLOBAL_UNCERTAINTY_ASSIGNED_CONTEXT ( ( #484 ) ) GLOBAL_UNIT_ASSIGNED_CONTEXT ( ( #1732, #146, #2475 ) ) REPRESENTATION_CONTEXT ( 'NONE', 'WORKASPACE' ) );
#621 = CLOSED_SHELL ( 'NONE', ( #1849, #1504, #2471, #459, #1515, #1434 ) ) ;
#622 = EDGE_CURVE ( 'NONE', #586, #1427, #1246, .T. ) ;
#623 = CARTESIAN_POINT ( 'NONE',  ( 0.000000000000000000, 1.106181816635371629, 1.090000000000000080 ) ) ;
#624 = DIRECTION ( 'NONE',  ( 0.000000000000000000, 0.000000000000000000, -1.000000000000000000 ) ) ;
#625 = CARTESIAN_POINT ( 'NONE',  ( 0.000000000000000000, 0.000000000000000000, 1.100000000000000089 ) ) ;
#626 = CARTESIAN_POINT ( 'NONE',  ( 1.801202018850263542, -1.106181816635371629, 1.100000000000000089 ) ) ;
#627 = DIRECTION ( 'NONE',  ( -0.000000000000000000, 1.000000000000000000, -0.000000000000000000 ) ) ;
#628 = ORIENTED_EDGE ( 'NONE', *, *, #229, .F. ) ;
#629 = PRESENTATION_STYLE_ASSIGNMENT (( #1198 ) ) ;
#630 =( LENGTH_UNIT ( ) NAMED_UNIT ( * ) SI_UNIT ( .MILLI., .METRE. ) );
#631 = ORIENTED_EDGE ( 'NONE', *, *, #1376, .T. ) ;
#632 = EDGE_CURVE ( 'NONE', #1116, #2180, #2251, .T. ) ;
#633 = SURFACE_STYLE_USAGE ( .BOTH. , #647 ) ;
#634 = FILL_AREA_STYLE_COLOUR ( '', #1855 ) ;
#635 = SURFACE_STYLE_USAGE ( .BOTH. , #1664 ) ;
#636 = SURFACE_STYLE_FILL_AREA ( #2418 ) ;
#637 = VERTEX_POINT ( 'NONE', #1685 ) ;
#638 = PLANE ( 'NONE',  #1407 ) ;
#639 = UNCERTAINTY_MEASURE_WITH_UNIT (LENGTH_MEASURE( 1.000000000000000082E-05 ), #2007, 'distance_accuracy_value', 'NONE');
#640 = DIRECTION ( 'NONE',  ( 0.000000000000000000, 0.000000000000000000, -1.000000000000000000 ) ) ;
#641 = CARTESIAN_POINT ( 'NONE',  ( -1.756181816635371984, -1.106181816635371629, 1.090000000000000080 ) ) ;
#642 = VECTOR ( 'NONE', #683, 1000.000000000000000 ) ;
#643 = ORIENTED_EDGE ( 'NONE', *, *, #1019, .F. ) ;
#644 = VECTOR ( 'NONE', #1861, 1000.000000000000000 ) ;
#645 = FILL_AREA_STYLE ('',( #1188 ) ) ;
#646 =( NAMED_UNIT ( * ) SI_UNIT ( $, .STERADIAN. ) SOLID_ANGLE_UNIT ( ) );
#647 = SURFACE_SIDE_STYLE ('',( #2448 ) ) ;
#648 = FILL_AREA_STYLE ('',( #466 ) ) ;
#649 = SURFACE_STYLE_FILL_AREA ( #1833 ) ;
#650 = STYLED_ITEM ( 'NONE', ( #148 ), #1033 ) ;
#651 = EDGE_CURVE ( 'NONE', #2184, #1580, #2065, .T. ) ;
#652 = VECTOR ( 'NONE', #2191, 1000.000000000000000 ) ;
#653 = EDGE_LOOP ( 'NONE', ( #483, #207, #1008, #1526, #2246, #1132 ) ) ;
#654 = FILL_AREA_STYLE ('',( #1656 ) ) ;
#655 = VECTOR ( 'NONE', #1602, 1000.000000000000000 ) ;
#656 = CARTESIAN_POINT ( 'NONE',  ( 1.756181816635371540, 1.106181816635371629, 1.100000000000000089 ) ) ;
#657 = AXIS2_PLACEMENT_3D ( 'NONE', #2021, #680, #94 ) ;
#658 = PRESENTATION_LAYER_ASSIGNMENT (  '', '', ( #947 ) ) ;
#659 =( LENGTH_UNIT ( ) NAMED_UNIT ( * ) SI_UNIT ( .MILLI., .METRE. ) );
#660 = AXIS2_PLACEMENT_3D ( 'NONE', #387, #2128, #2518 ) ;
#661 = CARTESIAN_POINT ( 'NONE',  ( 1.850273905231584859, 1.249999999999999778, 0.1600000000000000033 ) ) ;
#662 = ORIENTED_EDGE ( 'NONE', *, *, #579, .F. ) ;
#663 = CLOSED_SHELL ( 'NONE', ( #2342, #2, #2284, #361, #2067, #1782 ) ) ;
#664 = FILL_AREA_STYLE_COLOUR ( '', #1484 ) ;
#665 = CARTESIAN_POINT ( 'NONE',  ( -2.349999999999999645, -0.8749999999999994449, 0.1600000000000000033 ) ) ;
#666 = EDGE_CURVE ( 'NONE', #2422, #2480, #1469, .T. ) ;
#667 = ORIENTED_EDGE ( 'NONE', *, *, #492, .F. ) ;
#668 = STYLED_ITEM ( 'NONE', ( #2205 ), #1204 ) ;
#669 = SURFACE_STYLE_FILL_AREA ( #2037 ) ;
#670 = CARTESIAN_POINT ( 'NONE',  ( -1.749999999999999778, -0.8749999999999994449, 0.1600000000000000033 ) ) ;
#671 =( BOUNDED_CURVE ( )  B_SPLINE_CURVE ( 3, ( #1985, #1999, #985, #2207 ),
 .UNSPECIFIED., .F., .T. ) 
 B_SPLINE_CURVE_WITH_KNOTS ( ( 4, 4 ),
 ( 5.503257793452757340, 7.063112820906415124 ),
 .UNSPECIFIED. ) 
 CURVE ( )  GEOMETRIC_REPRESENTATION_ITEM ( )  RATIONAL_B_SPLINE_CURVE ( ( 1.000000000000000000, 0.8073096761657774234, 0.8073096761657774234, 1.000000000000000000 ) ) 
 REPRESENTATION_ITEM ( '' )  );
#672 = PRESENTATION_STYLE_ASSIGNMENT (( #78 ) ) ;
#673 = CARTESIAN_POINT ( 'NONE',  ( -2.349999999999999645, -0.8749999999999994449, 0.000000000000000000 ) ) ;
#674 =( LENGTH_UNIT ( ) NAMED_UNIT ( * ) SI_UNIT ( .MILLI., .METRE. ) );
#675 = PLANE ( 'NONE',  #1494 ) ;
#676 = SURFACE_SIDE_STYLE ('',( #2477 ) ) ;
#677 = FILL_AREA_STYLE ('',( #272 ) ) ;
#678 = PRESENTATION_STYLE_ASSIGNMENT (( #92 ) ) ;
#679 = ORIENTED_EDGE ( 'NONE', *, *, #622, .T. ) ;
#680 = DIRECTION ( 'NONE',  ( -0.1039620511844979306, -0.1039620511844979445, -0.9891328443778538704 ) ) ;
#681 = SURFACE_STYLE_FILL_AREA ( #474 ) ;
#682 = EDGE_CURVE ( 'NONE', #637, #1781, #119, .T. ) ;
#683 = DIRECTION ( 'NONE',  ( 0.000000000000000000, 0.000000000000000000, 1.000000000000000000 ) ) ;
#684 = EDGE_CURVE ( 'NONE', #583, #1197, #1717, .T. ) ;
#685 = LINE ( 'NONE', #118, #1824 ) ;
#686 = CARTESIAN_POINT ( 'NONE',  ( 1.749999999999999778, 0.8749999999999997780, 0.1600000000000000033 ) ) ;
#687 = EDGE_CURVE ( 'NONE', #913, #1158, #2458, .T. ) ;
#688 = CARTESIAN_POINT ( 'NONE',  ( -1.900000000000000133, -0.8749999999999994449, 0.1600000000000000033 ) ) ;
#689 = ORIENTED_EDGE ( 'NONE', *, *, #622, .F. ) ;
#690 = FILL_AREA_STYLE ('',( #2314 ) ) ;
#691 = LINE ( 'NONE', #2056, #130 ) ;
#692 = COLOUR_RGB ( '',0.2862745098039215508, 0.2862745098039215508, 0.2862745098039215508 ) ;
#693 = SURFACE_SIDE_STYLE ('',( #1885 ) ) ;
#694 = FACE_OUTER_BOUND ( 'NONE', #695, .T. ) ;
#695 = EDGE_LOOP ( 'NONE', ( #374, #2560, #1825, #2089 ) ) ;
#696 = CARTESIAN_POINT ( 'NONE',  ( -2.349999999999999645, 0.8749999999999994449, 0.1600000000000000033 ) ) ;
#697 = FILL_AREA_STYLE_COLOUR ( '', #21 ) ;
#698 =( LENGTH_UNIT ( ) NAMED_UNIT ( * ) SI_UNIT ( .MILLI., .METRE. ) );
#699 = VECTOR ( 'NONE', #627, 1000.000000000000000 ) ;
#700 = CARTESIAN_POINT ( 'NONE',  ( 1.849999999999998757, 1.249999999999999778, 0.000000000000000000 ) ) ;
#701 = FACE_OUTER_BOUND ( 'NONE', #1087, .T. ) ;
#702 = EDGE_LOOP ( 'NONE', ( #1288, #1064, #2066 ) ) ;
#703 = PRESENTATION_LAYER_ASSIGNMENT (  '', '', ( #1710 ) ) ;
#704 = ADVANCED_FACE ( 'NONE', ( #1282 ), #1878, .F. ) ;
#705 = PRESENTATION_LAYER_ASSIGNMENT (  '', '', ( #979 ) ) ;
#706 = MECHANICAL_DESIGN_GEOMETRIC_PRESENTATION_REPRESENTATION (  '', ( #2483 ), #1545 ) ;
#707 = DIRECTION ( 'NONE',  ( 0.000000000000000000, -1.000000000000000000, 0.000000000000000000 ) ) ;
#708 = COLOUR_RGB ( '',0.2862745098039215508, 0.2862745098039215508, 0.2862745098039215508 ) ;
#709 = VERTEX_POINT ( 'NONE', #700 ) ;
#710 = PRESENTATION_LAYER_ASSIGNMENT (  '', '', ( #391 ) ) ;
#711 = DIRECTION ( 'NONE',  ( 0.000000000000000000, 0.000000000000000000, -1.000000000000000000 ) ) ;
#712 = VERTEX_POINT ( 'NONE', #1500 ) ;
#713 =( NAMED_UNIT ( * ) SI_UNIT ( $, .STERADIAN. ) SOLID_ANGLE_UNIT ( ) );
#714 = SURFACE_STYLE_USAGE ( .BOTH. , #2486 ) ;
#715 = CARTESIAN_POINT ( 'NONE',  ( -1.900000000000000133, -1.199999999999999956, 0.000000000000000000 ) ) ;
#716 = EDGE_LOOP ( 'NONE', ( #1897, #126, #2002, #1932 ) ) ;
#717 = FACE_OUTER_BOUND ( 'NONE', #463, .T. ) ;
#718 = EDGE_CURVE ( 'NONE', #2010, #1116, #685, .T. ) ;
#719 = CARTESIAN_POINT ( 'NONE',  ( -1.873517174790755746, -1.173791080022341671, 0.4119672508182246617 ) ) ;
#720 = FACE_OUTER_BOUND ( 'NONE', #1029, .T. ) ;
#721 = LINE ( 'NONE', #895, #1671 ) ;
#722 = DIRECTION ( 'NONE',  ( -0.000000000000000000, 0.000000000000000000, 1.000000000000000000 ) ) ;
#723 = DIRECTION ( 'NONE',  ( -0.000000000000000000, -0.000000000000000000, 1.000000000000000000 ) ) ;
#724 = EDGE_CURVE ( 'NONE', #1712, #162, #1890, .T. ) ;
#725 = CARTESIAN_POINT ( 'NONE',  ( -1.749999999999999778, -0.8749999999999994449, 0.1600000000000000033 ) ) ;
#726 = DIRECTION ( 'NONE',  ( -0.000000000000000000, -0.000000000000000000, 1.000000000000000000 ) ) ;
#727 = PLANE ( 'NONE',  #517 ) ;
#728 = ORIENTED_EDGE ( 'NONE', *, *, #928, .T. ) ;
#729 = CARTESIAN_POINT ( 'NONE',  ( -1.506181816635371984, -2.952508481329554261E-16, 1.090000000000000080 ) ) ;
#730 = VERTEX_POINT ( 'NONE', #2498 ) ;
#731 = DIRECTION ( 'NONE',  ( 1.000000000000000000, 1.807003620809174632E-16, 0.000000000000000000 ) ) ;
#732 = VECTOR ( 'NONE', #2487, 1000.000000000000000 ) ;
#733 = PLANE ( 'NONE',  #40 ) ;
#734 = PLANE ( 'NONE',  #825 ) ;
#735 =( LENGTH_UNIT ( ) NAMED_UNIT ( * ) SI_UNIT ( .MILLI., .METRE. ) );
#736 = VECTOR ( 'NONE', #64, 1000.000000000000000 ) ;
#737 = CARTESIAN_POINT ( 'NONE',  ( 1.873517174790755302, 1.173791080022341671, 0.4119672508182246617 ) ) ;
#738 =( NAMED_UNIT ( * ) PLANE_ANGLE_UNIT ( ) SI_UNIT ( $, .RADIAN. ) );
#739 = FILL_AREA_STYLE_COLOUR ( '', #990 ) ;
#740 = PRESENTATION_LAYER_ASSIGNMENT (  '', '', ( #2396 ) ) ;
#741 = LINE ( 'NONE', #923, #1221 ) ;
#742 = SURFACE_STYLE_USAGE ( .BOTH. , #392 ) ;
#743 =( GEOMETRIC_REPRESENTATION_CONTEXT ( 3 ) GLOBAL_UNCERTAINTY_ASSIGNED_CONTEXT ( ( #1670 ) ) GLOBAL_UNIT_ASSIGNED_CONTEXT ( ( #1002, #1432, #1950 ) ) REPRESENTATION_CONTEXT ( 'NONE', 'WORKASPACE' ) );
#744 = CARTESIAN_POINT ( 'NONE',  ( -1.850000000000000311, 1.200000000000000178, 0.000000000000000000 ) ) ;
#745 = MECHANICAL_DESIGN_GEOMETRIC_PRESENTATION_REPRESENTATION (  '', ( #1756 ), #2193 ) ;
#746 = ORIENTED_EDGE ( 'NONE', *, *, #910, .F. ) ;
#747 =( GEOMETRIC_REPRESENTATION_CONTEXT ( 3 ) GLOBAL_UNCERTAINTY_ASSIGNED_CONTEXT ( ( #639 ) ) GLOBAL_UNIT_ASSIGNED_CONTEXT ( ( #2007, #1801, #2351 ) ) REPRESENTATION_CONTEXT ( 'NONE', 'WORKASPACE' ) );
#748 = SURFACE_STYLE_USAGE ( .BOTH. , #959 ) ;
#749 = AXIS2_PLACEMENT_3D ( 'NONE', #1135, #1520, #2496 ) ;
#750 = CARTESIAN_POINT ( 'NONE',  ( -1.749999999999999778, 0.8749999999999994449, 0.000000000000000000 ) ) ;
#751 = FILL_AREA_STYLE_COLOUR ( '', #211 ) ;
#752 = COLOUR_RGB ( '',0.2862745098039215508, 0.2862745098039215508, 0.2862745098039215508 ) ;
#753 = ORIENTED_EDGE ( 'NONE', *, *, #241, .F. ) ;
#754 = LINE ( 'NONE', #696, #790 ) ;
#755 = SURFACE_STYLE_FILL_AREA ( #1305 ) ;
#756 = PRESENTATION_LAYER_ASSIGNMENT (  '', '', ( #1767 ) ) ;
#757 = EDGE_CURVE ( 'NONE', #1141, #797, #915, .T. ) ;
#758 = CARTESIAN_POINT ( 'NONE',  ( -1.756181816635371984, 1.106181816635371629, 1.090000000000000080 ) ) ;
#759 = DIRECTION ( 'NONE',  ( -1.807003620809175125E-16, 1.000000000000000000, 0.000000000000000000 ) ) ;
#760 = EDGE_LOOP ( 'NONE', ( #1622, #1079, #408, #1298 ) ) ;
#761 = DIRECTION ( 'NONE',  ( -1.000000000000000000, 0.000000000000000000, 0.000000000000000000 ) ) ;
#762 = VERTEX_POINT ( 'NONE', #715 ) ;
#763 = CARTESIAN_POINT ( 'NONE',  ( 1.899999999999999689, -0.8749999999999998890, 0.000000000000000000 ) ) ;
#764 = PRESENTATION_STYLE_ASSIGNMENT (( #1150 ) ) ;
#765 = VERTEX_POINT ( 'NONE', #2290 ) ;
#766 = LINE ( 'NONE', #1239, #2313 ) ;
#767 = PRODUCT_DEFINITION_SHAPE ( 'NONE', 'NONE',  #2525 ) ;
#768 = FILL_AREA_STYLE ('',( #1947 ) ) ;
#769 = DIRECTION ( 'NONE',  ( -1.000000000000000000, 0.000000000000000000, 0.000000000000000000 ) ) ;
#770 = FACE_OUTER_BOUND ( 'NONE', #760, .T. ) ;
#771 = ORIENTED_EDGE ( 'NONE', *, *, #1450, .F. ) ;
#772 = CARTESIAN_POINT ( 'NONE',  ( 2.349999999999999645, -0.8750000000000000000, 0.1600000000000000033 ) ) ;
#773 = ORIENTED_EDGE ( 'NONE', *, *, #953, .T. ) ;
#774 = EDGE_CURVE ( 'NONE', #1158, #2048, #528, .T. ) ;
#775 = FACE_OUTER_BOUND ( 'NONE', #653, .T. ) ;
#776 = VERTEX_POINT ( 'NONE', #2121 ) ;
#777 =( LENGTH_UNIT ( ) NAMED_UNIT ( * ) SI_UNIT ( .MILLI., .METRE. ) );
#778 = EDGE_CURVE ( 'NONE', #297, #2132, #1295, .T. ) ;
#779 =( GEOMETRIC_REPRESENTATION_CONTEXT ( 3 ) GLOBAL_UNCERTAINTY_ASSIGNED_CONTEXT ( ( #1995 ) ) GLOBAL_UNIT_ASSIGNED_CONTEXT ( ( #2372, #1807, #1778 ) ) REPRESENTATION_CONTEXT ( 'NONE', 'WORKASPACE' ) );
#780 = SURFACE_STYLE_FILL_AREA ( #1354 ) ;
#781 = PRESENTATION_LAYER_ASSIGNMENT (  '', '', ( #1901 ) ) ;
#782 = EDGE_LOOP ( 'NONE', ( #2559, #1723, #1470, #2379, #1977, #662 ) ) ;
#783 =( NAMED_UNIT ( * ) PLANE_ANGLE_UNIT ( ) SI_UNIT ( $, .RADIAN. ) );
#784 =( NAMED_UNIT ( * ) PLANE_ANGLE_UNIT ( ) SI_UNIT ( $, .RADIAN. ) );
#785 = AXIS2_PLACEMENT_3D ( 'NONE', #598, #2562, #1159 ) ;
#786 =( NAMED_UNIT ( * ) SI_UNIT ( $, .STERADIAN. ) SOLID_ANGLE_UNIT ( ) );
#787 = ORIENTED_EDGE ( 'NONE', *, *, #1573, .F. ) ;
#788 = EDGE_CURVE ( 'NONE', #762, #1197, #343, .T. ) ;
#789 = PRESENTATION_LAYER_ASSIGNMENT (  '', '', ( #328 ) ) ;
#790 = VECTOR ( 'NONE', #2113, 1000.000000000000000 ) ;
#791 = CARTESIAN_POINT ( 'NONE',  ( 0.000000000000000000, 0.000000000000000000, 0.000000000000000000 ) ) ;
#792 =( LENGTH_UNIT ( ) NAMED_UNIT ( * ) SI_UNIT ( .MILLI., .METRE. ) );
#793 = CARTESIAN_POINT ( 'NONE',  ( -1.850000000000000311, 1.249999999999999778, 0.1600000000000000033 ) ) ;
#794 = VECTOR ( 'NONE', #2256, 1000.000000000000000 ) ;
#795 = PRESENTATION_STYLE_ASSIGNMENT (( #1219 ) ) ;
#796 = FILL_AREA_STYLE_COLOUR ( '', #2558 ) ;
#797 = VERTEX_POINT ( 'NONE', #133 ) ;
#798 = EDGE_CURVE ( 'NONE', #1753, #401, #1109, .T. ) ;
#799 = FILL_AREA_STYLE_COLOUR ( '', #1911 ) ;
#800 =( NAMED_UNIT ( * ) PLANE_ANGLE_UNIT ( ) SI_UNIT ( $, .RADIAN. ) );
#801 = SURFACE_STYLE_USAGE ( .BOTH. , #969 ) ;
#802 = UNCERTAINTY_MEASURE_WITH_UNIT (LENGTH_MEASURE( 1.000000000000000082E-05 ), #1280, 'distance_accuracy_value', 'NONE');
#803 = CYLINDRICAL_SURFACE ( 'NONE', #1752, 0.05000000000000008604 ) ;
#804 = UNCERTAINTY_MEASURE_WITH_UNIT (LENGTH_MEASURE( 1.000000000000000082E-05 ), #1705, 'distance_accuracy_value', 'NONE');
#805 = DIRECTION ( 'NONE',  ( 0.000000000000000000, 0.000000000000000000, 1.000000000000000000 ) ) ;
#806 = ORIENTED_EDGE ( 'NONE', *, *, #2443, .T. ) ;
#807 = SURFACE_STYLE_FILL_AREA ( #645 ) ;
#808 = FILL_AREA_STYLE ('',( #799 ) ) ;
#809 = CARTESIAN_POINT ( 'NONE',  ( 1.756181816635371540, -1.106181816635371629, 1.050000000000000044 ) ) ;
#810 =( NAMED_UNIT ( * ) SI_UNIT ( $, .STERADIAN. ) SOLID_ANGLE_UNIT ( ) );
#811 = EDGE_CURVE ( 'NONE', #1981, #586, #1054, .T. ) ;
#812 = ORIENTED_EDGE ( 'NONE', *, *, #2492, .T. ) ;
#813 = SURFACE_SIDE_STYLE ('',( #1598 ) ) ;
#814 = AXIS2_PLACEMENT_3D ( 'NONE', #1751, #1711, #1568 ) ;
#815 = VECTOR ( 'NONE', #1560, 1000.000000000000000 ) ;
#816 = VERTEX_POINT ( 'NONE', #2425 ) ;
#817 = MECHANICAL_DESIGN_GEOMETRIC_PRESENTATION_REPRESENTATION (  '', ( #2107 ), #527 ) ;
#818 = DIRECTION ( 'NONE',  ( -0.000000000000000000, -1.000000000000000000, 0.000000000000000000 ) ) ;
#819 =( LENGTH_UNIT ( ) NAMED_UNIT ( * ) SI_UNIT ( .MILLI., .METRE. ) );
#820 = STYLED_ITEM ( 'NONE', ( #1044 ), #1782 ) ;
#821 = STYLED_ITEM ( 'NONE', ( #2321 ), #435 ) ;
#822 = ORIENTED_EDGE ( 'NONE', *, *, #581, .T. ) ;
#823 = UNCERTAINTY_MEASURE_WITH_UNIT (LENGTH_MEASURE( 1.000000000000000082E-05 ), #2395, 'distance_accuracy_value', 'NONE');
#824 = FACE_OUTER_BOUND ( 'NONE', #980, .T. ) ;
#825 = AXIS2_PLACEMENT_3D ( 'NONE', #1063, #1531, #2317 ) ;
#826 = EDGE_CURVE ( 'NONE', #477, #1456, #1851, .T. ) ;
#827 = EDGE_LOOP ( 'NONE', ( #2161, #1403, #2134, #2204 ) ) ;
#828 = ADVANCED_FACE ( 'NONE', ( #56 ), #1235, .T. ) ;
#829 = FILL_AREA_STYLE_COLOUR ( '', #1830 ) ;
#830 = FACE_OUTER_BOUND ( 'NONE', #1730, .T. ) ;
#831 = DIRECTION ( 'NONE',  ( 1.000000000000000000, -0.000000000000000000, -0.000000000000000000 ) ) ;
#832 = SURFACE_SIDE_STYLE ('',( #437 ) ) ;
#833 = VERTEX_POINT ( 'NONE', #358 ) ;
#834 = CARTESIAN_POINT ( 'NONE',  ( -1.749999999999999778, -0.8749999999999994449, 0.000000000000000000 ) ) ;
#835 = SURFACE_SIDE_STYLE ('',( #455 ) ) ;
#836 = CARTESIAN_POINT ( 'NONE',  ( 1.749999999999999778, -0.8749999999999998890, 0.1600000000000000033 ) ) ;
#837 = FILL_AREA_STYLE ('',( #1000 ) ) ;
#838 = EDGE_LOOP ( 'NONE', ( #413, #1176, #728, #115 ) ) ;
#839 = EDGE_CURVE ( 'NONE', #22, #606, #1572, .T. ) ;
#840 = DIRECTION ( 'NONE',  ( 0.000000000000000000, 0.000000000000000000, -1.000000000000000000 ) ) ;
#841 = DIRECTION ( 'NONE',  ( -1.000000000000000000, 0.000000000000000000, 0.000000000000000000 ) ) ;
#842 =( NAMED_UNIT ( * ) SI_UNIT ( $, .STERADIAN. ) SOLID_ANGLE_UNIT ( ) );
#843 = CARTESIAN_POINT ( 'NONE',  ( 0.000000000000000000, -1.106181816635371629, 1.090000000000000080 ) ) ;
#844 = CARTESIAN_POINT ( 'NONE',  ( 1.899999999999999689, 1.200273905231586280, 0.1600000000000000033 ) ) ;
#845 = ORIENTED_EDGE ( 'NONE', *, *, #492, .T. ) ;
#846 =( NAMED_UNIT ( * ) SI_UNIT ( $, .STERADIAN. ) SOLID_ANGLE_UNIT ( ) );
#847 = DIRECTION ( 'NONE',  ( 0.000000000000000000, 0.000000000000000000, -1.000000000000000000 ) ) ;
#848 = UNCERTAINTY_MEASURE_WITH_UNIT (LENGTH_MEASURE( 1.000000000000000082E-05 ), #862, 'distance_accuracy_value', 'NONE');
#849 = DIRECTION ( 'NONE',  ( -0.1039620511844978751, -0.1039620511844978751, 0.9891328443778538704 ) ) ;
#850 = COLOUR_RGB ( '',0.8039215686274510109, 0.8039215686274510109, 0.8039215686274510109 ) ;
#851 = SURFACE_STYLE_FILL_AREA ( #837 ) ;
#852 = VECTOR ( 'NONE', #62, 1000.000000000000000 ) ;
#853 = ORIENTED_EDGE ( 'NONE', *, *, #605, .F. ) ;
#854 = CARTESIAN_POINT ( 'NONE',  ( -1.900000000000000133, -1.249999999999999778, 0.1600000000000000033 ) ) ;
#855 =( LENGTH_UNIT ( ) NAMED_UNIT ( * ) SI_UNIT ( .MILLI., .METRE. ) );
#856 = EDGE_CURVE ( 'NONE', #312, #302, #1260, .T. ) ;
#857 = LINE ( 'NONE', #1452, #794 ) ;
#858 = LINE ( 'NONE', #665, #616 ) ;
#859 = CARTESIAN_POINT ( 'NONE',  ( 0.000000000000000000, 0.000000000000000000, 0.000000000000000000 ) ) ;
#860 = AXIS2_PLACEMENT_3D ( 'NONE', #859, #711, #273 ) ;
#861 = VERTEX_POINT ( 'NONE', #1123 ) ;
#862 =( LENGTH_UNIT ( ) NAMED_UNIT ( * ) SI_UNIT ( .MILLI., .METRE. ) );
#863 = VECTOR ( 'NONE', #2085, 1000.000000000000000 ) ;
#864 = DIRECTION ( 'NONE',  ( -1.000000000000000000, 1.807003620809175125E-16, 0.000000000000000000 ) ) ;
#865 = COLOUR_RGB ( '',0.9607843137254902244, 0.9607843137254902244, 0.9607843137254902244 ) ;
#866 = CARTESIAN_POINT ( 'NONE',  ( -1.749999999999999778, 0.8749999999999994449, 0.1600000000000000033 ) ) ;
#867 = VECTOR ( 'NONE', #1814, 1000.000000000000000 ) ;
#868 = SURFACE_STYLE_USAGE ( .BOTH. , #2054 ) ;
#869 = FILL_AREA_STYLE_COLOUR ( '', #1586 ) ;
#870 = SURFACE_SIDE_STYLE ('',( #1488 ) ) ;
#871 = EDGE_CURVE ( 'NONE', #1580, #1661, #2340, .T. ) ;
#872 = CARTESIAN_POINT ( 'NONE',  ( 1.749999999999999778, -0.8749999999999998890, 0.1600000000000000033 ) ) ;
#873 = VERTEX_POINT ( 'NONE', #1761 ) ;
#874 = EDGE_CURVE ( 'NONE', #1344, #576, #1345, .T. ) ;
#875 = CARTESIAN_POINT ( 'NONE',  ( -1.850000000000000311, -1.199999999999999956, 0.1600000000000000033 ) ) ;
#876 = UNCERTAINTY_MEASURE_WITH_UNIT (LENGTH_MEASURE( 1.000000000000000082E-05 ), #1072, 'distance_accuracy_value', 'NONE');
#877 = DIRECTION ( 'NONE',  ( -1.000000000000000000, 0.000000000000000000, 0.000000000000000000 ) ) ;
#878 = ADVANCED_FACE ( 'NONE', ( #174 ), #1731, .F. ) ;
#879 = CARTESIAN_POINT ( 'NONE',  ( -1.900000000000000133, -1.249999999999999778, 0.1600000000000000033 ) ) ;
#880 = CARTESIAN_POINT ( 'NONE',  ( -1.756181816635371984, 1.106181816635371629, 1.050000000000000044 ) ) ;
#881 = SURFACE_STYLE_USAGE ( .BOTH. , #676 ) ;
#882 = SURFACE_SIDE_STYLE ('',( #1046 ) ) ;
#883 = ORIENTED_EDGE ( 'NONE', *, *, #1665, .T. ) ;
#884 = EDGE_CURVE ( 'NONE', #1374, #76, #1347, .T. ) ;
#885 = PLANE ( 'NONE',  #2304 ) ;
#886 = DIRECTION ( 'NONE',  ( -1.000000000000000000, 0.000000000000000000, 0.000000000000000000 ) ) ;
#887 = MECHANICAL_DESIGN_GEOMETRIC_PRESENTATION_REPRESENTATION (  '', ( #1783 ), #1816 ) ;
#888 = CARTESIAN_POINT ( 'NONE',  ( -1.900000000000000133, 1.200000000000000178, 0.000000000000000000 ) ) ;
#889 = ORIENTED_EDGE ( 'NONE', *, *, #1749, .F. ) ;
#890 = LINE ( 'NONE', #1332, #1832 ) ;
#891 = ORIENTED_EDGE ( 'NONE', *, *, #2324, .T. ) ;
#892 = PRESENTATION_LAYER_ASSIGNMENT (  '', '', ( #1481 ) ) ;
#893 = FILL_AREA_STYLE_COLOUR ( '', #2472 ) ;
#894 = SURFACE_STYLE_FILL_AREA ( #2546 ) ;
#895 = CARTESIAN_POINT ( 'NONE',  ( 1.899999999999999689, 1.200000000000000178, 0.1600000000000000033 ) ) ;
#896 = COLOUR_RGB ( '',0.2862745098039215508, 0.2862745098039215508, 0.2862745098039215508 ) ;
#897 = ORIENTED_EDGE ( 'NONE', *, *, #2502, .F. ) ;
#898 = FILL_AREA_STYLE ('',( #2127 ) ) ;
#899 = UNCERTAINTY_MEASURE_WITH_UNIT (LENGTH_MEASURE( 1.000000000000000082E-05 ), #2542, 'distance_accuracy_value', 'NONE');
#900 = ORIENTED_EDGE ( 'NONE', *, *, #2359, .F. ) ;
#901 = CARTESIAN_POINT ( 'NONE',  ( -1.900000000000000133, -1.249999999999999778, 0.1600000000000000033 ) ) ;
#902 = EDGE_CURVE ( 'NONE', #730, #2494, #2164, .T. ) ;
#903 = CARTESIAN_POINT ( 'NONE',  ( 1.749999999999999778, -0.8749999999999998890, 0.000000000000000000 ) ) ;
#904 = DIRECTION ( 'NONE',  ( 1.000000000000000000, 1.807003620809174632E-16, 0.000000000000000000 ) ) ;
#905 = ORIENTED_EDGE ( 'NONE', *, *, #2427, .F. ) ;
#906 = VECTOR ( 'NONE', #2055, 1000.000000000000000 ) ;
#907 = CIRCLE ( 'NONE', #1713, 0.05000000000000008604 ) ;
#908 = ORIENTED_EDGE ( 'NONE', *, *, #579, .T. ) ;
#909 = AXIS2_PLACEMENT_3D ( 'NONE', #2129, #1121, #1934 ) ;
#910 = EDGE_CURVE ( 'NONE', #861, #2422, #924, .T. ) ;
#911 = VECTOR ( 'NONE', #1640, 1000.000000000000000 ) ;
#912 = PRESENTATION_STYLE_ASSIGNMENT (( #2287 ) ) ;
#913 = VERTEX_POINT ( 'NONE', #1201 ) ;
#914 = CARTESIAN_POINT ( 'NONE',  ( 1.899999999999999689, -1.199999999999999956, 0.000000000000000000 ) ) ;
#915 = LINE ( 'NONE', #903, #972 ) ;
#916 = LINE ( 'NONE', #866, #1746 ) ;
#917 = EDGE_CURVE ( 'NONE', #1163, #712, #2361, .T. ) ;
#918 = DIRECTION ( 'NONE',  ( 0.000000000000000000, 0.000000000000000000, 1.000000000000000000 ) ) ;
#919 = FILL_AREA_STYLE_COLOUR ( '', #317 ) ;
#920 = ORIENTED_EDGE ( 'NONE', *, *, #241, .T. ) ;
#921 = UNCERTAINTY_MEASURE_WITH_UNIT (LENGTH_MEASURE( 1.000000000000000082E-05 ), #1170, 'distance_accuracy_value', 'NONE');
#922 = FILL_AREA_STYLE_COLOUR ( '', #2554 ) ;
#923 = CARTESIAN_POINT ( 'NONE',  ( 1.850811350238562136, 1.250537445006975945, 0.1548865523295284707 ) ) ;
#924 = LINE ( 'NONE', #313, #1013 ) ;
#925 =( LENGTH_UNIT ( ) NAMED_UNIT ( * ) SI_UNIT ( .MILLI., .METRE. ) );
#926 = VERTEX_POINT ( 'NONE', #1340 ) ;
#927 = COLOUR_RGB ( '',0.2862745098039215508, 0.2862745098039215508, 0.2862745098039215508 ) ;
#928 = EDGE_CURVE ( 'NONE', #1242, #2389, #766, .T. ) ;
#929 = VECTOR ( 'NONE', #1165, 1000.000000000000000 ) ;
#930 = DIRECTION ( 'NONE',  ( 0.9945218953682734009, 0.000000000000000000, 0.1045284632676536651 ) ) ;
#931 = ORIENTED_EDGE ( 'NONE', *, *, #973, .F. ) ;
#932 = CARTESIAN_POINT ( 'NONE',  ( 1.899999999999999689, -1.249999999999999778, 0.000000000000000000 ) ) ;
#933 = COLOUR_RGB ( '',0.2862745098039215508, 0.2862745098039215508, 0.2862745098039215508 ) ;
#934 = EDGE_LOOP ( 'NONE', ( #515, #2356, #1420, #145 ) ) ;
#935 = DIRECTION ( 'NONE',  ( -0.000000000000000000, -1.000000000000000000, -0.000000000000000000 ) ) ;
#936 = LINE ( 'NONE', #1557, #1787 ) ;
#937 = CARTESIAN_POINT ( 'NONE',  ( 1.899999999999999689, 1.200000000000000178, 0.000000000000000000 ) ) ;
#938 = ORIENTED_EDGE ( 'NONE', *, *, #1062, .T. ) ;
#939 = COLOUR_RGB ( '',0.8039215686274510109, 0.8039215686274510109, 0.8039215686274510109 ) ;
#940 = DIRECTION ( 'NONE',  ( 0.000000000000000000, 0.000000000000000000, 1.000000000000000000 ) ) ;
#941 = DIRECTION ( 'NONE',  ( -1.000000000000000000, 0.000000000000000000, 0.000000000000000000 ) ) ;
#942 = AXIS2_PLACEMENT_3D ( 'NONE', #2371, #2176, #624 ) ;
#943 = ORIENTED_EDGE ( 'NONE', *, *, #530, .F. ) ;
#944 = VECTOR ( 'NONE', #1104, 1000.000000000000000 ) ;
#945 = VECTOR ( 'NONE', #1278, 1000.000000000000000 ) ;
#946 = FILL_AREA_STYLE ('',( #563 ) ) ;
#947 = STYLED_ITEM ( 'NONE', ( #516 ), #1849 ) ;
#948 = PLANE ( 'NONE',  #1740 ) ;
#949 = VERTEX_POINT ( 'NONE', #956 ) ;
#950 =( NAMED_UNIT ( * ) SI_UNIT ( $, .STERADIAN. ) SOLID_ANGLE_UNIT ( ) );
#951 = FACE_OUTER_BOUND ( 'NONE', #1363, .T. ) ;
#952 = PRESENTATION_LAYER_ASSIGNMENT (  '', '', ( #2202 ) ) ;
#953 = EDGE_CURVE ( 'NONE', #162, #776, #1083, .T. ) ;
#954 = SURFACE_STYLE_FILL_AREA ( #1714 ) ;
#955 = DIRECTION ( 'NONE',  ( 0.000000000000000000, -1.000000000000000000, 0.000000000000000000 ) ) ;
#956 = CARTESIAN_POINT ( 'NONE',  ( -1.850000000000000311, 1.249999999999999778, 0.000000000000000000 ) ) ;
#957 = ADVANCED_FACE ( 'NONE', ( #1472 ), #1893, .F. ) ;
#958 =( LENGTH_UNIT ( ) NAMED_UNIT ( * ) SI_UNIT ( .MILLI., .METRE. ) );
#959 = SURFACE_SIDE_STYLE ('',( #1957 ) ) ;
#960 = SURFACE_SIDE_STYLE ('',( #1768 ) ) ;
#961 =( NAMED_UNIT ( * ) SI_UNIT ( $, .STERADIAN. ) SOLID_ANGLE_UNIT ( ) );
#962 =( NAMED_UNIT ( * ) SI_UNIT ( $, .STERADIAN. ) SOLID_ANGLE_UNIT ( ) );
#963 = EDGE_CURVE ( 'NONE', #2305, #1242, #96, .T. ) ;
#964 = SURFACE_STYLE_USAGE ( .BOTH. , #1296 ) ;
#965 = ORIENTED_EDGE ( 'NONE', *, *, #874, .F. ) ;
#966 = EDGE_LOOP ( 'NONE', ( #2252, #771, #2376, #1124, #628 ) ) ;
#967 = SURFACE_STYLE_USAGE ( .BOTH. , #2344 ) ;
#968 = CARTESIAN_POINT ( 'NONE',  ( -1.756181816635371984, 1.106181816635371851, 1.090000000000000080 ) ) ;
#969 = SURFACE_SIDE_STYLE ('',( #201 ) ) ;
#970 = UNCERTAINTY_MEASURE_WITH_UNIT (LENGTH_MEASURE( 1.000000000000000082E-05 ), #1780, 'distance_accuracy_value', 'NONE');
#971 = ORIENTED_EDGE ( 'NONE', *, *, #953, .F. ) ;
#972 = VECTOR ( 'NONE', #1716, 1000.000000000000000 ) ;
#973 = EDGE_CURVE ( 'NONE', #975, #509, #534, .T. ) ;
#974 = PRESENTATION_LAYER_ASSIGNMENT (  '', '', ( #1359 ) ) ;
#975 = VERTEX_POINT ( 'NONE', #2255 ) ;
#976 =( GEOMETRIC_REPRESENTATION_CONTEXT ( 3 ) GLOBAL_UNCERTAINTY_ASSIGNED_CONTEXT ( ( #17 ) ) GLOBAL_UNIT_ASSIGNED_CONTEXT ( ( #819, #1161, #810 ) ) REPRESENTATION_CONTEXT ( 'NONE', 'WORKASPACE' ) );
#977 =( LENGTH_UNIT ( ) NAMED_UNIT ( * ) SI_UNIT ( .MILLI., .METRE. ) );
#978 = LINE ( 'NONE', #2200, #1405 ) ;
#979 = STYLED_ITEM ( 'NONE', ( #2222 ), #1228 ) ;
#980 = EDGE_LOOP ( 'NONE', ( #1543, #253, #883, #1156 ) ) ;
#981 = SURFACE_SIDE_STYLE ('',( #200 ) ) ;
#982 =( GEOMETRIC_REPRESENTATION_CONTEXT ( 3 ) GLOBAL_UNCERTAINTY_ASSIGNED_CONTEXT ( ( #180 ) ) GLOBAL_UNIT_ASSIGNED_CONTEXT ( ( #2139, #1886, #98 ) ) REPRESENTATION_CONTEXT ( 'NONE', 'WORKASPACE' ) );
#983 = ORIENTED_EDGE ( 'NONE', *, *, #2071, .T. ) ;
#984 =( NAMED_UNIT ( * ) SI_UNIT ( $, .STERADIAN. ) SOLID_ANGLE_UNIT ( ) );
#985 = CARTESIAN_POINT ( 'NONE',  ( -1.899840407584205249, 1.229308955135588466, 0.1615163533964945886 ) ) ;
#986 =( GEOMETRIC_REPRESENTATION_CONTEXT ( 3 ) GLOBAL_UNCERTAINTY_ASSIGNED_CONTEXT ( ( #876 ) ) GLOBAL_UNIT_ASSIGNED_CONTEXT ( ( #1072, #1868, #842 ) ) REPRESENTATION_CONTEXT ( 'NONE', 'WORKASPACE' ) );
#987 =( NAMED_UNIT ( * ) SI_UNIT ( $, .STERADIAN. ) SOLID_ANGLE_UNIT ( ) );
#988 = CARTESIAN_POINT ( 'NONE',  ( 1.849999999999999867, -1.199999999999999956, 0.000000000000000000 ) ) ;
#989 = FACE_OUTER_BOUND ( 'NONE', #1285, .T. ) ;
#990 = COLOUR_RGB ( '',0.2862745098039215508, 0.2862745098039215508, 0.2862745098039215508 ) ;
#991 = SURFACE_SIDE_STYLE ('',( #434 ) ) ;
#992 =( NAMED_UNIT ( * ) SI_UNIT ( $, .STERADIAN. ) SOLID_ANGLE_UNIT ( ) );
#993 = EDGE_CURVE ( 'NONE', #776, #22, #506, .T. ) ;
#994 = SURFACE_STYLE_FILL_AREA ( #1173 ) ;
#995 = FACE_OUTER_BOUND ( 'NONE', #131, .T. ) ;
#996 = ORIENTED_EDGE ( 'NONE', *, *, #1256, .T. ) ;
#997 = CARTESIAN_POINT ( 'NONE',  ( -2.349999999999999645, -0.8749999999999994449, 0.1600000000000000033 ) ) ;
#998 = UNCERTAINTY_MEASURE_WITH_UNIT (LENGTH_MEASURE( 1.000000000000000082E-05 ), #777, 'distance_accuracy_value', 'NONE');
#999 =( LENGTH_UNIT ( ) NAMED_UNIT ( * ) SI_UNIT ( .MILLI., .METRE. ) );
#1000 = FILL_AREA_STYLE_COLOUR ( '', #2328 ) ;
#1001 = ORIENTED_EDGE ( 'NONE', *, *, #1152, .F. ) ;
#1002 =( LENGTH_UNIT ( ) NAMED_UNIT ( * ) SI_UNIT ( .MILLI., .METRE. ) );
#1003 = LINE ( 'NONE', #2209, #1017 ) ;
#1004 = CARTESIAN_POINT ( 'NONE',  ( 1.899840407584205026, -1.229308955135588910, 0.1615163533964956988 ) ) ;
#1005 = ADVANCED_FACE ( 'NONE', ( #1273 ), #518, .T. ) ;
#1006 = STYLED_ITEM ( 'NONE', ( #2201 ), #2237 ) ;
#1007 = PRESENTATION_LAYER_ASSIGNMENT (  '', '', ( #2013 ) ) ;
#1008 = ORIENTED_EDGE ( 'NONE', *, *, #147, .F. ) ;
#1009 = SURFACE_STYLE_FILL_AREA ( #1963 ) ;
#1010 =( LENGTH_UNIT ( ) NAMED_UNIT ( * ) SI_UNIT ( .MILLI., .METRE. ) );
#1011 = CARTESIAN_POINT ( 'NONE',  ( 0.000000000000000000, 1.106181816635371629, 1.090000000000000080 ) ) ;
#1012 = ORIENTED_EDGE ( 'NONE', *, *, #288, .T. ) ;
#1013 = VECTOR ( 'NONE', #2001, 1000.000000000000000 ) ;
#1014 = FACE_OUTER_BOUND ( 'NONE', #59, .T. ) ;
#1015 = CARTESIAN_POINT ( 'NONE',  ( 1.899999999999999689, 0.8749999999999994449, 0.1600000000000000033 ) ) ;
#1016 = DIRECTION ( 'NONE',  ( 0.000000000000000000, 0.000000000000000000, -1.000000000000000000 ) ) ;
#1017 = VECTOR ( 'NONE', #2392, 1000.000000000000000 ) ;
#1018 = ORIENTED_EDGE ( 'NONE', *, *, #1990, .T. ) ;
#1019 = EDGE_CURVE ( 'NONE', #1034, #1580, #1920, .T. ) ;
#1020 = CARTESIAN_POINT ( 'NONE',  ( -1.749999999999999778, 0.8749999999999994449, 0.1600000000000000033 ) ) ;
#1021 = VECTOR ( 'NONE', #1894, 1000.000000000000000 ) ;
#1022 = EDGE_CURVE ( 'NONE', #297, #913, #2501, .T. ) ;
#1023 = EDGE_LOOP ( 'NONE', ( #220, #142, #905, #1391 ) ) ;
#1024 = DIRECTION ( 'NONE',  ( 1.000000000000000000, 0.000000000000000000, 0.000000000000000000 ) ) ;
#1025 = FILL_AREA_STYLE ('',( #869 ) ) ;
#1026 = SURFACE_SIDE_STYLE ('',( #296 ) ) ;
#1027 = CARTESIAN_POINT ( 'NONE',  ( -1.900000000000000133, 1.249999999999999778, 0.1600000000000000033 ) ) ;
#1028 = FACE_OUTER_BOUND ( 'NONE', #934, .T. ) ;
#1029 = EDGE_LOOP ( 'NONE', ( #2465, #2275, #104, #971 ) ) ;
#1030 = PRESENTATION_STYLE_ASSIGNMENT (( #254 ) ) ;
#1031 = FILL_AREA_STYLE_COLOUR ( '', #1765 ) ;
#1032 = LINE ( 'NONE', #836, #604 ) ;
#1033 = ADVANCED_FACE ( 'NONE', ( #1352 ), #395, .F. ) ;
#1034 = VERTEX_POINT ( 'NONE', #763 ) ;
#1035 = DIRECTION ( 'NONE',  ( 0.000000000000000000, 0.000000000000000000, -1.000000000000000000 ) ) ;
#1036 = LINE ( 'NONE', #2075, #2122 ) ;
#1037 = ORIENTED_EDGE ( 'NONE', *, *, #1399, .F. ) ;
#1038 = FILL_AREA_STYLE ('',( #264 ) ) ;
#1039 = UNCERTAINTY_MEASURE_WITH_UNIT (LENGTH_MEASURE( 1.000000000000000082E-05 ), #612, 'distance_accuracy_value', 'NONE');
#1040 =( GEOMETRIC_REPRESENTATION_CONTEXT ( 3 ) GLOBAL_UNCERTAINTY_ASSIGNED_CONTEXT ( ( #202 ) ) GLOBAL_UNIT_ASSIGNED_CONTEXT ( ( #2378, #1180, #987 ) ) REPRESENTATION_CONTEXT ( 'NONE', 'WORKASPACE' ) );
#1041 = CARTESIAN_POINT ( 'NONE',  ( 1.809740539509907542, -1.209466634278320907, 0.5456492140323466744 ) ) ;
#1042 = EDGE_LOOP ( 'NONE', ( #1349, #1103, #996, #539 ) ) ;
#1043 = ADVANCED_FACE ( 'NONE', ( #1928 ), #380, .T. ) ;
#1044 = PRESENTATION_STYLE_ASSIGNMENT (( #633 ) ) ;
#1045 = ADVANCED_FACE ( 'NONE', ( #176 ), #1146, .T. ) ;
#1046 = SURFACE_STYLE_FILL_AREA ( #677 ) ;
#1047 = FACE_OUTER_BOUND ( 'NONE', #523, .T. ) ;
#1048 = ORIENTED_EDGE ( 'NONE', *, *, #684, .F. ) ;
#1049 = SURFACE_SIDE_STYLE ('',( #2049 ) ) ;
#1050 = VECTOR ( 'NONE', #86, 1000.000000000000000 ) ;
#1051 = MECHANICAL_DESIGN_GEOMETRIC_PRESENTATION_REPRESENTATION (  '', ( #386 ), #2320 ) ;
#1052 = CIRCLE ( 'NONE', #1792, 0.04999999999999991257 ) ;
#1053 = AXIS2_PLACEMENT_3D ( 'NONE', #2334, #2301, #556 ) ;
#1054 = LINE ( 'NONE', #1257, #1660 ) ;
#1055 = DIRECTION ( 'NONE',  ( -0.000000000000000000, -1.000000000000000000, -0.000000000000000000 ) ) ;
#1056 = DIRECTION ( 'NONE',  ( 0.000000000000000000, 0.000000000000000000, 1.000000000000000000 ) ) ;
#1057 = PRESENTATION_LAYER_ASSIGNMENT (  '', '', ( #247 ) ) ;
#1058 =( NAMED_UNIT ( * ) PLANE_ANGLE_UNIT ( ) SI_UNIT ( $, .RADIAN. ) );
#1059 = FACE_OUTER_BOUND ( 'NONE', #282, .T. ) ;
#1060 = DIRECTION ( 'NONE',  ( 0.000000000000000000, -1.000000000000000000, 0.000000000000000000 ) ) ;
#1061 = LINE ( 'NONE', #1249, #2526 ) ;
#1062 = EDGE_CURVE ( 'NONE', #975, #477, #1933, .T. ) ;
#1063 = CARTESIAN_POINT ( 'NONE',  ( 0.000000000000000000, -1.106181816635371629, 1.090000000000000080 ) ) ;
#1064 = ORIENTED_EDGE ( 'NONE', *, *, #1823, .T. ) ;
#1065 = UNCERTAINTY_MEASURE_WITH_UNIT (LENGTH_MEASURE( 1.000000000000000082E-05 ), #116, 'distance_accuracy_value', 'NONE');
#1066 = LINE ( 'NONE', #475, #2103 ) ;
#1067 = DIRECTION ( 'NONE',  ( -0.000000000000000000, -1.000000000000000000, -0.000000000000000000 ) ) ;
#1068 = DIRECTION ( 'NONE',  ( 1.000000000000000000, 0.000000000000000000, -0.000000000000000000 ) ) ;
#1069 = ORIENTED_EDGE ( 'NONE', *, *, #1793, .F. ) ;
#1070 = CARTESIAN_POINT ( 'NONE',  ( -1.749999999999999778, -0.8749999999999994449, 0.1600000000000000033 ) ) ;
#1071 = FILL_AREA_STYLE ('',( #893 ) ) ;
#1072 =( LENGTH_UNIT ( ) NAMED_UNIT ( * ) SI_UNIT ( .MILLI., .METRE. ) );
#1073 =( NAMED_UNIT ( * ) PLANE_ANGLE_UNIT ( ) SI_UNIT ( $, .RADIAN. ) );
#1074 = ADVANCED_FACE ( 'NONE', ( #2402 ), #258, .T. ) ;
#1075 = ORIENTED_EDGE ( 'NONE', *, *, #917, .T. ) ;
#1076 = SURFACE_STYLE_USAGE ( .BOTH. , #2495 ) ;
#1077 = SURFACE_STYLE_FILL_AREA ( #1244 ) ;
#1078 = CARTESIAN_POINT ( 'NONE',  ( -1.749999999999999778, 0.8749999999999994449, 0.1600000000000000033 ) ) ;
#1079 = ORIENTED_EDGE ( 'NONE', *, *, #1593, .F. ) ;
#1080 = EDGE_CURVE ( 'NONE', #509, #302, #1175, .T. ) ;
#1081 = MECHANICAL_DESIGN_GEOMETRIC_PRESENTATION_REPRESENTATION (  '', ( #1901 ), #194 ) ;
#1082 = PRESENTATION_LAYER_ASSIGNMENT (  '', '', ( #1613 ) ) ;
#1083 = LINE ( 'NONE', #1883, #2068 ) ;
#1084 = LINE ( 'NONE', #2316, #1541 ) ;
#1085 = PRESENTATION_STYLE_ASSIGNMENT (( #351 ) ) ;
#1086 = AXIS2_PLACEMENT_3D ( 'NONE', #988, #193, #2335 ) ;
#1087 = EDGE_LOOP ( 'NONE', ( #1001, #195, #1255, #2185 ) ) ;
#1088 = UNCERTAINTY_MEASURE_WITH_UNIT (LENGTH_MEASURE( 1.000000000000000082E-05 ), #1630, 'distance_accuracy_value', 'NONE');
#1089 = PRESENTATION_LAYER_ASSIGNMENT (  '', '', ( #2026 ) ) ;
#1090 = SURFACE_STYLE_USAGE ( .BOTH. , #171 ) ;
#1091 = STYLED_ITEM ( 'NONE', ( #260 ), #1806 ) ;
#1092 = EDGE_CURVE ( 'NONE', #861, #2305, #608, .T. ) ;
#1093 = COLOUR_RGB ( '',0.2862745098039215508, 0.2862745098039215508, 0.2862745098039215508 ) ;
#1094 = SURFACE_STYLE_FILL_AREA ( #2473 ) ;
#1095 = CARTESIAN_POINT ( 'NONE',  ( -1.900000000000000133, -0.8749999999999994449, 0.1600000000000000033 ) ) ;
#1096 = PRESENTATION_STYLE_ASSIGNMENT (( #357 ) ) ;
#1097 = VECTOR ( 'NONE', #2500, 1000.000000000000000 ) ;
#1098 =( GEOMETRIC_REPRESENTATION_CONTEXT ( 3 ) GLOBAL_UNCERTAINTY_ASSIGNED_CONTEXT ( ( #899 ) ) GLOBAL_UNIT_ASSIGNED_CONTEXT ( ( #2542, #340, #1567 ) ) REPRESENTATION_CONTEXT ( 'NONE', 'WORKASPACE' ) );
#1099 = LINE ( 'NONE', #1926, #1097 ) ;
#1100 = DIRECTION ( 'NONE',  ( 0.1045284632676537068, 0.000000000000000000, -0.9945218953682734009 ) ) ;
#1101 = STYLED_ITEM ( 'NONE', ( #2033 ), #269 ) ;
#1102 = SURFACE_SIDE_STYLE ('',( #335 ) ) ;
#1103 = ORIENTED_EDGE ( 'NONE', *, *, #424, .T. ) ;
#1104 = DIRECTION ( 'NONE',  ( -0.000000000000000000, -1.000000000000000000, -0.000000000000000000 ) ) ;
#1105 = FACE_OUTER_BOUND ( 'NONE', #1023, .T. ) ;
#1106 =( GEOMETRIC_REPRESENTATION_CONTEXT ( 3 ) GLOBAL_UNCERTAINTY_ASSIGNED_CONTEXT ( ( #2277 ) ) GLOBAL_UNIT_ASSIGNED_CONTEXT ( ( #2157, #784, #984 ) ) REPRESENTATION_CONTEXT ( 'NONE', 'WORKASPACE' ) );
#1107 = DIRECTION ( 'NONE',  ( 1.000000000000000000, 0.000000000000000000, 0.000000000000000000 ) ) ;
#1108 = STYLED_ITEM ( 'NONE', ( #1569 ), #1218 ) ;
#1109 = LINE ( 'NONE', #1923, #1300 ) ;
#1110 = PRESENTATION_STYLE_ASSIGNMENT (( #742 ) ) ;
#1111 = EDGE_LOOP ( 'NONE', ( #787, #667, #1251, #2212 ) ) ;
#1112 = EDGE_CURVE ( 'NONE', #1456, #2511, #248, .T. ) ;
#1113 = LINE ( 'NONE', #2123, #2274 ) ;
#1114 = SURFACE_STYLE_FILL_AREA ( #2138 ) ;
#1115 =( NAMED_UNIT ( * ) PLANE_ANGLE_UNIT ( ) SI_UNIT ( $, .RADIAN. ) );
#1116 = VERTEX_POINT ( 'NONE', #2003 ) ;
#1117 = DIRECTION ( 'NONE',  ( 0.000000000000000000, 1.000000000000000000, 0.000000000000000000 ) ) ;
#1118 = UNCERTAINTY_MEASURE_WITH_UNIT (LENGTH_MEASURE( 1.000000000000000082E-05 ), #2503, 'distance_accuracy_value', 'NONE');
#1119 = CYLINDRICAL_SURFACE ( 'NONE', #1368, 0.04999999999999991257 ) ;
#1120 =( NAMED_UNIT ( * ) SI_UNIT ( $, .STERADIAN. ) SOLID_ANGLE_UNIT ( ) );
#1121 = DIRECTION ( 'NONE',  ( -1.807003620809175125E-16, -1.000000000000000000, 0.000000000000000000 ) ) ;
#1122 = CARTESIAN_POINT ( 'NONE',  ( 0.000000000000000000, 0.000000000000000000, 0.1600000000000000033 ) ) ;
#1123 = CARTESIAN_POINT ( 'NONE',  ( -1.900000000000000133, 0.8749999999999994449, 0.000000000000000000 ) ) ;
#1124 = ORIENTED_EDGE ( 'NONE', *, *, #117, .F. ) ;
#1125 = MECHANICAL_DESIGN_GEOMETRIC_PRESENTATION_REPRESENTATION (  '', ( #153 ), #1389 ) ;
#1126 = DIRECTION ( 'NONE',  ( 0.1039620511844978751, 0.1039620511844978751, 0.9891328443778538704 ) ) ;
#1127 = EDGE_CURVE ( 'NONE', #394, #1600, #55, .T. ) ;
#1128 = ORIENTED_EDGE ( 'NONE', *, *, #2194, .T. ) ;
#1129 = STYLED_ITEM ( 'NONE', ( #1841 ), #2248 ) ;
#1130 = AXIS2_PLACEMENT_3D ( 'NONE', #596, #2024, #2213 ) ;
#1131 = ADVANCED_FACE ( 'NONE', ( #1014 ), #10, .F. ) ;
#1132 = ORIENTED_EDGE ( 'NONE', *, *, #1889, .F. ) ;
#1133 = CARTESIAN_POINT ( 'NONE',  ( 1.899999999999999689, -1.249999999999999778, 0.1600000000000000033 ) ) ;
#1134 = VECTOR ( 'NONE', #2308, 1000.000000000000000 ) ;
#1135 = CARTESIAN_POINT ( 'NONE',  ( -1.850000000000000311, 1.200000000000000178, 0.1600000000000000033 ) ) ;
#1136 = CARTESIAN_POINT ( 'NONE',  ( -1.506181816635372206, 1.106181816635371629, 1.100000000000000089 ) ) ;
#1137 = LINE ( 'NONE', #1924, #1579 ) ;
#1138 = DIRECTION ( 'NONE',  ( 0.000000000000000000, 1.000000000000000000, 0.000000000000000000 ) ) ;
#1139 = DIRECTION ( 'NONE',  ( 1.000000000000000000, 0.000000000000000000, 0.000000000000000000 ) ) ;
#1140 = VECTOR ( 'NONE', #2464, 1000.000000000000000 ) ;
#1141 = VERTEX_POINT ( 'NONE', #1904 ) ;
#1142 = DIRECTION ( 'NONE',  ( -1.000000000000000000, 1.807003620809174632E-16, 0.000000000000000000 ) ) ;
#1143 = CIRCLE ( 'NONE', #1951, 0.04999999999999991257 ) ;
#1144 = ORIENTED_EDGE ( 'NONE', *, *, #1127, .T. ) ;
#1145 = STYLED_ITEM ( 'NONE', ( #2444 ), #361 ) ;
#1146 = CYLINDRICAL_SURFACE ( 'NONE', #1439, 0.04999999999999991257 ) ;
#1147 = MECHANICAL_DESIGN_GEOMETRIC_PRESENTATION_REPRESENTATION (  '', ( #286 ), #537 ) ;
#1148 = MANIFOLD_SOLID_BREP ( 'Boss-Extrude3[2]', #1715 ) ;
#1149 = DIRECTION ( 'NONE',  ( 0.000000000000000000, 0.000000000000000000, -1.000000000000000000 ) ) ;
#1150 = SURFACE_STYLE_USAGE ( .BOTH. , #1594 ) ;
#1151 = ORIENTED_EDGE ( 'NONE', *, *, #2004, .T. ) ;
#1152 = EDGE_CURVE ( 'NONE', #1116, #2422, #1771, .T. ) ;
#1153 =( LENGTH_UNIT ( ) NAMED_UNIT ( * ) SI_UNIT ( .MILLI., .METRE. ) );
#1154 = FILL_AREA_STYLE ('',( #1373 ) ) ;
#1155 = FILL_AREA_STYLE ('',( #2354 ) ) ;
#1156 = ORIENTED_EDGE ( 'NONE', *, *, #1399, .T. ) ;
#1157 = CARTESIAN_POINT ( 'NONE',  ( -1.506181816635372206, 1.106181816635371629, 1.090000000000000080 ) ) ;
#1158 = VERTEX_POINT ( 'NONE', #1754 ) ;
#1159 = DIRECTION ( 'NONE',  ( -0.000000000000000000, 0.000000000000000000, -1.000000000000000000 ) ) ;
#1160 = SURFACE_STYLE_FILL_AREA ( #224 ) ;
#1161 =( NAMED_UNIT ( * ) PLANE_ANGLE_UNIT ( ) SI_UNIT ( $, .RADIAN. ) );
#1162 = EDGE_CURVE ( 'NONE', #873, #1973, #156, .T. ) ;
#1163 = VERTEX_POINT ( 'NONE', #914 ) ;
#1164 = CARTESIAN_POINT ( 'NONE',  ( 1.850811350238562136, 1.200811350238562003, 0.1496601291661457667 ) ) ;
#1165 = DIRECTION ( 'NONE',  ( -1.000000000000000000, 0.000000000000000000, 0.000000000000000000 ) ) ;
#1166 = ORIENTED_EDGE ( 'NONE', *, *, #1902, .F. ) ;
#1167 = ADVANCED_FACE ( 'NONE', ( #2534 ), #1522, .T. ) ;
#1168 = DIRECTION ( 'NONE',  ( 0.000000000000000000, 1.000000000000000000, 0.000000000000000000 ) ) ;
#1169 = MECHANICAL_DESIGN_GEOMETRIC_PRESENTATION_REPRESENTATION (  '', ( #1693 ), #779 ) ;
#1170 =( LENGTH_UNIT ( ) NAMED_UNIT ( * ) SI_UNIT ( .MILLI., .METRE. ) );
#1171 = FILL_AREA_STYLE_COLOUR ( '', #2440 ) ;
#1172 = VECTOR ( 'NONE', #2155, 1000.000000000000000 ) ;
#1173 = FILL_AREA_STYLE ('',( #228 ) ) ;
#1174 = UNCERTAINTY_MEASURE_WITH_UNIT (LENGTH_MEASURE( 1.000000000000000082E-05 ), #2009, 'distance_accuracy_value', 'NONE');
#1175 = CIRCLE ( 'NONE', #71, 0.04999999999999991257 ) ;
#1176 = ORIENTED_EDGE ( 'NONE', *, *, #137, .T. ) ;
#1177 = CYLINDRICAL_SURFACE ( 'NONE', #1238, 0.04999999999999991257 ) ;
#1178 = CARTESIAN_POINT ( 'NONE',  ( -1.756181816635371984, 1.106181816635371629, 1.100000000000000089 ) ) ;
#1179 =( GEOMETRIC_REPRESENTATION_CONTEXT ( 3 ) GLOBAL_UNCERTAINTY_ASSIGNED_CONTEXT ( ( #1458 ) ) GLOBAL_UNIT_ASSIGNED_CONTEXT ( ( #674, #1058, #646 ) ) REPRESENTATION_CONTEXT ( 'NONE', 'WORKASPACE' ) );
#1180 =( NAMED_UNIT ( * ) PLANE_ANGLE_UNIT ( ) SI_UNIT ( $, .RADIAN. ) );
#1181 = ORIENTED_EDGE ( 'NONE', *, *, #2169, .T. ) ;
#1182 = MANIFOLD_SOLID_BREP ( 'Cut-Extrude2', #1591 ) ;
#1183 = PRODUCT_DEFINITION_CONTEXT ( 'detailed design', #549, 'design' ) ;
#1184 = ORIENTED_EDGE ( 'NONE', *, *, #1022, .F. ) ;
#1185 = EDGE_CURVE ( 'NONE', #833, #2036, #2508, .T. ) ;
#1186 = VERTEX_POINT ( 'NONE', #400 ) ;
#1187 = MECHANICAL_DESIGN_GEOMETRIC_PRESENTATION_REPRESENTATION (  '', ( #611 ), #243 ) ;
#1188 = FILL_AREA_STYLE_COLOUR ( '', #2478 ) ;
#1189 =( GEOMETRIC_REPRESENTATION_CONTEXT ( 3 ) GLOBAL_UNCERTAINTY_ASSIGNED_CONTEXT ( ( #277 ) ) GLOBAL_UNIT_ASSIGNED_CONTEXT ( ( #855, #2460, #1892 ) ) REPRESENTATION_CONTEXT ( 'NONE', 'WORKASPACE' ) );
#1190 =( NAMED_UNIT ( * ) PLANE_ANGLE_UNIT ( ) SI_UNIT ( $, .RADIAN. ) );
#1191 = MECHANICAL_DESIGN_GEOMETRIC_PRESENTATION_REPRESENTATION (  '', ( #979 ), #332 ) ;
#1192 = SURFACE_STYLE_USAGE ( .BOTH. , #960 ) ;
#1193 =( LENGTH_UNIT ( ) NAMED_UNIT ( * ) SI_UNIT ( .MILLI., .METRE. ) );
#1194 = CARTESIAN_POINT ( 'NONE',  ( 1.749999999999999778, -0.8749999999999998890, 0.1600000000000000033 ) ) ;
#1195 = DIRECTION ( 'NONE',  ( 0.000000000000000000, 0.9945218953682734009, 0.1045284632676536651 ) ) ;
#1196 = STYLED_ITEM ( 'NONE', ( #672 ), #91 ) ;
#1197 = VERTEX_POINT ( 'NONE', #1811 ) ;
#1198 = SURFACE_STYLE_USAGE ( .BOTH. , #1803 ) ;
#1199 = MECHANICAL_DESIGN_GEOMETRIC_PRESENTATION_REPRESENTATION (  '', ( #1767 ), #1987 ) ;
#1200 = FILL_AREA_STYLE ('',( #1828 ) ) ;
#1201 = CARTESIAN_POINT ( 'NONE',  ( 1.749999999999999778, 0.8749999999999997780, 0.1600000000000000033 ) ) ;
#1202 = STYLED_ITEM ( 'NONE', ( #390 ), #1182 ) ;
#1203 = ORIENTED_EDGE ( 'NONE', *, *, #2427, .T. ) ;
#1204 = ADVANCED_FACE ( 'NONE', ( #2181 ), #1177, .T. ) ;
#1205 = CARTESIAN_POINT ( 'NONE',  ( 1.849999999999999867, -1.199999999999999956, 0.1600000000000000033 ) ) ;
#1206 = SURFACE_STYLE_USAGE ( .BOTH. , #1970 ) ;
#1207 = PLANE ( 'NONE',  #1935 ) ;
#1208 = CARTESIAN_POINT ( 'NONE',  ( -1.756181816635371984, 1.106181816635371629, 1.050000000000000044 ) ) ;
#1209 = ORIENTED_EDGE ( 'NONE', *, *, #651, .T. ) ;
#1210 = SURFACE_SIDE_STYLE ('',( #1009 ) ) ;
#1211 = UNCERTAINTY_MEASURE_WITH_UNIT (LENGTH_MEASURE( 1.000000000000000082E-05 ), #977, 'distance_accuracy_value', 'NONE');
#1212 = FACE_OUTER_BOUND ( 'NONE', #1691, .T. ) ;
#1213 = CARTESIAN_POINT ( 'NONE',  ( -2.349999999999999645, -0.8749999999999994449, 0.1600000000000000033 ) ) ;
#1214 = ORIENTED_EDGE ( 'NONE', *, *, #508, .T. ) ;
#1215 = VECTOR ( 'NONE', #1603, 1000.000000000000000 ) ;
#1216 = ORIENTED_EDGE ( 'NONE', *, *, #1927, .F. ) ;
#1217 = SURFACE_STYLE_FILL_AREA ( #1846 ) ;
#1218 = ADVANCED_FACE ( 'NONE', ( #1375 ), #2387, .T. ) ;
#1219 = SURFACE_STYLE_USAGE ( .BOTH. , #2410 ) ;
#1220 = COLOUR_RGB ( '',0.2862745098039215508, 0.2862745098039215508, 0.2862745098039215508 ) ;
#1221 = VECTOR ( 'NONE', #1936, 1000.000000000000000 ) ;
#1222 = AXIS2_PLACEMENT_3D ( 'NONE', #2355, #160, #375 ) ;
#1223 = ORIENTED_EDGE ( 'NONE', *, *, #774, .F. ) ;
#1224 = CARTESIAN_POINT ( 'NONE',  ( 1.879308955135587267, 1.249840407584205337, 0.1615163533964966702 ) ) ;
#1225 = SURFACE_SIDE_STYLE ('',( #446 ) ) ;
#1226 =( NAMED_UNIT ( * ) PLANE_ANGLE_UNIT ( ) SI_UNIT ( $, .RADIAN. ) );
#1227 =( GEOMETRIC_REPRESENTATION_CONTEXT ( 3 ) GLOBAL_UNCERTAINTY_ASSIGNED_CONTEXT ( ( #2050 ) ) GLOBAL_UNIT_ASSIGNED_CONTEXT ( ( #396, #2381, #1380 ) ) REPRESENTATION_CONTEXT ( 'NONE', 'WORKASPACE' ) );
#1228 = ADVANCED_FACE ( 'NONE', ( #232 ), #1837, .T. ) ;
#1229 = ORIENTED_EDGE ( 'NONE', *, *, #2015, .F. ) ;
#1230 =( LENGTH_UNIT ( ) NAMED_UNIT ( * ) SI_UNIT ( .MILLI., .METRE. ) );
#1231 = UNCERTAINTY_MEASURE_WITH_UNIT (LENGTH_MEASURE( 1.000000000000000082E-05 ), #1230, 'distance_accuracy_value', 'NONE');
#1232 = CARTESIAN_POINT ( 'NONE',  ( -1.749999999999999778, -0.8749999999999994449, 0.1600000000000000033 ) ) ;
#1233 = MECHANICAL_DESIGN_GEOMETRIC_PRESENTATION_REPRESENTATION (  '', ( #947 ), #1629 ) ;
#1234 = FACE_OUTER_BOUND ( 'NONE', #1333, .T. ) ;
#1235 = PLANE ( 'NONE',  #607 ) ;
#1236 = DIRECTION ( 'NONE',  ( 0.000000000000000000, 0.000000000000000000, -1.000000000000000000 ) ) ;
#1237 = CARTESIAN_POINT ( 'NONE',  ( -1.756181816635371984, -1.151202018850263631, 1.100000000000000089 ) ) ;
#1238 = AXIS2_PLACEMENT_3D ( 'NONE', #432, #584, #1619 ) ;
#1239 = CARTESIAN_POINT ( 'NONE',  ( -1.749999999999999778, -0.8749999999999994449, 0.000000000000000000 ) ) ;
#1240 = DIRECTION ( 'NONE',  ( 0.000000000000000000, -0.000000000000000000, -1.000000000000000000 ) ) ;
#1241 = DIRECTION ( 'NONE',  ( 1.000000000000000000, -0.000000000000000000, -0.000000000000000000 ) ) ;
#1242 = VERTEX_POINT ( 'NONE', #834 ) ;
#1243 = ADVANCED_FACE ( 'NONE', ( #473 ), #2259, .T. ) ;
#1244 = FILL_AREA_STYLE ('',( #697 ) ) ;
#1245 = SURFACE_STYLE_FILL_AREA ( #1523 ) ;
#1246 = LINE ( 'NONE', #673, #736 ) ;
#1247 = ORIENTED_EDGE ( 'NONE', *, *, #1080, .F. ) ;
#1248 = ADVANCED_FACE ( 'NONE', ( #2420 ), #638, .F. ) ;
#1249 = CARTESIAN_POINT ( 'NONE',  ( -1.801202018850263986, 1.106181816635371629, 1.100000000000000089 ) ) ;
#1250 = DIRECTION ( 'NONE',  ( 1.000000000000000000, -1.807003620809175125E-16, 0.000000000000000000 ) ) ;
#1251 = ORIENTED_EDGE ( 'NONE', *, *, #1328, .T. ) ;
#1252 = SURFACE_SIDE_STYLE ('',( #681 ) ) ;
#1253 = UNCERTAINTY_MEASURE_WITH_UNIT (LENGTH_MEASURE( 1.000000000000000082E-05 ), #2451, 'distance_accuracy_value', 'NONE');
#1254 = DIRECTION ( 'NONE',  ( -1.000000000000000000, 1.807003620809174632E-16, -0.000000000000000000 ) ) ;
#1255 = ORIENTED_EDGE ( 'NONE', *, *, #426, .T. ) ;
#1256 = EDGE_CURVE ( 'NONE', #1163, #1034, #2299, .T. ) ;
#1257 = CARTESIAN_POINT ( 'NONE',  ( -1.749999999999999778, -0.8749999999999994449, 0.000000000000000000 ) ) ;
#1258 = CARTESIAN_POINT ( 'NONE',  ( 0.000000000000000000, 0.000000000000000000, 1.100000000000000089 ) ) ;
#1259 = ORIENTED_EDGE ( 'NONE', *, *, #798, .F. ) ;
#1260 = CIRCLE ( 'NONE', #1222, 0.04999999999999991257 ) ;
#1261 = DIRECTION ( 'NONE',  ( -1.000000000000000000, 0.000000000000000000, 0.000000000000000000 ) ) ;
#1262 = MECHANICAL_DESIGN_GEOMETRIC_PRESENTATION_REPRESENTATION (  '', ( #2396 ), #568 ) ;
#1263 = CARTESIAN_POINT ( 'NONE',  ( -1.749999999999999778, 0.8749999999999994449, 0.000000000000000000 ) ) ;
#1264 = EDGE_LOOP ( 'NONE', ( #1297, #348, #2459, #2192, #231, #324, #1642, #1303 ) ) ;
#1265 = SURFACE_STYLE_FILL_AREA ( #1038 ) ;
#1266 = CARTESIAN_POINT ( 'NONE',  ( 2.349999999999999645, 0.8750000000000000000, 0.1600000000000000033 ) ) ;
#1267 =( GEOMETRIC_REPRESENTATION_CONTEXT ( 3 ) GLOBAL_UNCERTAINTY_ASSIGNED_CONTEXT ( ( #848 ) ) GLOBAL_UNIT_ASSIGNED_CONTEXT ( ( #862, #1858, #846 ) ) REPRESENTATION_CONTEXT ( 'NONE', 'WORKASPACE' ) );
#1268 = PRESENTATION_LAYER_ASSIGNMENT (  '', '', ( #2401 ) ) ;
#1269 = PRESENTATION_LAYER_ASSIGNMENT (  '', '', ( #2034 ) ) ;
#1270 = LINE ( 'NONE', #57, #906 ) ;
#1271 = EDGE_CURVE ( 'NONE', #1276, #1487, #127, .T. ) ;
#1272 = ORIENTED_EDGE ( 'NONE', *, *, #2370, .T. ) ;
#1273 = FACE_OUTER_BOUND ( 'NONE', #93, .T. ) ;
#1274 = FILL_AREA_STYLE ('',( #1651 ) ) ;
#1275 =( NAMED_UNIT ( * ) SI_UNIT ( $, .STERADIAN. ) SOLID_ANGLE_UNIT ( ) );
#1276 = VERTEX_POINT ( 'NONE', #1692 ) ;
#1277 = LINE ( 'NONE', #2333, #2552 ) ;
#1278 = DIRECTION ( 'NONE',  ( 0.000000000000000000, 1.000000000000000000, 0.000000000000000000 ) ) ;
#1279 = UNCERTAINTY_MEASURE_WITH_UNIT (LENGTH_MEASURE( 1.000000000000000082E-05 ), #1519, 'distance_accuracy_value', 'NONE');
#1280 =( LENGTH_UNIT ( ) NAMED_UNIT ( * ) SI_UNIT ( .MILLI., .METRE. ) );
#1281 =( NAMED_UNIT ( * ) PLANE_ANGLE_UNIT ( ) SI_UNIT ( $, .RADIAN. ) );
#1282 = FACE_OUTER_BOUND ( 'NONE', #2491, .T. ) ;
#1283 = DIRECTION ( 'NONE',  ( 0.000000000000000000, -1.000000000000000000, 0.000000000000000000 ) ) ;
#1284 = SURFACE_STYLE_USAGE ( .BOTH. , #1026 ) ;
#1285 = EDGE_LOOP ( 'NONE', ( #689, #165, #379, #1653 ) ) ;
#1286 = ADVANCED_BREP_SHAPE_REPRESENTATION ( 'SMA6S56AH MWG', ( #355, #1148, #1182, #314, #814 ), #522 ) ;
#1287 = DIRECTION ( 'NONE',  ( 1.960260340896360770E-16, -1.000000000000000000, 0.000000000000000000 ) ) ;
#1288 = ORIENTED_EDGE ( 'NONE', *, *, #1556, .T. ) ;
#1289 =( NAMED_UNIT ( * ) PLANE_ANGLE_UNIT ( ) SI_UNIT ( $, .RADIAN. ) );
#1290 = ORIENTED_EDGE ( 'NONE', *, *, #521, .T. ) ;
#1291 = SURFACE_STYLE_USAGE ( .BOTH. , #1102 ) ;
#1292 = ORIENTED_EDGE ( 'NONE', *, *, #1839, .T. ) ;
#1293 = DIRECTION ( 'NONE',  ( -1.000000000000000000, 0.000000000000000000, 0.000000000000000000 ) ) ;
#1294 = STYLED_ITEM ( 'NONE', ( #1096 ), #2250 ) ;
#1295 = LINE ( 'NONE', #1313, #2469 ) ;
#1296 = SURFACE_SIDE_STYLE ('',( #1965 ) ) ;
#1297 = ORIENTED_EDGE ( 'NONE', *, *, #1718, .T. ) ;
#1298 = ORIENTED_EDGE ( 'NONE', *, *, #902, .T. ) ;
#1299 = DIRECTION ( 'NONE',  ( 0.1039620511844979167, 0.1039620511844979583, 0.9891328443778538704 ) ) ;
#1300 = VECTOR ( 'NONE', #280, 1000.000000000000000 ) ;
#1301 = DIRECTION ( 'NONE',  ( 0.000000000000000000, -1.000000000000000000, 0.000000000000000000 ) ) ;
#1302 = MECHANICAL_DESIGN_GEOMETRIC_PRESENTATION_REPRESENTATION (  '', ( #650 ), #1909 ) ;
#1303 = ORIENTED_EDGE ( 'NONE', *, *, #973, .T. ) ;
#1304 = SURFACE_STYLE_FILL_AREA ( #898 ) ;
#1305 = FILL_AREA_STYLE ('',( #2348 ) ) ;
#1306 = CARTESIAN_POINT ( 'NONE',  ( -1.850000000000000311, 1.249999999999999778, 0.1600000000000000033 ) ) ;
#1307 = EDGE_CURVE ( 'NONE', #1456, #1186, #1277, .T. ) ;
#1308 =( LENGTH_UNIT ( ) NAMED_UNIT ( * ) SI_UNIT ( .MILLI., .METRE. ) );
#1309 = STYLED_ITEM ( 'NONE', ( #252 ), #1434 ) ;
#1310 = ORIENTED_EDGE ( 'NONE', *, *, #874, .T. ) ;
#1311 = FILL_AREA_STYLE_COLOUR ( '', #1220 ) ;
#1312 = STYLED_ITEM ( 'NONE', ( #1916 ), #1148 ) ;
#1313 = CARTESIAN_POINT ( 'NONE',  ( 1.749999999999999778, -0.8749999999999998890, 0.1600000000000000033 ) ) ;
#1314 = LINE ( 'NONE', #1741, #237 ) ;
#1315 =( NAMED_UNIT ( * ) PLANE_ANGLE_UNIT ( ) SI_UNIT ( $, .RADIAN. ) );
#1316 = VERTEX_POINT ( 'NONE', #152 ) ;
#1317 = DIRECTION ( 'NONE',  ( -1.000000000000000000, -0.000000000000000000, -0.000000000000000000 ) ) ;
#1318 = AXIS2_PLACEMENT_3D ( 'NONE', #1722, #1508, #1896 ) ;
#1319 = SURFACE_SIDE_STYLE ('',( #2527 ) ) ;
#1320 = SURFACE_STYLE_USAGE ( .BOTH. , #870 ) ;
#1321 = DIRECTION ( 'NONE',  ( -0.000000000000000000, -0.000000000000000000, 1.000000000000000000 ) ) ;
#1322 = PRESENTATION_STYLE_ASSIGNMENT (( #2482 ) ) ;
#1323 = EDGE_LOOP ( 'NONE', ( #548, #2238, #1247 ) ) ;
#1324 = SURFACE_SIDE_STYLE ('',( #567 ) ) ;
#1325 = APPLICATION_PROTOCOL_DEFINITION ( 'draft international standard', 'automotive_design', 1998, #549 ) ;
#1326 = DIRECTION ( 'NONE',  ( 0.1039620511844978751, -0.1039620511844978751, 0.9891328443778538704 ) ) ;
#1327 = COLOUR_RGB ( '',0.2862745098039215508, 0.2862745098039215508, 0.2862745098039215508 ) ;
#1328 = EDGE_CURVE ( 'NONE', #394, #576, #1750, .T. ) ;
#1329 = PLANE ( 'NONE',  #2467 ) ;
#1330 = ORIENTED_EDGE ( 'NONE', *, *, #1604, .T. ) ;
#1331 = EDGE_CURVE ( 'NONE', #2036, #2242, #754, .T. ) ;
#1332 = CARTESIAN_POINT ( 'NONE',  ( -1.900000000000000133, -1.249999999999999778, 0.1600000000000000033 ) ) ;
#1333 = EDGE_LOOP ( 'NONE', ( #943, #1466, #1984, #617 ) ) ;
#1334 = DIRECTION ( 'NONE',  ( -0.000000000000000000, 1.000000000000000000, -0.000000000000000000 ) ) ;
#1335 = EDGE_CURVE ( 'NONE', #2389, #762, #1339, .T. ) ;
#1336 =( LENGTH_UNIT ( ) NAMED_UNIT ( * ) SI_UNIT ( .MILLI., .METRE. ) );
#1337 = FILL_AREA_STYLE ('',( #301 ) ) ;
#1338 = ORIENTED_EDGE ( 'NONE', *, *, #1328, .F. ) ;
#1339 = LINE ( 'NONE', #2516, #944 ) ;
#1340 = CARTESIAN_POINT ( 'NONE',  ( 1.899999999999999689, -1.200273905231586058, 0.1600000000000000033 ) ) ;
#1341 = LINE ( 'NONE', #1582, #1955 ) ;
#1342 = SURFACE_STYLE_FILL_AREA ( #2093 ) ;
#1343 =( LENGTH_UNIT ( ) NAMED_UNIT ( * ) SI_UNIT ( .MILLI., .METRE. ) );
#1344 = VERTEX_POINT ( 'NONE', #540 ) ;
#1345 = LINE ( 'NONE', #558, #1620 ) ;
#1346 = ORIENTED_EDGE ( 'NONE', *, *, #856, .F. ) ;
#1347 = LINE ( 'NONE', #163, #1703 ) ;
#1348 = CARTESIAN_POINT ( 'NONE',  ( 2.349999999999999645, -0.8750000000000000000, 0.1600000000000000033 ) ) ;
#1349 = ORIENTED_EDGE ( 'NONE', *, *, #651, .F. ) ;
#1350 = ADVANCED_FACE ( 'NONE', ( #2141 ), #1493, .T. ) ;
#1351 =( GEOMETRIC_REPRESENTATION_CONTEXT ( 3 ) GLOBAL_UNCERTAINTY_ASSIGNED_CONTEXT ( ( #14 ) ) GLOBAL_UNIT_ASSIGNED_CONTEXT ( ( #1954, #1558, #2131 ) ) REPRESENTATION_CONTEXT ( 'NONE', 'WORKASPACE' ) );
#1352 = FACE_OUTER_BOUND ( 'NONE', #1415, .T. ) ;
#1353 = PRESENTATION_STYLE_ASSIGNMENT (( #1291 ) ) ;
#1354 = FILL_AREA_STYLE ('',( #589 ) ) ;
#1355 = VECTOR ( 'NONE', #1482, 1000.000000000000000 ) ;
#1356 = ORIENTED_EDGE ( 'NONE', *, *, #1617, .T. ) ;
#1357 = SURFACE_STYLE_FILL_AREA ( #1960 ) ;
#1358 = SURFACE_STYLE_USAGE ( .BOTH. , #1324 ) ;
#1359 = STYLED_ITEM ( 'NONE', ( #88 ), #1005 ) ;
#1360 = DIRECTION ( 'NONE',  ( 0.000000000000000000, 1.000000000000000000, 0.000000000000000000 ) ) ;
#1361 = FILL_AREA_STYLE_COLOUR ( '', #2461 ) ;
#1362 = VECTOR ( 'NONE', #109, 1000.000000000000000 ) ;
#1363 = EDGE_LOOP ( 'NONE', ( #1290, #983, #242, #438 ) ) ;
#1364 = SURFACE_STYLE_USAGE ( .BOTH. , #575 ) ;
#1365 = VECTOR ( 'NONE', #588, 1000.000000000000000 ) ;
#1366 = ORIENTED_EDGE ( 'NONE', *, *, #1335, .F. ) ;
#1367 =( NAMED_UNIT ( * ) PLANE_ANGLE_UNIT ( ) SI_UNIT ( $, .RADIAN. ) );
#1368 = AXIS2_PLACEMENT_3D ( 'NONE', #1922, #2506, #2349 ) ;
#1369 = ADVANCED_FACE ( 'NONE', ( #2090 ), #524, .F. ) ;
#1370 = DIRECTION ( 'NONE',  ( 0.000000000000000000, 0.000000000000000000, -1.000000000000000000 ) ) ;
#1371 = PRESENTATION_STYLE_ASSIGNMENT (( #2362 ) ) ;
#1372 =( LENGTH_UNIT ( ) NAMED_UNIT ( * ) SI_UNIT ( .MILLI., .METRE. ) );
#1373 = FILL_AREA_STYLE_COLOUR ( '', #1455 ) ;
#1374 = VERTEX_POINT ( 'NONE', #793 ) ;
#1375 = FACE_OUTER_BOUND ( 'NONE', #397, .T. ) ;
#1376 = EDGE_CURVE ( 'NONE', #765, #2347, #594, .T. ) ;
#1377 = DIRECTION ( 'NONE',  ( 0.000000000000000000, 1.000000000000000000, -0.000000000000000000 ) ) ;
#1378 = ORIENTED_EDGE ( 'NONE', *, *, #666, .T. ) ;
#1379 = ORIENTED_EDGE ( 'NONE', *, *, #2455, .F. ) ;
#1380 =( NAMED_UNIT ( * ) SI_UNIT ( $, .STERADIAN. ) SOLID_ANGLE_UNIT ( ) );
#1381 =( NAMED_UNIT ( * ) SI_UNIT ( $, .STERADIAN. ) SOLID_ANGLE_UNIT ( ) );
#1382 = CYLINDRICAL_SURFACE ( 'NONE', #2561, 0.04999999999999991257 ) ;
#1383 =( NAMED_UNIT ( * ) PLANE_ANGLE_UNIT ( ) SI_UNIT ( $, .RADIAN. ) );
#1384 = ADVANCED_FACE ( 'NONE', ( #1426 ), #1996, .T. ) ;
#1385 = EDGE_LOOP ( 'NONE', ( #1229, #136, #1292, #595 ) ) ;
#1386 = DIRECTION ( 'NONE',  ( -1.000000000000000000, 0.000000000000000000, 0.000000000000000000 ) ) ;
#1387 = ORIENTED_EDGE ( 'NONE', *, *, #757, .T. ) ;
#1388 = SURFACE_STYLE_USAGE ( .BOTH. , #551 ) ;
#1389 =( GEOMETRIC_REPRESENTATION_CONTEXT ( 3 ) GLOBAL_UNCERTAINTY_ASSIGNED_CONTEXT ( ( #1596 ) ) GLOBAL_UNIT_ASSIGNED_CONTEXT ( ( #1390, #800, #27 ) ) REPRESENTATION_CONTEXT ( 'NONE', 'WORKASPACE' ) );
#1390 =( LENGTH_UNIT ( ) NAMED_UNIT ( * ) SI_UNIT ( .MILLI., .METRE. ) );
#1391 = ORIENTED_EDGE ( 'NONE', *, *, #1376, .F. ) ;
#1392 = AXIS2_PLACEMENT_3D ( 'NONE', #2225, #877, #2262 ) ;
#1393 = DIRECTION ( 'NONE',  ( 1.000000000000000000, -0.000000000000000000, -0.000000000000000000 ) ) ;
#1394 = DIRECTION ( 'NONE',  ( 1.000000000000000000, 0.000000000000000000, 0.000000000000000000 ) ) ;
#1395 = ORIENTED_EDGE ( 'NONE', *, *, #757, .F. ) ;
#1396 = FILL_AREA_STYLE_COLOUR ( '', #2227 ) ;
#1397 = UNCERTAINTY_MEASURE_WITH_UNIT (LENGTH_MEASURE( 1.000000000000000082E-05 ), #2327, 'distance_accuracy_value', 'NONE');
#1398 = DIRECTION ( 'NONE',  ( -0.000000000000000000, -0.000000000000000000, -1.000000000000000000 ) ) ;
#1399 = EDGE_CURVE ( 'NONE', #712, #1186, #2203, .T. ) ;
#1400 = PRESENTATION_STYLE_ASSIGNMENT (( #964 ) ) ;
#1401 = AXIS2_PLACEMENT_3D ( 'NONE', #299, #2108, #1100 ) ;
#1402 =( NAMED_UNIT ( * ) SI_UNIT ( $, .STERADIAN. ) SOLID_ANGLE_UNIT ( ) );
#1403 = ORIENTED_EDGE ( 'NONE', *, *, #399, .F. ) ;
#1404 = SURFACE_STYLE_USAGE ( .BOTH. , #991 ) ;
#1405 = VECTOR ( 'NONE', #1168, 1000.000000000000000 ) ;
#1406 = SURFACE_STYLE_USAGE ( .BOTH. , #1592 ) ;
#1407 = AXIS2_PLACEMENT_3D ( 'NONE', #353, #1534, #722 ) ;
#1408 = LINE ( 'NONE', #2346, #1215 ) ;
#1409 = COLOUR_RGB ( '',0.2862745098039215508, 0.2862745098039215508, 0.2862745098039215508 ) ;
#1410 = FILL_AREA_STYLE ('',( #1171 ) ) ;
#1411 = SURFACE_STYLE_USAGE ( .BOTH. , #1614 ) ;
#1412 = COLOUR_RGB ( '',0.8039215686274510109, 0.8039215686274510109, 0.8039215686274510109 ) ;
#1413 = FILL_AREA_STYLE_COLOUR ( '', #2069 ) ;
#1414 = PRESENTATION_LAYER_ASSIGNMENT (  '', '', ( #1196 ) ) ;
#1415 = EDGE_LOOP ( 'NONE', ( #1565, #1510, #2283, #263 ) ) ;
#1416 = DIRECTION ( 'NONE',  ( 0.000000000000000000, 0.9945218953682734009, 0.1045284632676536651 ) ) ;
#1417 = DIRECTION ( 'NONE',  ( -1.000000000000000000, -1.960260340896361263E-16, 0.000000000000000000 ) ) ;
#1418 = AXIS2_PLACEMENT_3D ( 'NONE', #291, #2086, #1677 ) ;
#1419 = PRESENTATION_STYLE_ASSIGNMENT (( #221 ) ) ;
#1420 = ORIENTED_EDGE ( 'NONE', *, *, #216, .T. ) ;
#1421 = FILL_AREA_STYLE ('',( #2012 ) ) ;
#1422 = CARTESIAN_POINT ( 'NONE',  ( -1.900000000000000133, -1.249999999999999778, 0.000000000000000000 ) ) ;
#1423 = FILL_AREA_STYLE_COLOUR ( '', #927 ) ;
#1424 = ADVANCED_FACE ( 'NONE', ( #49 ), #803, .T. ) ;
#1425 = DIRECTION ( 'NONE',  ( 0.000000000000000000, -0.000000000000000000, 1.000000000000000000 ) ) ;
#1426 = FACE_OUTER_BOUND ( 'NONE', #1907, .T. ) ;
#1427 = VERTEX_POINT ( 'NONE', #219 ) ;
#1428 = DIRECTION ( 'NONE',  ( -1.000000000000000000, 0.000000000000000000, 0.000000000000000000 ) ) ;
#1429 = UNCERTAINTY_MEASURE_WITH_UNIT (LENGTH_MEASURE( 1.000000000000000082E-05 ), #183, 'distance_accuracy_value', 'NONE');
#1430 = CARTESIAN_POINT ( 'NONE',  ( 1.849999999999999645, 1.199999999999999956, 0.000000000000000000 ) ) ;
#1431 = ORIENTED_EDGE ( 'NONE', *, *, #928, .F. ) ;
#1432 =( NAMED_UNIT ( * ) PLANE_ANGLE_UNIT ( ) SI_UNIT ( $, .RADIAN. ) );
#1433 = DIRECTION ( 'NONE',  ( 0.000000000000000000, 0.000000000000000000, 1.000000000000000000 ) ) ;
#1434 = ADVANCED_FACE ( 'NONE', ( #995 ), #1809, .T. ) ;
#1435 = FILL_AREA_STYLE ('',( #634 ) ) ;
#1436 = SURFACE_STYLE_USAGE ( .BOTH. , #882 ) ;
#1437 = PRESENTATION_LAYER_ASSIGNMENT (  '', '', ( #1006 ) ) ;
#1438 = FILL_AREA_STYLE ('',( #1982 ) ) ;
#1439 = AXIS2_PLACEMENT_3D ( 'NONE', #1205, #840, #2391 ) ;
#1440 = ORIENTED_EDGE ( 'NONE', *, *, #2385, .T. ) ;
#1441 = SURFACE_SIDE_STYLE ('',( #1265 ) ) ;
#1442 = CARTESIAN_POINT ( 'NONE',  ( -1.900000000000000133, -1.249999999999999778, 0.000000000000000000 ) ) ;
#1443 = LINE ( 'NONE', #1232, #43 ) ;
#1444 = CARTESIAN_POINT ( 'NONE',  ( -1.749999999999999778, 0.8749999999999994449, 0.1600000000000000033 ) ) ;
#1445 = CIRCLE ( 'NONE', #114, 0.04999999999999991257 ) ;
#1446 = LINE ( 'NONE', #2025, #867 ) ;
#1447 = ORIENTED_EDGE ( 'NONE', *, *, #591, .T. ) ;
#1448 = PRESENTATION_LAYER_ASSIGNMENT (  '', '', ( #2224 ) ) ;
#1449 =( GEOMETRIC_REPRESENTATION_CONTEXT ( 3 ) GLOBAL_UNCERTAINTY_ASSIGNED_CONTEXT ( ( #1802 ) ) GLOBAL_UNIT_ASSIGNED_CONTEXT ( ( #1454, #2058, #1844 ) ) REPRESENTATION_CONTEXT ( 'NONE', 'WORKASPACE' ) );
#1450 = EDGE_CURVE ( 'NONE', #873, #6, #1678, .T. ) ;
#1451 = PRESENTATION_LAYER_ASSIGNMENT (  '', '', ( #1091 ) ) ;
#1452 = CARTESIAN_POINT ( 'NONE',  ( -1.749999999999999778, 0.8749999999999994449, 0.1600000000000000033 ) ) ;
#1453 = DIRECTION ( 'NONE',  ( 0.000000000000000000, -1.000000000000000000, 0.000000000000000000 ) ) ;
#1454 =( LENGTH_UNIT ( ) NAMED_UNIT ( * ) SI_UNIT ( .MILLI., .METRE. ) );
#1455 = COLOUR_RGB ( '',0.2862745098039215508, 0.2862745098039215508, 0.2862745098039215508 ) ;
#1456 = VERTEX_POINT ( 'NONE', #1507 ) ;
#1457 =( NAMED_UNIT ( * ) PLANE_ANGLE_UNIT ( ) SI_UNIT ( $, .RADIAN. ) );
#1458 = UNCERTAINTY_MEASURE_WITH_UNIT (LENGTH_MEASURE( 1.000000000000000082E-05 ), #674, 'distance_accuracy_value', 'NONE');
#1459 = SURFACE_STYLE_USAGE ( .BOTH. , #2240 ) ;
#1460 = CARTESIAN_POINT ( 'NONE',  ( -1.756181816635371984, -1.106181816635371629, 1.090000000000000080 ) ) ;
#1461 = STYLED_ITEM ( 'NONE', ( #218 ), #314 ) ;
#1462 = DIRECTION ( 'NONE',  ( 0.000000000000000000, 1.000000000000000000, -0.000000000000000000 ) ) ;
#1463 = ORIENTED_EDGE ( 'NONE', *, *, #2413, .T. ) ;
#1464 = CARTESIAN_POINT ( 'NONE',  ( 1.749999999999999778, -0.8749999999999998890, 0.1600000000000000033 ) ) ;
#1465 = LINE ( 'NONE', #72, #911 ) ;
#1466 = ORIENTED_EDGE ( 'NONE', *, *, #2398, .F. ) ;
#1467 = EDGE_CURVE ( 'NONE', #1973, #2010, #481, .T. ) ;
#1468 =( NAMED_UNIT ( * ) SI_UNIT ( $, .STERADIAN. ) SOLID_ANGLE_UNIT ( ) );
#1469 = LINE ( 'NONE', #1078, #74 ) ;
#1470 = ORIENTED_EDGE ( 'NONE', *, *, #1062, .F. ) ;
#1471 = CARTESIAN_POINT ( 'NONE',  ( 1.805907911403785482, -1.106181816635371629, 1.055226423163382776 ) ) ;
#1472 = FACE_OUTER_BOUND ( 'NONE', #1702, .T. ) ;
#1473 = ORIENTED_EDGE ( 'NONE', *, *, #13, .T. ) ;
#1474 =( LENGTH_UNIT ( ) NAMED_UNIT ( * ) SI_UNIT ( .MILLI., .METRE. ) );
#1475 = MECHANICAL_DESIGN_GEOMETRIC_PRESENTATION_REPRESENTATION (  '', ( #1294 ), #442 ) ;
#1476 = UNCERTAINTY_MEASURE_WITH_UNIT (LENGTH_MEASURE( 1.000000000000000082E-05 ), #46, 'distance_accuracy_value', 'NONE');
#1477 = SURFACE_SIDE_STYLE ('',( #1077 ) ) ;
#1478 = MECHANICAL_DESIGN_GEOMETRIC_PRESENTATION_REPRESENTATION (  '', ( #1613 ), #1040 ) ;
#1479 = EDGE_CURVE ( 'NONE', #1559, #1981, #75, .T. ) ;
#1480 = VECTOR ( 'NONE', #864, 1000.000000000000000 ) ;
#1481 = STYLED_ITEM ( 'NONE', ( #1498 ), #1167 ) ;
#1482 = DIRECTION ( 'NONE',  ( -0.000000000000000000, -0.000000000000000000, -1.000000000000000000 ) ) ;
#1483 = ORIENTED_EDGE ( 'NONE', *, *, #1770, .T. ) ;
#1484 = COLOUR_RGB ( '',0.8039215686274510109, 0.8039215686274510109, 0.8039215686274510109 ) ;
#1485 = DIRECTION ( 'NONE',  ( -1.000000000000000000, 0.000000000000000000, 0.000000000000000000 ) ) ;
#1486 = CARTESIAN_POINT ( 'NONE',  ( 1.756181816635371540, -1.155907911403785349, 1.055226423163382776 ) ) ;
#1487 = VERTEX_POINT ( 'NONE', #844 ) ;
#1488 = SURFACE_STYLE_FILL_AREA ( #690 ) ;
#1489 = LINE ( 'NONE', #1853, #585 ) ;
#1490 = SURFACE_SIDE_STYLE ('',( #553 ) ) ;
#1491 = MECHANICAL_DESIGN_GEOMETRIC_PRESENTATION_REPRESENTATION (  '', ( #36 ), #2074 ) ;
#1492 = ORIENTED_EDGE ( 'NONE', *, *, #37, .T. ) ;
#1493 = PLANE ( 'NONE',  #2228 ) ;
#1494 = AXIS2_PLACEMENT_3D ( 'NONE', #1258, #1863, #490 ) ;
#1495 = DIRECTION ( 'NONE',  ( 0.000000000000000000, 0.000000000000000000, -1.000000000000000000 ) ) ;
#1496 = VECTOR ( 'NONE', #321, 1000.000000000000000 ) ;
#1497 = STYLED_ITEM ( 'NONE', ( #1820 ), #355 ) ;
#1498 = PRESENTATION_STYLE_ASSIGNMENT (( #308 ) ) ;
#1499 =( GEOMETRIC_REPRESENTATION_CONTEXT ( 3 ) GLOBAL_UNCERTAINTY_ASSIGNED_CONTEXT ( ( #420 ) ) GLOBAL_UNIT_ASSIGNED_CONTEXT ( ( #999, #1608, #35 ) ) REPRESENTATION_CONTEXT ( 'NONE', 'WORKASPACE' ) );
#1500 = CARTESIAN_POINT ( 'NONE',  ( 1.849999999999998757, -1.249999999999999778, 0.000000000000000000 ) ) ;
#1501 =( NAMED_UNIT ( * ) PLANE_ANGLE_UNIT ( ) SI_UNIT ( $, .RADIAN. ) );
#1502 = ORIENTED_EDGE ( 'NONE', *, *, #2443, .F. ) ;
#1503 = CARTESIAN_POINT ( 'NONE',  ( 1.756181816635371540, -1.106181816635371629, 1.050000000000000044 ) ) ;
#1504 = ADVANCED_FACE ( 'NONE', ( #450 ), #2088, .T. ) ;
#1505 =( NAMED_UNIT ( * ) PLANE_ANGLE_UNIT ( ) SI_UNIT ( $, .RADIAN. ) );
#1506 = ORIENTED_EDGE ( 'NONE', *, *, #1889, .T. ) ;
#1507 = CARTESIAN_POINT ( 'NONE',  ( -1.850000000000000311, -1.249999999999999778, 0.1600000000000000033 ) ) ;
#1508 = DIRECTION ( 'NONE',  ( -0.000000000000000000, 0.000000000000000000, 1.000000000000000000 ) ) ;
#1509 = ADVANCED_FACE ( 'NONE', ( #1047 ), #1689, .T. ) ;
#1510 = ORIENTED_EDGE ( 'NONE', *, *, #137, .F. ) ;
#1511 = SURFACE_SIDE_STYLE ('',( #1304 ) ) ;
#1512 = PRESENTATION_STYLE_ASSIGNMENT (( #714 ) ) ;
#1513 = CARTESIAN_POINT ( 'NONE',  ( 1.749999999999999778, -0.8749999999999998890, 0.1600000000000000033 ) ) ;
#1514 = DIRECTION ( 'NONE',  ( 1.000000000000000000, 0.000000000000000000, 0.000000000000000000 ) ) ;
#1515 = ADVANCED_FACE ( 'NONE', ( #720 ), #124, .F. ) ;
#1516 =( NAMED_UNIT ( * ) SI_UNIT ( $, .STERADIAN. ) SOLID_ANGLE_UNIT ( ) );
#1517 = CYLINDRICAL_SURFACE ( 'NONE', #1524, 0.04999999999999991257 ) ;
#1518 = ORIENTED_EDGE ( 'NONE', *, *, #223, .T. ) ;
#1519 =( LENGTH_UNIT ( ) NAMED_UNIT ( * ) SI_UNIT ( .MILLI., .METRE. ) );
#1520 = DIRECTION ( 'NONE',  ( 0.000000000000000000, 0.000000000000000000, -1.000000000000000000 ) ) ;
#1521 = ORIENTED_EDGE ( 'NONE', *, *, #546, .F. ) ;
#1522 = SPHERICAL_SURFACE ( 'NONE', #1881, 0.05000000000000000278 ) ;
#1523 = FILL_AREA_STYLE ('',( #325 ) ) ;
#1524 = AXIS2_PLACEMENT_3D ( 'NONE', #520, #1301, #2110 ) ;
#1525 = FACE_OUTER_BOUND ( 'NONE', #2136, .T. ) ;
#1526 = ORIENTED_EDGE ( 'NONE', *, *, #884, .F. ) ;
#1527 = VECTOR ( 'NONE', #1024, 1000.000000000000000 ) ;
#1528 = PRESENTATION_LAYER_ASSIGNMENT (  '', '', ( #196 ) ) ;
#1529 = CARTESIAN_POINT ( 'NONE',  ( 1.749999999999999778, 0.8749999999999997780, 0.1600000000000000033 ) ) ;
#1530 = DIRECTION ( 'NONE',  ( 0.000000000000000000, -0.1045284632676537068, 0.9945218953682732899 ) ) ;
#1531 = DIRECTION ( 'NONE',  ( 0.000000000000000000, -1.000000000000000000, 0.000000000000000000 ) ) ;
#1532 = ADVANCED_FACE ( 'NONE', ( #2296 ), #733, .T. ) ;
#1533 = MECHANICAL_DESIGN_GEOMETRIC_PRESENTATION_REPRESENTATION (  '', ( #2224 ), #197 ) ;
#1534 = DIRECTION ( 'NONE',  ( -1.000000000000000000, 0.000000000000000000, -0.000000000000000000 ) ) ;
#1535 = UNCERTAINTY_MEASURE_WITH_UNIT (LENGTH_MEASURE( 1.000000000000000082E-05 ), #2014, 'distance_accuracy_value', 'NONE');
#1536 = CARTESIAN_POINT ( 'NONE',  ( -1.756181816635371984, 0.000000000000000000, 1.090000000000000080 ) ) ;
#1537 = CARTESIAN_POINT ( 'NONE',  ( -1.850000000000000311, -1.249999999999999778, 0.000000000000000000 ) ) ;
#1538 = EDGE_CURVE ( 'NONE', #576, #1316, #1084, .T. ) ;
#1539 = SURFACE_SIDE_STYLE ('',( #1342 ) ) ;
#1540 = PRESENTATION_LAYER_ASSIGNMENT (  '', '', ( #333 ) ) ;
#1541 = VECTOR ( 'NONE', #1321, 1000.000000000000000 ) ;
#1542 = COLOUR_RGB ( '',0.2862745098039215508, 0.2862745098039215508, 0.2862745098039215508 ) ;
#1543 = ORIENTED_EDGE ( 'NONE', *, *, #1307, .F. ) ;
#1544 = PRODUCT_RELATED_PRODUCT_CATEGORY ( 'part', '', ( #1562 ) ) ;
#1545 =( GEOMETRIC_REPRESENTATION_CONTEXT ( 3 ) GLOBAL_UNCERTAINTY_ASSIGNED_CONTEXT ( ( #970 ) ) GLOBAL_UNIT_ASSIGNED_CONTEXT ( ( #1780, #1115, #1275 ) ) REPRESENTATION_CONTEXT ( 'NONE', 'WORKASPACE' ) );
#1546 = STYLED_ITEM ( 'NONE', ( #2115 ), #448 ) ;
#1547 = DIRECTION ( 'NONE',  ( 0.000000000000000000, 0.000000000000000000, -1.000000000000000000 ) ) ;
#1548 = PRESENTATION_LAYER_ASSIGNMENT (  '', '', ( #1834 ) ) ;
#1549 = PRESENTATION_STYLE_ASSIGNMENT (( #748 ) ) ;
#1550 =( GEOMETRIC_REPRESENTATION_CONTEXT ( 3 ) GLOBAL_UNCERTAINTY_ASSIGNED_CONTEXT ( ( #2102 ) ) GLOBAL_UNIT_ASSIGNED_CONTEXT ( ( #1581, #2394, #2404 ) ) REPRESENTATION_CONTEXT ( 'NONE', 'WORKASPACE' ) );
#1551 = LINE ( 'NONE', #552, #655 ) ;
#1552 = FILL_AREA_STYLE ('',( #751 ) ) ;
#1553 = ORIENTED_EDGE ( 'NONE', *, *, #884, .T. ) ;
#1554 =( NAMED_UNIT ( * ) SI_UNIT ( $, .STERADIAN. ) SOLID_ANGLE_UNIT ( ) );
#1555 =( NAMED_UNIT ( * ) SI_UNIT ( $, .STERADIAN. ) SOLID_ANGLE_UNIT ( ) );
#1556 = EDGE_CURVE ( 'NONE', #1781, #1735, #166, .T. ) ;
#1557 = CARTESIAN_POINT ( 'NONE',  ( -2.349999999999999645, 0.8749999999999994449, 0.1600000000000000033 ) ) ;
#1558 =( NAMED_UNIT ( * ) PLANE_ANGLE_UNIT ( ) SI_UNIT ( $, .RADIAN. ) );
#1559 = VERTEX_POINT ( 'NONE', #750 ) ;
#1560 = DIRECTION ( 'NONE',  ( 0.000000000000000000, 0.000000000000000000, -1.000000000000000000 ) ) ;
#1561 = ORIENTED_EDGE ( 'NONE', *, *, #530, .T. ) ;
#1562 = PRODUCT ( 'SMA6S56AH MWG', 'SMA6S56AH MWG', '', ( #2336 ) ) ;
#1563 = CARTESIAN_POINT ( 'NONE',  ( 1.899999999999999689, 1.249999999999999778, 0.1600000000000000033 ) ) ;
#1564 = DIRECTION ( 'NONE',  ( 0.000000000000000000, 1.000000000000000000, 0.000000000000000000 ) ) ;
#1565 = ORIENTED_EDGE ( 'NONE', *, *, #963, .T. ) ;
#1566 = FILL_AREA_STYLE_COLOUR ( '', #1412 ) ;
#1567 =( NAMED_UNIT ( * ) SI_UNIT ( $, .STERADIAN. ) SOLID_ANGLE_UNIT ( ) );
#1568 = DIRECTION ( 'NONE',  ( 1.000000000000000000, 0.000000000000000000, 0.000000000000000000 ) ) ;
#1569 = PRESENTATION_STYLE_ASSIGNMENT (( #603 ) ) ;
#1570 = LINE ( 'NONE', #2353, #1859 ) ;
#1571 =( NAMED_UNIT ( * ) SI_UNIT ( $, .STERADIAN. ) SOLID_ANGLE_UNIT ( ) );
#1572 = LINE ( 'NONE', #772, #815 ) ;
#1573 = EDGE_CURVE ( 'NONE', #2295, #1316, #1551, .T. ) ;
#1574 = FILL_AREA_STYLE_COLOUR ( '', #1915 ) ;
#1575 = VECTOR ( 'NONE', #457, 1000.000000000000000 ) ;
#1576 =( NAMED_UNIT ( * ) SI_UNIT ( $, .STERADIAN. ) SOLID_ANGLE_UNIT ( ) );
#1577 = CARTESIAN_POINT ( 'NONE',  ( 0.000000000000000000, 0.000000000000000000, 0.000000000000000000 ) ) ;
#1578 = SURFACE_SIDE_STYLE ('',( #780 ) ) ;
#1579 = VECTOR ( 'NONE', #2499, 1000.000000000000000 ) ;
#1580 = VERTEX_POINT ( 'NONE', #239 ) ;
#1581 =( LENGTH_UNIT ( ) NAMED_UNIT ( * ) SI_UNIT ( .MILLI., .METRE. ) );
#1582 = CARTESIAN_POINT ( 'NONE',  ( -1.749999999999999778, -0.8749999999999994449, 0.1600000000000000033 ) ) ;
#1583 =( GEOMETRIC_REPRESENTATION_CONTEXT ( 3 ) GLOBAL_UNCERTAINTY_ASSIGNED_CONTEXT ( ( #2022 ) ) GLOBAL_UNIT_ASSIGNED_CONTEXT ( ( #1688, #1505, #1719 ) ) REPRESENTATION_CONTEXT ( 'NONE', 'WORKASPACE' ) );
#1584 = MECHANICAL_DESIGN_GEOMETRIC_PRESENTATION_REPRESENTATION (  '', ( #1829 ), #976 ) ;
#1585 = AXIS2_PLACEMENT_3D ( 'NONE', #1133, #2211, #187 ) ;
#1586 = COLOUR_RGB ( '',0.9607843137254902244, 0.9607843137254902244, 0.9607843137254902244 ) ;
#1587 = ORIENTED_EDGE ( 'NONE', *, *, #259, .T. ) ;
#1588 =( GEOMETRIC_REPRESENTATION_CONTEXT ( 3 ) GLOBAL_UNCERTAINTY_ASSIGNED_CONTEXT ( ( #1088 ) ) GLOBAL_UNIT_ASSIGNED_CONTEXT ( ( #1630, #436, #2541 ) ) REPRESENTATION_CONTEXT ( 'NONE', 'WORKASPACE' ) );
#1589 =( NAMED_UNIT ( * ) PLANE_ANGLE_UNIT ( ) SI_UNIT ( $, .RADIAN. ) );
#1590 = AXIS2_PLACEMENT_3D ( 'NONE', #164, #941, #1764 ) ;
#1591 = CLOSED_SHELL ( 'NONE', ( #2151, #1369, #2237, #448, #1806, #1131, #168, #2098, #1043, #1005, #1532, #269, #2298, #2250, #878, #1033, #91, #182, #704, #957, #99, #1045, #1218, #1975, #1074, #1962, #2248, #2133, #1228, #1424, #1204, #303, #1243, #1384, #1167, #2087, #150, #2052, #1248, #1679, #435 ) ) ;
#1592 = SURFACE_SIDE_STYLE ('',( #1160 ) ) ;
#1593 = EDGE_CURVE ( 'NONE', #2412, #816, #2548, .T. ) ;
#1594 = SURFACE_SIDE_STYLE ('',( #2530 ) ) ;
#1595 = FILL_AREA_STYLE ('',( #1994 ) ) ;
#1596 = UNCERTAINTY_MEASURE_WITH_UNIT (LENGTH_MEASURE( 1.000000000000000082E-05 ), #1390, 'distance_accuracy_value', 'NONE');
#1597 = ORIENTED_EDGE ( 'NONE', *, *, #409, .T. ) ;
#1598 = SURFACE_STYLE_FILL_AREA ( #1974 ) ;
#1599 = EDGE_LOOP ( 'NONE', ( #2149, #1707, #965, #1463 ) ) ;
#1600 = VERTEX_POINT ( 'NONE', #968 ) ;
#1601 = CARTESIAN_POINT ( 'NONE',  ( -1.900000000000000133, -1.249999999999999778, 0.1600000000000000033 ) ) ;
#1602 = DIRECTION ( 'NONE',  ( 1.960260340896360770E-16, -1.000000000000000000, 0.000000000000000000 ) ) ;
#1603 = DIRECTION ( 'NONE',  ( 1.000000000000000000, 0.000000000000000000, 0.000000000000000000 ) ) ;
#1604 = EDGE_CURVE ( 'NONE', #1661, #1276, #978, .T. ) ;
#1605 = DIRECTION ( 'NONE',  ( 0.000000000000000000, 0.000000000000000000, -1.000000000000000000 ) ) ;
#1606 = SURFACE_STYLE_USAGE ( .BOTH. , #832 ) ;
#1607 = EDGE_LOOP ( 'NONE', ( #1338, #1144, #1587, #1310 ) ) ;
#1608 =( NAMED_UNIT ( * ) PLANE_ANGLE_UNIT ( ) SI_UNIT ( $, .RADIAN. ) );
#1609 = ORIENTED_EDGE ( 'NONE', *, *, #1808, .F. ) ;
#1610 = CARTESIAN_POINT ( 'NONE',  ( -1.850000000000000311, -1.249999999999999778, 0.1600000000000000033 ) ) ;
#1611 = CARTESIAN_POINT ( 'NONE',  ( -1.506181816635371984, -1.106181816635371629, 1.090000000000000080 ) ) ;
#1612 = VECTOR ( 'NONE', #841, 1000.000000000000000 ) ;
#1613 = STYLED_ITEM ( 'NONE', ( #1419 ), #2342 ) ;
#1614 = SURFACE_SIDE_STYLE ('',( #2016 ) ) ;
#1615 = AXIS2_PLACEMENT_3D ( 'NONE', #1739, #1326, #132 ) ;
#1616 = CARTESIAN_POINT ( 'NONE',  ( -1.850811350238562580, 1.200811350238562003, 0.1496601291661457667 ) ) ;
#1617 = EDGE_CURVE ( 'NONE', #913, #1661, #1003, .T. ) ;
#1618 = ORIENTED_EDGE ( 'NONE', *, *, #322, .F. ) ;
#1619 = DIRECTION ( 'NONE',  ( 0.000000000000000000, 0.000000000000000000, 1.000000000000000000 ) ) ;
#1620 = VECTOR ( 'NONE', #1139, 1000.000000000000000 ) ;
#1621 = EDGE_CURVE ( 'NONE', #1661, #2048, #609, .T. ) ;
#1622 = ORIENTED_EDGE ( 'NONE', *, *, #1793, .T. ) ;
#1623 = CARTESIAN_POINT ( 'NONE',  ( -1.900000000000000133, -1.200273905231586058, 0.1600000000000000033 ) ) ;
#1624 = VECTOR ( 'NONE', #1882, 1000.000000000000000 ) ;
#1625 = CARTESIAN_POINT ( 'NONE',  ( 1.899999999999999689, 0.8749999999999998890, 0.1600000000000000033 ) ) ;
#1626 = MECHANICAL_DESIGN_GEOMETRIC_PRESENTATION_REPRESENTATION (  '', ( #1986 ), #2158 ) ;
#1627 = LINE ( 'NONE', #120, #362 ) ;
#1628 = VECTOR ( 'NONE', #60, 1000.000000000000000 ) ;
#1629 =( GEOMETRIC_REPRESENTATION_CONTEXT ( 3 ) GLOBAL_UNCERTAINTY_ASSIGNED_CONTEXT ( ( #306 ) ) GLOBAL_UNIT_ASSIGNED_CONTEXT ( ( #925, #378, #1744 ) ) REPRESENTATION_CONTEXT ( 'NONE', 'WORKASPACE' ) );
#1630 =( LENGTH_UNIT ( ) NAMED_UNIT ( * ) SI_UNIT ( .MILLI., .METRE. ) );
#1631 =( GEOMETRIC_REPRESENTATION_CONTEXT ( 3 ) GLOBAL_UNCERTAINTY_ASSIGNED_CONTEXT ( ( #439 ) ) GLOBAL_UNIT_ASSIGNED_CONTEXT ( ( #1010, #2377, #421 ) ) REPRESENTATION_CONTEXT ( 'NONE', 'WORKASPACE' ) );
#1632 = AXIS2_PLACEMENT_3D ( 'NONE', #1430, #443, #2399 ) ;
#1633 = EDGE_LOOP ( 'NONE', ( #1891, #1784, #2172, #2373 ) ) ;
#1634 = ADVANCED_FACE ( 'NONE', ( #11 ), #416, .T. ) ;
#1635 = ORIENTED_EDGE ( 'NONE', *, *, #2446, .T. ) ;
#1636 = DIRECTION ( 'NONE',  ( 0.1039620511844979306, -0.1039620511844979445, -0.9891328443778538704 ) ) ;
#1637 = FILL_AREA_STYLE ('',( #829 ) ) ;
#1638 = DIRECTION ( 'NONE',  ( 0.000000000000000000, 0.000000000000000000, 1.000000000000000000 ) ) ;
#1639 = MECHANICAL_DESIGN_GEOMETRIC_PRESENTATION_REPRESENTATION (  '', ( #1108 ), #747 ) ;
#1640 = DIRECTION ( 'NONE',  ( 0.1039620511844979167, -0.1039620511844979583, -0.9891328443778538704 ) ) ;
#1641 = FILL_AREA_STYLE_COLOUR ( '', #2438 ) ;
#1642 = ORIENTED_EDGE ( 'NONE', *, *, #1888, .T. ) ;
#1643 = UNCERTAINTY_MEASURE_WITH_UNIT (LENGTH_MEASURE( 1.000000000000000082E-05 ), #2449, 'distance_accuracy_value', 'NONE');
#1644 = SURFACE_STYLE_USAGE ( .BOTH. , #835 ) ;
#1645 = CARTESIAN_POINT ( 'NONE',  ( -1.756181816635371762, -1.106181816635371629, 1.090000000000000080 ) ) ;
#1646 = SURFACE_STYLE_USAGE ( .BOTH. , #1659 ) ;
#1647 = EDGE_CURVE ( 'NONE', #2347, #6, #580, .T. ) ;
#1648 = CARTESIAN_POINT ( 'NONE',  ( 0.000000000000000000, 0.8749999999999994449, 0.000000000000000000 ) ) ;
#1649 = DIRECTION ( 'NONE',  ( -0.9945218953682734009, 0.000000000000000000, 0.1045284632676537068 ) ) ;
#1650 =( NAMED_UNIT ( * ) SI_UNIT ( $, .STERADIAN. ) SOLID_ANGLE_UNIT ( ) );
#1651 = FILL_AREA_STYLE_COLOUR ( '', #939 ) ;
#1652 = MECHANICAL_DESIGN_GEOMETRIC_PRESENTATION_REPRESENTATION (  '', ( #2013 ), #1785 ) ;
#1653 = ORIENTED_EDGE ( 'NONE', *, *, #476, .T. ) ;
#1654 = SURFACE_STYLE_USAGE ( .BOTH. , #2407 ) ;
#1655 = FACE_OUTER_BOUND ( 'NONE', #1607, .T. ) ;
#1656 = FILL_AREA_STYLE_COLOUR ( '', #2035 ) ;
#1657 = CARTESIAN_POINT ( 'NONE',  ( 1.756181816635371540, 1.106181816635371629, 1.050000000000000044 ) ) ;
#1658 = VECTOR ( 'NONE', #1055, 1000.000000000000000 ) ;
#1659 = SURFACE_SIDE_STYLE ('',( #851 ) ) ;
#1660 = VECTOR ( 'NONE', #1485, 1000.000000000000000 ) ;
#1661 = VERTEX_POINT ( 'NONE', #1625 ) ;
#1662 = AXIS2_PLACEMENT_3D ( 'NONE', #1601, #2137, #2380 ) ;
#1663 = MECHANICAL_DESIGN_GEOMETRIC_PRESENTATION_REPRESENTATION (  '', ( #2026 ), #2315 ) ;
#1664 = SURFACE_SIDE_STYLE ('',( #649 ) ) ;
#1665 = EDGE_CURVE ( 'NONE', #2511, #712, #404, .T. ) ;
#1666 =( GEOMETRIC_REPRESENTATION_CONTEXT ( 3 ) GLOBAL_UNCERTAINTY_ASSIGNED_CONTEXT ( ( #512 ) ) GLOBAL_UNIT_ASSIGNED_CONTEXT ( ( #1193, #227, #2417 ) ) REPRESENTATION_CONTEXT ( 'NONE', 'WORKASPACE' ) );
#1667 = PRESENTATION_LAYER_ASSIGNMENT (  '', '', ( #2078 ) ) ;
#1668 =( GEOMETRIC_REPRESENTATION_CONTEXT ( 3 ) GLOBAL_UNCERTAINTY_ASSIGNED_CONTEXT ( ( #2247 ) ) GLOBAL_UNIT_ASSIGNED_CONTEXT ( ( #1843, #1854, #1650 ) ) REPRESENTATION_CONTEXT ( 'NONE', 'WORKASPACE' ) );
#1669 = ORIENTED_EDGE ( 'NONE', *, *, #1902, .T. ) ;
#1670 = UNCERTAINTY_MEASURE_WITH_UNIT (LENGTH_MEASURE( 1.000000000000000082E-05 ), #1002, 'distance_accuracy_value', 'NONE');
#1671 = VECTOR ( 'NONE', #1690, 1000.000000000000000 ) ;
#1672 = MECHANICAL_DESIGN_GEOMETRIC_PRESENTATION_REPRESENTATION (  '', ( #1196 ), #582 ) ;
#1673 = DIRECTION ( 'NONE',  ( 0.000000000000000000, 1.000000000000000000, 0.000000000000000000 ) ) ;
#1674 = PRESENTATION_LAYER_ASSIGNMENT (  '', '', ( #1202 ) ) ;
#1675 = CARTESIAN_POINT ( 'NONE',  ( 1.850273905231584859, 1.249999999999999778, 0.1600000000000000033 ) ) ;
#1676 = PRESENTATION_LAYER_ASSIGNMENT (  '', '', ( #1108 ) ) ;
#1677 = DIRECTION ( 'NONE',  ( -1.000000000000000000, -3.614007241618350250E-16, 0.000000000000000000 ) ) ;
#1678 = LINE ( 'NONE', #58, #2476 ) ;
#1679 = ADVANCED_FACE ( 'NONE', ( #1 ), #1980, .F. ) ;
#1680 = ORIENTED_EDGE ( 'NONE', *, *, #2535, .F. ) ;
#1681 = DIRECTION ( 'NONE',  ( 0.000000000000000000, 0.000000000000000000, -1.000000000000000000 ) ) ;
#1682 = FILL_AREA_STYLE_COLOUR ( '', #1952 ) ;
#1683 = CARTESIAN_POINT ( 'NONE',  ( -1.581128168208027464E-16, -0.8749999999999995559, -0.000000000000000000 ) ) ;
#1684 = DIRECTION ( 'NONE',  ( 0.000000000000000000, 0.000000000000000000, 1.000000000000000000 ) ) ;
#1685 = CARTESIAN_POINT ( 'NONE',  ( 1.850273905231584859, -1.249999999999999778, 0.1600000000000000033 ) ) ;
#1686 = ORIENTED_EDGE ( 'NONE', *, *, #54, .F. ) ;
#1687 = CARTESIAN_POINT ( 'NONE',  ( 1.899840407584204582, 1.229308955135588688, 0.1615163533964966980 ) ) ;
#1688 =( LENGTH_UNIT ( ) NAMED_UNIT ( * ) SI_UNIT ( .MILLI., .METRE. ) );
#1689 = PLANE ( 'NONE',  #2365 ) ;
#1690 = DIRECTION ( 'NONE',  ( -0.000000000000000000, -0.000000000000000000, 1.000000000000000000 ) ) ;
#1691 = EDGE_LOOP ( 'NONE', ( #33, #1379, #2419, #746 ) ) ;
#1692 = CARTESIAN_POINT ( 'NONE',  ( 1.899999999999999689, 1.200000000000000178, 0.1600000000000000033 ) ) ;
#1693 = STYLED_ITEM ( 'NONE', ( #764 ), #2133 ) ;
#1694 = UNCERTAINTY_MEASURE_WITH_UNIT (LENGTH_MEASURE( 1.000000000000000082E-05 ), #735, 'distance_accuracy_value', 'NONE');
#1695 = CARTESIAN_POINT ( 'NONE',  ( 2.349999999999999645, 0.8750000000000000000, 0.1600000000000000033 ) ) ;
#1696 = PRESENTATION_LAYER_ASSIGNMENT (  '', '', ( #480 ) ) ;
#1697 = CARTESIAN_POINT ( 'NONE',  ( -1.850273905231586413, -1.249999999999999778, 0.1600000000000000033 ) ) ;
#1698 = EDGE_CURVE ( 'NONE', #583, #2389, #479, .T. ) ;
#1699 =( NAMED_UNIT ( * ) SI_UNIT ( $, .STERADIAN. ) SOLID_ANGLE_UNIT ( ) );
#1700 = CARTESIAN_POINT ( 'NONE',  ( -1.900000000000000133, 1.249999999999999778, 0.1600000000000000033 ) ) ;
#1701 = CARTESIAN_POINT ( 'NONE',  ( 1.899999999999999689, -1.199999999999999956, 0.1600000000000000033 ) ) ;
#1702 = EDGE_LOOP ( 'NONE', ( #822, #80, #1184, #1857 ) ) ;
#1703 = VECTOR ( 'NONE', #1317, 1000.000000000000000 ) ;
#1704 = SURFACE_STYLE_USAGE ( .BOTH. , #1938 ) ;
#1705 =( LENGTH_UNIT ( ) NAMED_UNIT ( * ) SI_UNIT ( .MILLI., .METRE. ) );
#1706 =( GEOMETRIC_REPRESENTATION_CONTEXT ( 3 ) GLOBAL_UNCERTAINTY_ASSIGNED_CONTEXT ( ( #1253 ) ) GLOBAL_UNIT_ASSIGNED_CONTEXT ( ( #2451, #1073, #2236 ) ) REPRESENTATION_CONTEXT ( 'NONE', 'WORKASPACE' ) );
#1707 = ORIENTED_EDGE ( 'NONE', *, *, #1538, .F. ) ;
#1708 = DIRECTION ( 'NONE',  ( 1.960260340896360770E-16, -1.000000000000000000, 0.000000000000000000 ) ) ;
#1709 = CARTESIAN_POINT ( 'NONE',  ( 1.899999999999999689, -1.199999999999999956, 0.1600000000000000033 ) ) ;
#1710 = STYLED_ITEM ( 'NONE', ( #1353 ), #1532 ) ;
#1711 = DIRECTION ( 'NONE',  ( 0.000000000000000000, 0.000000000000000000, 1.000000000000000000 ) ) ;
#1712 = VERTEX_POINT ( 'NONE', #1464 ) ;
#1713 = AXIS2_PLACEMENT_3D ( 'NONE', #360, #1126, #1940 ) ;
#1714 = FILL_AREA_STYLE ('',( #1311 ) ) ;
#1715 = CLOSED_SHELL ( 'NONE', ( #1350, #1509, #66, #828, #2267, #1634 ) ) ;
#1716 = DIRECTION ( 'NONE',  ( 0.000000000000000000, 1.000000000000000000, 0.000000000000000000 ) ) ;
#1717 = LINE ( 'NONE', #879, #1658 ) ;
#1718 = EDGE_CURVE ( 'NONE', #509, #1973, #1270, .T. ) ;
#1719 =( NAMED_UNIT ( * ) SI_UNIT ( $, .STERADIAN. ) SOLID_ANGLE_UNIT ( ) );
#1720 = PRESENTATION_LAYER_ASSIGNMENT (  '', '', ( #668 ) ) ;
#1721 = DIRECTION ( 'NONE',  ( -0.000000000000000000, 1.000000000000000000, 0.000000000000000000 ) ) ;
#1722 = CARTESIAN_POINT ( 'NONE',  ( 0.000000000000000000, 0.000000000000000000, 1.090000000000000080 ) ) ;
#1723 = ORIENTED_EDGE ( 'NONE', *, *, #826, .F. ) ;
#1724 = CARTESIAN_POINT ( 'NONE',  ( -1.749999999999999778, 0.8749999999999994449, 0.1600000000000000033 ) ) ;
#1725 = SURFACE_SIDE_STYLE ('',( #755 ) ) ;
#1726 = UNCERTAINTY_MEASURE_WITH_UNIT (LENGTH_MEASURE( 1.000000000000000082E-05 ), #1372, 'distance_accuracy_value', 'NONE');
#1727 = PRESENTATION_STYLE_ASSIGNMENT (( #2171 ) ) ;
#1728 = CARTESIAN_POINT ( 'NONE',  ( -1.900000000000000133, -1.199999999999999956, 0.1600000000000000033 ) ) ;
#1729 = CARTESIAN_POINT ( 'NONE',  ( 1.749999999999999778, 0.8749999999999998890, 0.1600000000000000033 ) ) ;
#1730 = EDGE_LOOP ( 'NONE', ( #1203, #1440, #2270 ) ) ;
#1731 = PLANE ( 'NONE',  #2150 ) ;
#1732 =( LENGTH_UNIT ( ) NAMED_UNIT ( * ) SI_UNIT ( .MILLI., .METRE. ) );
#1733 = EDGE_CURVE ( 'NONE', #606, #1141, #2253, .T. ) ;
#1734 =( NAMED_UNIT ( * ) SI_UNIT ( $, .STERADIAN. ) SOLID_ANGLE_UNIT ( ) );
#1735 = VERTEX_POINT ( 'NONE', #1471 ) ;
#1736 = DIRECTION ( 'NONE',  ( 0.000000000000000000, 0.000000000000000000, -1.000000000000000000 ) ) ;
#1737 = SURFACE_SIDE_STYLE ('',( #525 ) ) ;
#1738 = EDGE_CURVE ( 'NONE', #76, #873, #2243, .T. ) ;
#1739 = CARTESIAN_POINT ( 'NONE',  ( -1.756181816635371984, 1.106181816635371629, 1.050000000000000044 ) ) ;
#1740 = AXIS2_PLACEMENT_3D ( 'NONE', #625, #1638, #1068 ) ;
#1741 = CARTESIAN_POINT ( 'NONE',  ( 1.805907911403785482, -1.151202018850263631, 1.055226423163382776 ) ) ;
#1742 = CARTESIAN_POINT ( 'NONE',  ( 1.756181816635371540, 1.106181816635371629, 1.050000000000000044 ) ) ;
#1743 = COLOUR_RGB ( '',0.9607843137254902244, 0.9607843137254902244, 0.9607843137254902244 ) ;
#1744 =( NAMED_UNIT ( * ) SI_UNIT ( $, .STERADIAN. ) SOLID_ANGLE_UNIT ( ) );
#1745 = ORIENTED_EDGE ( 'NONE', *, *, #682, .T. ) ;
#1746 = VECTOR ( 'NONE', #1283, 1000.000000000000000 ) ;
#1747 =( NAMED_UNIT ( * ) PLANE_ANGLE_UNIT ( ) SI_UNIT ( $, .RADIAN. ) );
#1748 = ORIENTED_EDGE ( 'NONE', *, *, #426, .F. ) ;
#1749 = EDGE_CURVE ( 'NONE', #121, #1973, #1143, .T. ) ;
#1750 = LINE ( 'NONE', #2466, #615 ) ;
#1751 = CARTESIAN_POINT ( 'NONE',  ( 0.000000000000000000, 0.000000000000000000, 0.000000000000000000 ) ) ;
#1752 = AXIS2_PLACEMENT_3D ( 'NONE', #1616, #417, #1195 ) ;
#1753 = VERTEX_POINT ( 'NONE', #1852 ) ;
#1754 = CARTESIAN_POINT ( 'NONE',  ( 1.749999999999999778, 0.8749999999999997780, 0.000000000000000000 ) ) ;
#1755 = CYLINDRICAL_SURFACE ( 'NONE', #292, 0.04999999999999991257 ) ;
#1756 = STYLED_ITEM ( 'NONE', ( #186 ), #1679 ) ;
#1757 = COLOUR_RGB ( '',0.2862745098039215508, 0.2862745098039215508, 0.2862745098039215508 ) ;
#1758 = COLOUR_RGB ( '',0.9607843137254902244, 0.9607843137254902244, 0.9607843137254902244 ) ;
#1759 = CARTESIAN_POINT ( 'NONE',  ( 1.899999999999999689, -1.249999999999999778, 0.000000000000000000 ) ) ;
#1760 = SPHERICAL_SURFACE ( 'NONE', #2011, 0.05000000000000000278 ) ;
#1761 = CARTESIAN_POINT ( 'NONE',  ( -1.756181816635371984, 1.155907911403785349, 1.055226423163382776 ) ) ;
#1762 = PRESENTATION_LAYER_ASSIGNMENT (  '', '', ( #286 ) ) ;
#1763 = ORIENTED_EDGE ( 'NONE', *, *, #1738, .F. ) ;
#1764 = DIRECTION ( 'NONE',  ( 0.000000000000000000, 0.000000000000000000, 1.000000000000000000 ) ) ;
#1765 = COLOUR_RGB ( '',0.2862745098039215508, 0.2862745098039215508, 0.2862745098039215508 ) ;
#1766 = SURFACE_STYLE_FILL_AREA ( #2360 ) ;
#1767 = STYLED_ITEM ( 'NONE', ( #467 ), #168 ) ;
#1768 = SURFACE_STYLE_FILL_AREA ( #1786 ) ;
#1769 = PLANE ( 'NONE',  #1053 ) ;
#1770 = EDGE_CURVE ( 'NONE', #1487, #602, #2454, .T. ) ;
#1771 = LINE ( 'NONE', #901, #24 ) ;
#1772 = CARTESIAN_POINT ( 'NONE',  ( -1.850000000000000311, -1.199999999999999956, 0.000000000000000000 ) ) ;
#1773 = DIRECTION ( 'NONE',  ( -1.000000000000000000, 0.000000000000000000, 0.000000000000000000 ) ) ;
#1774 = ORIENTED_EDGE ( 'NONE', *, *, #1335, .T. ) ;
#1775 = FILL_AREA_STYLE ('',( #1574 ) ) ;
#1776 =( NAMED_UNIT ( * ) PLANE_ANGLE_UNIT ( ) SI_UNIT ( $, .RADIAN. ) );
#1777 = DIRECTION ( 'NONE',  ( -1.000000000000000000, 0.000000000000000000, -0.000000000000000000 ) ) ;
#1778 =( NAMED_UNIT ( * ) SI_UNIT ( $, .STERADIAN. ) SOLID_ANGLE_UNIT ( ) );
#1779 = ORIENTED_EDGE ( 'NONE', *, *, #2154, .T. ) ;
#1780 =( LENGTH_UNIT ( ) NAMED_UNIT ( * ) SI_UNIT ( .MILLI., .METRE. ) );
#1781 = VERTEX_POINT ( 'NONE', #1486 ) ;
#1782 = ADVANCED_FACE ( 'NONE', ( #298 ), #675, .T. ) ;
#1783 = STYLED_ITEM ( 'NONE', ( #565 ), #2098 ) ;
#1784 = ORIENTED_EDGE ( 'NONE', *, *, #223, .F. ) ;
#1785 =( GEOMETRIC_REPRESENTATION_CONTEXT ( 3 ) GLOBAL_UNCERTAINTY_ASSIGNED_CONTEXT ( ( #2178 ) ) GLOBAL_UNIT_ASSIGNED_CONTEXT ( ( #630, #38, #1813 ) ) REPRESENTATION_CONTEXT ( 'NONE', 'WORKASPACE' ) );
#1786 = FILL_AREA_STYLE ('',( #919 ) ) ;
#1787 = VECTOR ( 'NONE', #547, 1000.000000000000000 ) ;
#1788 = VECTOR ( 'NONE', #1334, 1000.000000000000000 ) ;
#1789 = EDGE_LOOP ( 'NONE', ( #2041, #1214, #2163, #2070, #1669, #1745 ) ) ;
#1790 = STYLED_ITEM ( 'NONE', ( #2006 ), #1424 ) ;
#1791 = PLANE ( 'NONE',  #90 ) ;
#1792 = AXIS2_PLACEMENT_3D ( 'NONE', #744, #1547, #550 ) ;
#1793 = EDGE_CURVE ( 'NONE', #2494, #816, #2044, .T. ) ;
#1794 = STYLED_ITEM ( 'NONE', ( #1085 ), #2087 ) ;
#1795 = MECHANICAL_DESIGN_GEOMETRIC_PRESENTATION_REPRESENTATION (  '', ( #1834 ), #1631 ) ;
#1796 = DIRECTION ( 'NONE',  ( -1.000000000000000000, 0.000000000000000000, 0.000000000000000000 ) ) ;
#1797 =( NAMED_UNIT ( * ) PLANE_ANGLE_UNIT ( ) SI_UNIT ( $, .RADIAN. ) );
#1798 = FILL_AREA_STYLE_COLOUR ( '', #692 ) ;
#1799 =( GEOMETRIC_REPRESENTATION_CONTEXT ( 3 ) GLOBAL_UNCERTAINTY_ASSIGNED_CONTEXT ( ( #2408 ) ) GLOBAL_UNIT_ASSIGNED_CONTEXT ( ( #2280, #2289, #1555 ) ) REPRESENTATION_CONTEXT ( 'NONE', 'WORKASPACE' ) );
#1800 = ORIENTED_EDGE ( 'NONE', *, *, #37, .F. ) ;
#1801 =( NAMED_UNIT ( * ) PLANE_ANGLE_UNIT ( ) SI_UNIT ( $, .RADIAN. ) );
#1802 = UNCERTAINTY_MEASURE_WITH_UNIT (LENGTH_MEASURE( 1.000000000000000082E-05 ), #1454, 'distance_accuracy_value', 'NONE');
#1803 = SURFACE_SIDE_STYLE ('',( #1217 ) ) ;
#1804 =( NAMED_UNIT ( * ) SI_UNIT ( $, .STERADIAN. ) SOLID_ANGLE_UNIT ( ) );
#1805 = CARTESIAN_POINT ( 'NONE',  ( 1.850811350238562136, -1.200811350238562003, 0.1496601291661457667 ) ) ;
#1806 = ADVANCED_FACE ( 'NONE', ( #1059 ), #2442, .F. ) ;
#1807 =( NAMED_UNIT ( * ) PLANE_ANGLE_UNIT ( ) SI_UNIT ( $, .RADIAN. ) );
#1808 = EDGE_CURVE ( 'NONE', #2242, #1559, #1099, .T. ) ;
#1809 = PLANE ( 'NONE',  #860 ) ;
#1810 = ORIENTED_EDGE ( 'NONE', *, *, #1271, .F. ) ;
#1811 = CARTESIAN_POINT ( 'NONE',  ( -1.900000000000000133, -1.199999999999999956, 0.1600000000000000033 ) ) ;
#1812 = LINE ( 'NONE', #209, #2199 ) ;
#1813 =( NAMED_UNIT ( * ) SI_UNIT ( $, .STERADIAN. ) SOLID_ANGLE_UNIT ( ) );
#1814 = DIRECTION ( 'NONE',  ( 0.000000000000000000, 0.000000000000000000, -1.000000000000000000 ) ) ;
#1815 = ORIENTED_EDGE ( 'NONE', *, *, #2179, .T. ) ;
#1816 =( GEOMETRIC_REPRESENTATION_CONTEXT ( 3 ) GLOBAL_UNCERTAINTY_ASSIGNED_CONTEXT ( ( #921 ) ) GLOBAL_UNIT_ASSIGNED_CONTEXT ( ( #1170, #2393, #610 ) ) REPRESENTATION_CONTEXT ( 'NONE', 'WORKASPACE' ) );
#1817 = SURFACE_SIDE_STYLE ('',( #807 ) ) ;
#1818 = CIRCLE ( 'NONE', #190, 0.05000000000000008604 ) ;
#1819 = CARTESIAN_POINT ( 'NONE',  ( -1.900000000000000133, -1.249999999999999778, 0.1600000000000000033 ) ) ;
#1820 = PRESENTATION_STYLE_ASSIGNMENT (( #1411 ) ) ;
#1821 = VECTOR ( 'NONE', #310, 1000.000000000000000 ) ;
#1822 = SURFACE_SIDE_STYLE ('',( #230 ) ) ;
#1823 = EDGE_CURVE ( 'NONE', #1735, #765, #2323, .T. ) ;
#1824 = VECTOR ( 'NONE', #1067, 1000.000000000000000 ) ;
#1825 = ORIENTED_EDGE ( 'NONE', *, *, #1080, .T. ) ;
#1826 = UNCERTAINTY_MEASURE_WITH_UNIT (LENGTH_MEASURE( 1.000000000000000082E-05 ), #1474, 'distance_accuracy_value', 'NONE');
#1827 =( GEOMETRIC_REPRESENTATION_CONTEXT ( 3 ) GLOBAL_UNCERTAINTY_ASSIGNED_CONTEXT ( ( #1726 ) ) GLOBAL_UNIT_ASSIGNED_CONTEXT ( ( #1372, #406, #2096 ) ) REPRESENTATION_CONTEXT ( 'NONE', 'WORKASPACE' ) );
#1828 = FILL_AREA_STYLE_COLOUR ( '', #2352 ) ;
#1829 = STYLED_ITEM ( 'NONE', ( #601 ), #1384 ) ;
#1830 = COLOUR_RGB ( '',0.2862745098039215508, 0.2862745098039215508, 0.2862745098039215508 ) ;
#1831 = CARTESIAN_POINT ( 'NONE',  ( -1.749999999999999778, 0.8749999999999994449, 0.1600000000000000033 ) ) ;
#1832 = VECTOR ( 'NONE', #2135, 1000.000000000000000 ) ;
#1833 = FILL_AREA_STYLE ('',( #2190 ) ) ;
#1834 = STYLED_ITEM ( 'NONE', ( #2409 ), #99 ) ;
#1835 = DIRECTION ( 'NONE',  ( 0.000000000000000000, 1.000000000000000000, 0.000000000000000000 ) ) ;
#1836 = ORIENTED_EDGE ( 'NONE', *, *, #811, .T. ) ;
#1837 = CYLINDRICAL_SURFACE ( 'NONE', #458, 0.04999999999999991257 ) ;
#1838 = FILL_AREA_STYLE ('',( #53 ) ) ;
#1839 = EDGE_CURVE ( 'NONE', #730, #2412, #2490, .T. ) ;
#1840 = LINE ( 'NONE', #63, #212 ) ;
#1841 = PRESENTATION_STYLE_ASSIGNMENT (( #250 ) ) ;
#1842 = FACE_OUTER_BOUND ( 'NONE', #1264, .T. ) ;
#1843 =( LENGTH_UNIT ( ) NAMED_UNIT ( * ) SI_UNIT ( .MILLI., .METRE. ) );
#1844 =( NAMED_UNIT ( * ) SI_UNIT ( $, .STERADIAN. ) SOLID_ANGLE_UNIT ( ) );
#1845 = ORIENTED_EDGE ( 'NONE', *, *, #399, .T. ) ;
#1846 = FILL_AREA_STYLE ('',( #1031 ) ) ;
#1847 = CARTESIAN_POINT ( 'NONE',  ( 1.756181816635371540, 1.106181816635371629, 1.050000000000000044 ) ) ;
#1848 = ORIENTED_EDGE ( 'NONE', *, *, #1022, .T. ) ;
#1849 = ADVANCED_FACE ( 'NONE', ( #717 ), #561, .T. ) ;
#1850 = DIRECTION ( 'NONE',  ( 0.000000000000000000, 0.9945218953682734009, -0.1045284632676536651 ) ) ;
#1851 = LINE ( 'NONE', #854, #161 ) ;
#1852 = CARTESIAN_POINT ( 'NONE',  ( -1.756181816635371984, 1.106181816635371629, 1.100000000000000089 ) ) ;
#1853 = CARTESIAN_POINT ( 'NONE',  ( 0.000000000000000000, -1.106181816635371629, 1.090000000000000080 ) ) ;
#1854 =( NAMED_UNIT ( * ) PLANE_ANGLE_UNIT ( ) SI_UNIT ( $, .RADIAN. ) );
#1855 = COLOUR_RGB ( '',0.2862745098039215508, 0.2862745098039215508, 0.2862745098039215508 ) ;
#1856 = AXIS2_PLACEMENT_3D ( 'NONE', #569, #2303, #389 ) ;
#1857 = ORIENTED_EDGE ( 'NONE', *, *, #778, .T. ) ;
#1858 =( NAMED_UNIT ( * ) PLANE_ANGLE_UNIT ( ) SI_UNIT ( $, .RADIAN. ) );
#1859 = VECTOR ( 'NONE', #571, 1000.000000000000000 ) ;
#1860 = SURFACE_SIDE_STYLE ('',( #1245 ) ) ;
#1861 = DIRECTION ( 'NONE',  ( -0.1039620511844979445, 0.1039620511844979445, 0.9891328443778538704 ) ) ;
#1862 = MECHANICAL_DESIGN_GEOMETRIC_PRESENTATION_REPRESENTATION (  '', ( #1359 ), #1583 ) ;
#1863 = DIRECTION ( 'NONE',  ( -0.000000000000000000, 0.000000000000000000, 1.000000000000000000 ) ) ;
#1864 = EDGE_CURVE ( 'NONE', #22, #1712, #105, .T. ) ;
#1865 = PRESENTATION_LAYER_ASSIGNMENT (  '', '', ( #36 ) ) ;
#1866 = CARTESIAN_POINT ( 'NONE',  ( -1.749999999999999778, 0.8749999999999994449, 0.000000000000000000 ) ) ;
#1867 = VECTOR ( 'NONE', #1370, 1000.000000000000000 ) ;
#1868 =( NAMED_UNIT ( * ) PLANE_ANGLE_UNIT ( ) SI_UNIT ( $, .RADIAN. ) );
#1869 = PRESENTATION_LAYER_ASSIGNMENT (  '', '', ( #1145 ) ) ;
#1870 = FILL_AREA_STYLE ('',( #2077 ) ) ;
#1871 = MECHANICAL_DESIGN_GEOMETRIC_PRESENTATION_REPRESENTATION (  '', ( #1546 ), #2197 ) ;
#1872 = ORIENTED_EDGE ( 'NONE', *, *, #559, .T. ) ;
#1873 =( NAMED_UNIT ( * ) SI_UNIT ( $, .STERADIAN. ) SOLID_ANGLE_UNIT ( ) );
#1874 = CARTESIAN_POINT ( 'NONE',  ( -1.506181816635371984, 1.106181816635371629, 1.090000000000000080 ) ) ;
#1875 = UNCERTAINTY_MEASURE_WITH_UNIT (LENGTH_MEASURE( 1.000000000000000082E-05 ), #1956, 'distance_accuracy_value', 'NONE');
#1876 = CARTESIAN_POINT ( 'NONE',  ( -1.900000000000000133, 0.8749999999999994449, 0.1600000000000000033 ) ) ;
#1877 = MECHANICAL_DESIGN_GEOMETRIC_PRESENTATION_REPRESENTATION (  '', ( #1461 ), #2159 ) ;
#1878 = PLANE ( 'NONE',  #2018 ) ;
#1879 = EDGE_LOOP ( 'NONE', ( #590, #1609, #1447, #1845 ) ) ;
#1880 = DIRECTION ( 'NONE',  ( 1.000000000000000000, 0.000000000000000000, -0.000000000000000000 ) ) ;
#1881 = AXIS2_PLACEMENT_3D ( 'NONE', #2306, #2119, #2337 ) ;
#1882 = DIRECTION ( 'NONE',  ( -1.000000000000000000, 1.807003620809174632E-16, 0.000000000000000000 ) ) ;
#1883 = CARTESIAN_POINT ( 'NONE',  ( 1.749999999999999778, 0.8749999999999998890, 0.1600000000000000033 ) ) ;
#1884 = SURFACE_STYLE_FILL_AREA ( #648 ) ;
#1885 = SURFACE_STYLE_FILL_AREA ( #1870 ) ;
#1886 =( NAMED_UNIT ( * ) PLANE_ANGLE_UNIT ( ) SI_UNIT ( $, .RADIAN. ) );
#1887 = VERTEX_POINT ( 'NONE', #532 ) ;
#1888 = EDGE_CURVE ( 'NONE', #1197, #975, #1113, .T. ) ;
#1889 = EDGE_CURVE ( 'NONE', #2180, #949, #1052, .T. ) ;
#1890 = LINE ( 'NONE', #1513, #274 ) ;
#1891 = ORIENTED_EDGE ( 'NONE', *, *, #2219, .T. ) ;
#1892 =( NAMED_UNIT ( * ) SI_UNIT ( $, .STERADIAN. ) SOLID_ANGLE_UNIT ( ) );
#1893 = PLANE ( 'NONE',  #278 ) ;
#1894 = DIRECTION ( 'NONE',  ( -1.000000000000000000, -0.000000000000000000, -0.000000000000000000 ) ) ;
#1895 = SURFACE_STYLE_USAGE ( .BOTH. , #262 ) ;
#1896 = DIRECTION ( 'NONE',  ( 1.000000000000000000, 0.000000000000000000, 0.000000000000000000 ) ) ;
#1897 = ORIENTED_EDGE ( 'NONE', *, *, #1733, .F. ) ;
#1898 = PRESENTATION_LAYER_ASSIGNMENT (  '', '', ( #1783 ) ) ;
#1899 = CARTESIAN_POINT ( 'NONE',  ( -1.756181816635371984, -1.106181816635371629, 1.100000000000000089 ) ) ;
#1900 = UNCERTAINTY_MEASURE_WITH_UNIT (LENGTH_MEASURE( 1.000000000000000082E-05 ), #958, 'distance_accuracy_value', 'NONE');
#1901 = STYLED_ITEM ( 'NONE', ( #2470 ), #1074 ) ;
#1902 = EDGE_CURVE ( 'NONE', #1186, #637, #890, .T. ) ;
#1903 = PRESENTATION_LAYER_ASSIGNMENT (  '', '', ( #2257 ) ) ;
#1904 = CARTESIAN_POINT ( 'NONE',  ( 1.749999999999999778, -0.8749999999999998890, 0.000000000000000000 ) ) ;
#1905 = CARTESIAN_POINT ( 'NONE',  ( 0.000000000000000000, 0.000000000000000000, 0.1600000000000000033 ) ) ;
#1906 =( NAMED_UNIT ( * ) SI_UNIT ( $, .STERADIAN. ) SOLID_ANGLE_UNIT ( ) );
#1907 = EDGE_LOOP ( 'NONE', ( #320, #2297, #889 ) ) ;
#1908 = DIRECTION ( 'NONE',  ( 0.000000000000000000, -1.000000000000000000, 0.000000000000000000 ) ) ;
#1909 =( GEOMETRIC_REPRESENTATION_CONTEXT ( 3 ) GLOBAL_UNCERTAINTY_ASSIGNED_CONTEXT ( ( #998 ) ) GLOBAL_UNIT_ASSIGNED_CONTEXT ( ( #777, #1589, #1576 ) ) REPRESENTATION_CONTEXT ( 'NONE', 'WORKASPACE' ) );
#1910 = PRESENTATION_LAYER_ASSIGNMENT (  '', '', ( #1309 ) ) ;
#1911 = COLOUR_RGB ( '',0.2862745098039215508, 0.2862745098039215508, 0.2862745098039215508 ) ;
#1912 = DIRECTION ( 'NONE',  ( 0.000000000000000000, -1.000000000000000000, 0.000000000000000000 ) ) ;
#1913 = PRESENTATION_LAYER_ASSIGNMENT (  '', '', ( #820 ) ) ;
#1914 =( GEOMETRIC_REPRESENTATION_CONTEXT ( 3 ) GLOBAL_UNCERTAINTY_ASSIGNED_CONTEXT ( ( #1694 ) ) GLOBAL_UNIT_ASSIGNED_CONTEXT ( ( #735, #2101, #961 ) ) REPRESENTATION_CONTEXT ( 'NONE', 'WORKASPACE' ) );
#1915 = COLOUR_RGB ( '',0.2862745098039215508, 0.2862745098039215508, 0.2862745098039215508 ) ;
#1916 = PRESENTATION_STYLE_ASSIGNMENT (( #1090 ) ) ;
#1917 = MECHANICAL_DESIGN_GEOMETRIC_PRESENTATION_REPRESENTATION (  '', ( #247 ), #491 ) ;
#1918 = DIRECTION ( 'NONE',  ( -0.000000000000000000, -0.000000000000000000, 1.000000000000000000 ) ) ;
#1919 = CARTESIAN_POINT ( 'NONE',  ( -2.349999999999999645, -0.8749999999999994449, 0.000000000000000000 ) ) ;
#1920 = LINE ( 'NONE', #139, #30 ) ;
#1921 = SURFACE_STYLE_USAGE ( .BOTH. , #1725 ) ;
#1922 = CARTESIAN_POINT ( 'NONE',  ( 1.756181816635371540, 0.000000000000000000, 1.050000000000000044 ) ) ;
#1923 = CARTESIAN_POINT ( 'NONE',  ( -1.756181816635371984, 0.000000000000000000, 1.100000000000000089 ) ) ;
#1924 = CARTESIAN_POINT ( 'NONE',  ( -1.850811350238562580, -1.250537445006975945, 0.1548865523295284707 ) ) ;
#1925 = SURFACE_SIDE_STYLE ('',( #2106 ) ) ;
#1926 = CARTESIAN_POINT ( 'NONE',  ( -1.749999999999999778, 0.8749999999999994449, 0.1600000000000000033 ) ) ;
#1927 = EDGE_CURVE ( 'NONE', #509, #312, #907, .T. ) ;
#1928 = FACE_OUTER_BOUND ( 'NONE', #1789, .T. ) ;
#1929 = DIRECTION ( 'NONE',  ( -0.1039620511844978751, 0.1039620511844978751, 0.9891328443778538704 ) ) ;
#1930 = DIRECTION ( 'NONE',  ( -1.000000000000000000, 0.000000000000000000, 0.000000000000000000 ) ) ;
#1931 = CARTESIAN_POINT ( 'NONE',  ( 1.805907911403785482, 1.106181816635371629, 1.055226423163382776 ) ) ;
#1932 = ORIENTED_EDGE ( 'NONE', *, *, #322, .T. ) ;
#1933 =( BOUNDED_CURVE ( )  B_SPLINE_CURVE ( 3, ( #1623, #217, #415, #1697 ),
 .UNSPECIFIED., .F., .T. ) 
 B_SPLINE_CURVE_WITH_KNOTS ( ( 4, 4 ),
 ( 2.361665139862964669, 3.921520167316621563 ),
 .UNSPECIFIED. ) 
 CURVE ( )  GEOMETRIC_REPRESENTATION_ITEM ( )  RATIONAL_B_SPLINE_CURVE ( ( 1.000000000000000000, 0.8073096761657776455, 0.8073096761657776455, 1.000000000000000000 ) ) 
 REPRESENTATION_ITEM ( '' )  );
#1934 = DIRECTION ( 'NONE',  ( 1.000000000000000000, -1.807003620809175125E-16, 0.000000000000000000 ) ) ;
#1935 = AXIS2_PLACEMENT_3D ( 'NONE', #1819, #240, #1016 ) ;
#1936 = DIRECTION ( 'NONE',  ( 0.1039620511844979445, 0.1039620511844979445, -0.9891328443778538704 ) ) ;
#1937 = FILL_AREA_STYLE_COLOUR ( '', #850 ) ;
#1938 = SURFACE_SIDE_STYLE ('',( #894 ) ) ;
#1939 = VECTOR ( 'NONE', #726, 1000.000000000000000 ) ;
#1940 = DIRECTION ( 'NONE',  ( 0.9945218953682734009, 0.000000000000000000, -0.1045284632676536651 ) ) ;
#1941 = EDGE_LOOP ( 'NONE', ( #402, #2488, #151, #192 ) ) ;
#1942 = FILL_AREA_STYLE ('',( #403 ) ) ;
#1943 = EDGE_CURVE ( 'NONE', #121, #873, #2230, .T. ) ;
#1944 = STYLED_ITEM ( 'NONE', ( #2375 ), #878 ) ;
#1945 = FACE_OUTER_BOUND ( 'NONE', #2553, .T. ) ;
#1946 = ORIENTED_EDGE ( 'NONE', *, *, #724, .T. ) ;
#1947 = FILL_AREA_STYLE_COLOUR ( '', #1409 ) ;
#1948 = CARTESIAN_POINT ( 'NONE',  ( -1.756181816635371984, 1.106181816635371629, 1.090000000000000080 ) ) ;
#1949 = PRESENTATION_LAYER_ASSIGNMENT (  '', '', ( #1790 ) ) ;
#1950 =( NAMED_UNIT ( * ) SI_UNIT ( $, .STERADIAN. ) SOLID_ANGLE_UNIT ( ) );
#1951 = AXIS2_PLACEMENT_3D ( 'NONE', #880, #2029, #1433 ) ;
#1952 = COLOUR_RGB ( '',0.2862745098039215508, 0.2862745098039215508, 0.2862745098039215508 ) ;
#1953 = CARTESIAN_POINT ( 'NONE',  ( -1.805907911403785926, -1.106181816635371629, 1.055226423163382776 ) ) ;
#1954 =( LENGTH_UNIT ( ) NAMED_UNIT ( * ) SI_UNIT ( .MILLI., .METRE. ) );
#1955 = VECTOR ( 'NONE', #1930, 1000.000000000000000 ) ;
#1956 =( LENGTH_UNIT ( ) NAMED_UNIT ( * ) SI_UNIT ( .MILLI., .METRE. ) );
#1957 = SURFACE_STYLE_FILL_AREA ( #1942 ) ;
#1958 = FILL_AREA_STYLE ('',( #519 ) ) ;
#1959 = EDGE_LOOP ( 'NONE', ( #1259, #897, #65, #2319 ) ) ;
#1960 = FILL_AREA_STYLE ('',( #1566 ) ) ;
#1961 = CARTESIAN_POINT ( 'NONE',  ( -1.749999999999999778, -0.8749999999999994449, 0.000000000000000000 ) ) ;
#1962 = ADVANCED_FACE ( 'NONE', ( #775 ), #2538, .T. ) ;
#1963 = FILL_AREA_STYLE ('',( #1396 ) ) ;
#1964 =( NAMED_UNIT ( * ) PLANE_ANGLE_UNIT ( ) SI_UNIT ( $, .RADIAN. ) );
#1965 = SURFACE_STYLE_FILL_AREA ( #1155 ) ;
#1966 = EDGE_CURVE ( 'NONE', #949, #1374, #2519, .T. ) ;
#1967 = ORIENTED_EDGE ( 'NONE', *, *, #1665, .F. ) ;
#1968 = ORIENTED_EDGE ( 'NONE', *, *, #798, .T. ) ;
#1969 =( LENGTH_UNIT ( ) NAMED_UNIT ( * ) SI_UNIT ( .MILLI., .METRE. ) );
#1970 = SURFACE_SIDE_STYLE ('',( #428 ) ) ;
#1971 = CARTESIAN_POINT ( 'NONE',  ( -1.900000000000000133, -1.249999999999999778, 0.1600000000000000033 ) ) ;
#1972 = SURFACE_STYLE_USAGE ( .BOTH. , #2405 ) ;
#1973 = VERTEX_POINT ( 'NONE', #2322 ) ;
#1974 = FILL_AREA_STYLE ('',( #16 ) ) ;
#1975 = ADVANCED_FACE ( 'NONE', ( #1105 ), #1119, .T. ) ;
#1976 = PLANE ( 'NONE',  #1392 ) ;
#1977 = ORIENTED_EDGE ( 'NONE', *, *, #788, .F. ) ;
#1978 =( GEOMETRIC_REPRESENTATION_CONTEXT ( 3 ) GLOBAL_UNCERTAINTY_ASSIGNED_CONTEXT ( ( #802 ) ) GLOBAL_UNIT_ASSIGNED_CONTEXT ( ( #1280, #2249, #1468 ) ) REPRESENTATION_CONTEXT ( 'NONE', 'WORKASPACE' ) );
#1979 = AXIS2_PLACEMENT_3D ( 'NONE', #1805, #1636, #1850 ) ;
#1980 = PLANE ( 'NONE',  #533 ) ;
#1981 = VERTEX_POINT ( 'NONE', #1961 ) ;
#1982 = FILL_AREA_STYLE_COLOUR ( '', #382 ) ;
#1983 = PRESENTATION_LAYER_ASSIGNMENT (  '', '', ( #1944 ) ) ;
#1984 = ORIENTED_EDGE ( 'NONE', *, *, #993, .T. ) ;
#1985 = CARTESIAN_POINT ( 'NONE',  ( -1.850273905231586413, 1.249999999999999778, 0.1600000000000000033 ) ) ;
#1986 = STYLED_ITEM ( 'NONE', ( #498 ), #1350 ) ;
#1987 =( GEOMETRIC_REPRESENTATION_CONTEXT ( 3 ) GLOBAL_UNCERTAINTY_ASSIGNED_CONTEXT ( ( #1039 ) ) GLOBAL_UNIT_ASSIGNED_CONTEXT ( ( #612, #398, #1381 ) ) REPRESENTATION_CONTEXT ( 'NONE', 'WORKASPACE' ) );
#1988 = VECTOR ( 'NONE', #1142, 1000.000000000000000 ) ;
#1989 = EDGE_LOOP ( 'NONE', ( #2175, #2265, #2343, #1166, #1037, #9 ) ) ;
#1990 = EDGE_CURVE ( 'NONE', #1887, #583, #1341, .T. ) ;
#1991 = PRESENTATION_LAYER_ASSIGNMENT (  '', '', ( #2082 ) ) ;
#1992 = DIRECTION ( 'NONE',  ( 0.000000000000000000, 0.000000000000000000, -1.000000000000000000 ) ) ;
#1993 = MECHANICAL_DESIGN_GEOMETRIC_PRESENTATION_REPRESENTATION (  '', ( #391 ), #1550 ) ;
#1994 = FILL_AREA_STYLE_COLOUR ( '', #2031 ) ;
#1995 = UNCERTAINTY_MEASURE_WITH_UNIT (LENGTH_MEASURE( 1.000000000000000082E-05 ), #2372, 'distance_accuracy_value', 'NONE');
#1996 = SPHERICAL_SURFACE ( 'NONE', #2109, 0.05000000000000000278 ) ;
#1997 = ORIENTED_EDGE ( 'NONE', *, *, #2385, .F. ) ;
#1998 = UNCERTAINTY_MEASURE_WITH_UNIT (LENGTH_MEASURE( 1.000000000000000082E-05 ), #1153, 'distance_accuracy_value', 'NONE');
#1999 = CARTESIAN_POINT ( 'NONE',  ( -1.879308955135588599, 1.249840407584205115, 0.1615163533964945886 ) ) ;
#2000 = FILL_AREA_STYLE_COLOUR ( '', #2217 ) ;
#2001 = DIRECTION ( 'NONE',  ( -0.000000000000000000, 0.000000000000000000, 1.000000000000000000 ) ) ;
#2002 = ORIENTED_EDGE ( 'NONE', *, *, #1864, .T. ) ;
#2003 = CARTESIAN_POINT ( 'NONE',  ( -1.900000000000000133, 1.200000000000000178, 0.1600000000000000033 ) ) ;
#2004 = EDGE_CURVE ( 'NONE', #1487, #2497, #2142, .T. ) ;
#2005 = CARTESIAN_POINT ( 'NONE',  ( -1.756181816635371984, -1.155907911403785349, 1.055226423163382776 ) ) ;
#2006 = PRESENTATION_STYLE_ASSIGNMENT (( #1972 ) ) ;
#2007 =( LENGTH_UNIT ( ) NAMED_UNIT ( * ) SI_UNIT ( .MILLI., .METRE. ) );
#2008 = CARTESIAN_POINT ( 'NONE',  ( -1.506181816635371984, -2.952508481329554261E-16, 1.090000000000000080 ) ) ;
#2009 =( LENGTH_UNIT ( ) NAMED_UNIT ( * ) SI_UNIT ( .MILLI., .METRE. ) );
#2010 = VERTEX_POINT ( 'NONE', #542 ) ;
#2011 = AXIS2_PLACEMENT_3D ( 'NONE', #1742, #1138, #1514 ) ;
#2012 = FILL_AREA_STYLE_COLOUR ( '', #107 ) ;
#2013 = STYLED_ITEM ( 'NONE', ( #1400 ), #2284 ) ;
#2014 =( LENGTH_UNIT ( ) NAMED_UNIT ( * ) SI_UNIT ( .MILLI., .METRE. ) );
#2015 = EDGE_CURVE ( 'NONE', #2515, #15, #2364, .T. ) ;
#2016 = SURFACE_STYLE_FILL_AREA ( #1595 ) ;
#2017 =( GEOMETRIC_REPRESENTATION_CONTEXT ( 3 ) GLOBAL_UNCERTAINTY_ASSIGNED_CONTEXT ( ( #1065 ) ) GLOBAL_UNIT_ASSIGNED_CONTEXT ( ( #116, #1281, #1120 ) ) REPRESENTATION_CONTEXT ( 'NONE', 'WORKASPACE' ) );
#2018 = AXIS2_PLACEMENT_3D ( 'NONE', #1905, #1684, #2457 ) ;
#2019 = VECTOR ( 'NONE', #1918, 1000.000000000000000 ) ;
#2020 = ORIENTED_EDGE ( 'NONE', *, *, #788, .T. ) ;
#2021 = CARTESIAN_POINT ( 'NONE',  ( -1.850811350238562580, -1.200811350238562003, 0.1496601291661457667 ) ) ;
#2022 = UNCERTAINTY_MEASURE_WITH_UNIT (LENGTH_MEASURE( 1.000000000000000082E-05 ), #1688, 'distance_accuracy_value', 'NONE');
#2023 = PLANE ( 'NONE',  #425 ) ;
#2024 = DIRECTION ( 'NONE',  ( -1.000000000000000000, -1.960260340896361263E-16, 0.000000000000000000 ) ) ;
#2025 = CARTESIAN_POINT ( 'NONE',  ( 1.749999999999999778, 0.8749999999999998890, 0.1600000000000000033 ) ) ;
#2026 = STYLED_ITEM ( 'NONE', ( #678 ), #1509 ) ;
#2027 =( NAMED_UNIT ( * ) SI_UNIT ( $, .STERADIAN. ) SOLID_ANGLE_UNIT ( ) );
#2028 = PRESENTATION_LAYER_ASSIGNMENT (  '', '', ( #384 ) ) ;
#2029 = DIRECTION ( 'NONE',  ( -0.000000000000000000, -1.000000000000000000, 0.000000000000000000 ) ) ;
#2030 = LINE ( 'NONE', #1237, #2215 ) ;
#2031 = COLOUR_RGB ( '',0.8039215686274510109, 0.8039215686274510109, 0.8039215686274510109 ) ;
#2032 = COLOUR_RGB ( '',0.8039215686274510109, 0.8039215686274510109, 0.8039215686274510109 ) ;
#2033 = PRESENTATION_STYLE_ASSIGNMENT (( #1436 ) ) ;
#2034 = STYLED_ITEM ( 'NONE', ( #629 ), #150 ) ;
#2035 = COLOUR_RGB ( '',0.2862745098039215508, 0.2862745098039215508, 0.2862745098039215508 ) ;
#2036 = VERTEX_POINT ( 'NONE', #2533 ) ;
#2037 = FILL_AREA_STYLE ('',( #34 ) ) ;
#2038 = CARTESIAN_POINT ( 'NONE',  ( 2.349999999999999645, 0.8750000000000000000, 0.000000000000000000 ) ) ;
#2039 = CARTESIAN_POINT ( 'NONE',  ( -1.900000000000000133, -1.249999999999999778, 0.1600000000000000033 ) ) ;
#2040 = MECHANICAL_DESIGN_GEOMETRIC_PRESENTATION_REPRESENTATION (  '', ( #668 ), #1106 ) ;
#2041 = ORIENTED_EDGE ( 'NONE', *, *, #2545, .T. ) ;
#2042 = DIRECTION ( 'NONE',  ( -1.000000000000000000, 0.000000000000000000, 0.000000000000000000 ) ) ;
#2043 = SURFACE_STYLE_FILL_AREA ( #285 ) ;
#2044 = LINE ( 'NONE', #2216, #1050 ) ;
#2045 = SURFACE_STYLE_USAGE ( .BOTH. , #97 ) ;
#2046 = CARTESIAN_POINT ( 'NONE',  ( -1.749999999999999778, -0.8749999999999994449, 0.1600000000000000033 ) ) ;
#2047 = CARTESIAN_POINT ( 'NONE',  ( -1.900537445006976300, 1.200811350238562003, 0.1548865523295284707 ) ) ;
#2048 = VERTEX_POINT ( 'NONE', #129 ) ;
#2049 = SURFACE_STYLE_FILL_AREA ( #2239 ) ;
#2050 = UNCERTAINTY_MEASURE_WITH_UNIT (LENGTH_MEASURE( 1.000000000000000082E-05 ), #396, 'distance_accuracy_value', 'NONE');
#2051 = SURFACE_STYLE_USAGE ( .BOTH. , #1477 ) ;
#2052 = ADVANCED_FACE ( 'NONE', ( #154 ), #734, .F. ) ;
#2053 = ORIENTED_EDGE ( 'NONE', *, *, #256, .T. ) ;
#2054 = SURFACE_SIDE_STYLE ('',( #2043 ) ) ;
#2055 = DIRECTION ( 'NONE',  ( -0.000000000000000000, 1.000000000000000000, -0.000000000000000000 ) ) ;
#2056 = CARTESIAN_POINT ( 'NONE',  ( -1.756181816635371984, 0.000000000000000000, 1.090000000000000080 ) ) ;
#2057 = VECTOR ( 'NONE', #2218, 1000.000000000000000 ) ;
#2058 =( NAMED_UNIT ( * ) PLANE_ANGLE_UNIT ( ) SI_UNIT ( $, .RADIAN. ) );
#2059 = VECTOR ( 'NONE', #2092, 1000.000000000000000 ) ;
#2060 = ORIENTED_EDGE ( 'NONE', *, *, #546, .T. ) ;
#2061 = FILL_AREA_STYLE_COLOUR ( '', #1542 ) ;
#2062 = CARTESIAN_POINT ( 'NONE',  ( -1.900000000000000133, -0.8749999999999994449, 0.000000000000000000 ) ) ;
#2063 =( GEOMETRIC_REPRESENTATION_CONTEXT ( 3 ) GLOBAL_UNCERTAINTY_ASSIGNED_CONTEXT ( ( #128 ) ) GLOBAL_UNIT_ASSIGNED_CONTEXT ( ( #1343, #372, #344 ) ) REPRESENTATION_CONTEXT ( 'NONE', 'WORKASPACE' ) );
#2064 = PRESENTATION_STYLE_ASSIGNMENT (( #2094 ) ) ;
#2065 = LINE ( 'NONE', #281, #1821 ) ;
#2066 = ORIENTED_EDGE ( 'NONE', *, *, #2522, .F. ) ;
#2067 = ADVANCED_FACE ( 'NONE', ( #536 ), #2125, .F. ) ;
#2068 = VECTOR ( 'NONE', #731, 1000.000000000000000 ) ;
#2069 = COLOUR_RGB ( '',0.8039215686274510109, 0.8039215686274510109, 0.8039215686274510109 ) ;
#2070 = ORIENTED_EDGE ( 'NONE', *, *, #1307, .T. ) ;
#2071 = EDGE_CURVE ( 'NONE', #2258, #1276, #721, .T. ) ;
#2072 = DIRECTION ( 'NONE',  ( 0.000000000000000000, 0.000000000000000000, 1.000000000000000000 ) ) ;
#2073 = MECHANICAL_DESIGN_GEOMETRIC_PRESENTATION_REPRESENTATION (  '', ( #333 ), #743 ) ;
#2074 =( GEOMETRIC_REPRESENTATION_CONTEXT ( 3 ) GLOBAL_UNCERTAINTY_ASSIGNED_CONTEXT ( ( #2453 ) ) GLOBAL_UNIT_ASSIGNED_CONTEXT ( ( #2540, #149, #1516 ) ) REPRESENTATION_CONTEXT ( 'NONE', 'WORKASPACE' ) );
#2075 = CARTESIAN_POINT ( 'NONE',  ( 1.801202018850263542, -1.106181816635371629, 1.100000000000000089 ) ) ;
#2076 = VECTOR ( 'NONE', #847, 1000.000000000000000 ) ;
#2077 = FILL_AREA_STYLE_COLOUR ( '', #2269 ) ;
#2078 = STYLED_ITEM ( 'NONE', ( #1727 ), #1975 ) ;
#2079 = ORIENTED_EDGE ( 'NONE', *, *, #349, .F. ) ;
#2080 = SURFACE_STYLE_USAGE ( .BOTH. , #1049 ) ;
#2081 = UNCERTAINTY_MEASURE_WITH_UNIT (LENGTH_MEASURE( 1.000000000000000082E-05 ), #2264, 'distance_accuracy_value', 'NONE');
#2082 = STYLED_ITEM ( 'NONE', ( #597 ), #2 ) ;
#2083 = LINE ( 'NONE', #1645, #23 ) ;
#2084 = LINE ( 'NONE', #225, #1612 ) ;
#2085 = DIRECTION ( 'NONE',  ( 0.1039620511844979445, -0.1039620511844979445, 0.9891328443778538704 ) ) ;
#2086 = DIRECTION ( 'NONE',  ( -3.614007241618350250E-16, 1.000000000000000000, 0.000000000000000000 ) ) ;
#2087 = ADVANCED_FACE ( 'NONE', ( #694 ), #1517, .T. ) ;
#2088 = PLANE ( 'NONE',  #578 ) ;
#2089 = ORIENTED_EDGE ( 'NONE', *, *, #2179, .F. ) ;
#2090 = FACE_OUTER_BOUND ( 'NONE', #1042, .T. ) ;
#2091 = DIRECTION ( 'NONE',  ( 0.000000000000000000, 0.000000000000000000, -1.000000000000000000 ) ) ;
#2092 = DIRECTION ( 'NONE',  ( -0.000000000000000000, -0.000000000000000000, 1.000000000000000000 ) ) ;
#2093 = FILL_AREA_STYLE ('',( #739 ) ) ;
#2094 = SURFACE_STYLE_USAGE ( .BOTH. , #2105 ) ;
#2095 = ORIENTED_EDGE ( 'NONE', *, *, #1271, .T. ) ;
#2096 =( NAMED_UNIT ( * ) SI_UNIT ( $, .STERADIAN. ) SOLID_ANGLE_UNIT ( ) );
#2097 = FILL_AREA_STYLE_COLOUR ( '', #2032 ) ;
#2098 = ADVANCED_FACE ( 'NONE', ( #336 ), #141, .T. ) ;
#2099 = SURFACE_STYLE_USAGE ( .BOTH. , #1511 ) ;
#2100 = PRESENTATION_LAYER_ASSIGNMENT (  '', '', ( #153 ) ) ;
#2101 =( NAMED_UNIT ( * ) PLANE_ANGLE_UNIT ( ) SI_UNIT ( $, .RADIAN. ) );
#2102 = UNCERTAINTY_MEASURE_WITH_UNIT (LENGTH_MEASURE( 1.000000000000000082E-05 ), #1581, 'distance_accuracy_value', 'NONE');
#2103 = VECTOR ( 'NONE', #2241, 1000.000000000000000 ) ;
#2104 = PLANE ( 'NONE',  #909 ) ;
#2105 = SURFACE_SIDE_STYLE ('',( #1094 ) ) ;
#2106 = SURFACE_STYLE_FILL_AREA ( #159 ) ;
#2107 = STYLED_ITEM ( 'NONE', ( #290 ), #957 ) ;
#2108 = DIRECTION ( 'NONE',  ( 0.9945218953682734009, 0.000000000000000000, 0.1045284632676537068 ) ) ;
#2109 = AXIS2_PLACEMENT_3D ( 'NONE', #1208, #1835, #1394 ) ;
#2110 = DIRECTION ( 'NONE',  ( 0.000000000000000000, 0.000000000000000000, -1.000000000000000000 ) ) ;
#2111 = MECHANICAL_DESIGN_GEOMETRIC_PRESENTATION_REPRESENTATION (  '', ( #1710 ), #81 ) ;
#2112 = ORIENTED_EDGE ( 'NONE', *, *, #476, .F. ) ;
#2113 = DIRECTION ( 'NONE',  ( 1.000000000000000000, 0.000000000000000000, 0.000000000000000000 ) ) ;
#2114 = COLOUR_RGB ( '',0.2862745098039215508, 0.2862745098039215508, 0.2862745098039215508 ) ;
#2115 = PRESENTATION_STYLE_ASSIGNMENT (( #1921 ) ) ;
#2116 = MECHANICAL_DESIGN_GEOMETRIC_PRESENTATION_REPRESENTATION (  '', ( #2401 ), #2555 ) ;
#2117 = LINE ( 'NONE', #2143, #732 ) ;
#2118 = ORIENTED_EDGE ( 'NONE', *, *, #1770, .F. ) ;
#2119 = DIRECTION ( 'NONE',  ( 0.000000000000000000, 1.000000000000000000, 0.000000000000000000 ) ) ;
#2120 = EDGE_CURVE ( 'NONE', #401, #816, #1408, .T. ) ;
#2121 = CARTESIAN_POINT ( 'NONE',  ( 2.349999999999999645, 0.8750000000000000000, 0.1600000000000000033 ) ) ;
#2122 = VECTOR ( 'NONE', #831, 1000.000000000000000 ) ;
#2123 = CARTESIAN_POINT ( 'NONE',  ( -1.900000000000000133, -1.249999999999999778, 0.1600000000000000033 ) ) ;
#2124 =( NAMED_UNIT ( * ) SI_UNIT ( $, .STERADIAN. ) SOLID_ANGLE_UNIT ( ) );
#2125 = PLANE ( 'NONE',  #1318 ) ;
#2126 = ORIENTED_EDGE ( 'NONE', *, *, #1331, .F. ) ;
#2127 = FILL_AREA_STYLE_COLOUR ( '', #1093 ) ;
#2128 = DIRECTION ( 'NONE',  ( -0.000000000000000000, 0.000000000000000000, 1.000000000000000000 ) ) ;
#2129 = CARTESIAN_POINT ( 'NONE',  ( 1.749999999999999778, -0.8749999999999998890, 0.1600000000000000033 ) ) ;
#2130 = CARTESIAN_POINT ( 'NONE',  ( -1.506181816635371984, 1.106181816635371629, 1.090000000000000080 ) ) ;
#2131 =( NAMED_UNIT ( * ) SI_UNIT ( $, .STERADIAN. ) SOLID_ANGLE_UNIT ( ) );
#2132 = VERTEX_POINT ( 'NONE', #2188 ) ;
#2133 = ADVANCED_FACE ( 'NONE', ( #405 ), #12, .T. ) ;
#2134 = ORIENTED_EDGE ( 'NONE', *, *, #2535, .T. ) ;
#2135 = DIRECTION ( 'NONE',  ( 1.000000000000000000, 0.000000000000000000, 0.000000000000000000 ) ) ;
#2136 = EDGE_LOOP ( 'NONE', ( #100, #2126, #2292, #1680 ) ) ;
#2137 = DIRECTION ( 'NONE',  ( 0.000000000000000000, -0.9945218953682732899, 0.1045284632676537068 ) ) ;
#2138 = FILL_AREA_STYLE ('',( #140 ) ) ;
#2139 =( LENGTH_UNIT ( ) NAMED_UNIT ( * ) SI_UNIT ( .MILLI., .METRE. ) );
#2140 = ORIENTED_EDGE ( 'NONE', *, *, #1966, .T. ) ;
#2141 = FACE_OUTER_BOUND ( 'NONE', #1879, .T. ) ;
#2142 = LINE ( 'NONE', #737, #85 ) ;
#2143 = CARTESIAN_POINT ( 'NONE',  ( -1.801202018850263986, -1.155907911403785349, 1.055226423163382776 ) ) ;
#2144 = AXIS2_PLACEMENT_3D ( 'NONE', #809, #1564, #2177 ) ;
#2145 = SURFACE_SIDE_STYLE ('',( #954 ) ) ;
#2146 = AXIS2_PLACEMENT_3D ( 'NONE', #1657, #1673, #295 ) ;
#2147 = PLANE ( 'NONE',  #1130 ) ;
#2148 =( NAMED_UNIT ( * ) PLANE_ANGLE_UNIT ( ) SI_UNIT ( $, .RADIAN. ) );
#2149 = ORIENTED_EDGE ( 'NONE', *, *, #349, .T. ) ;
#2150 = AXIS2_PLACEMENT_3D ( 'NONE', #2293, #1056, #1880 ) ;
#2151 = ADVANCED_FACE ( 'NONE', ( #1945 ), #948, .T. ) ;
#2152 = ORIENTED_EDGE ( 'NONE', *, *, #1698, .T. ) ;
#2153 = SURFACE_STYLE_USAGE ( .BOTH. , #1252 ) ;
#2154 = EDGE_CURVE ( 'NONE', #797, #143, #1627, .T. ) ;
#2155 = DIRECTION ( 'NONE',  ( 0.000000000000000000, 0.000000000000000000, 1.000000000000000000 ) ) ;
#2156 = MECHANICAL_DESIGN_GEOMETRIC_PRESENTATION_REPRESENTATION (  '', ( #1309 ), #1449 ) ;
#2157 =( LENGTH_UNIT ( ) NAMED_UNIT ( * ) SI_UNIT ( .MILLI., .METRE. ) );
#2158 =( GEOMETRIC_REPRESENTATION_CONTEXT ( 3 ) GLOBAL_UNCERTAINTY_ASSIGNED_CONTEXT ( ( #1279 ) ) GLOBAL_UNIT_ASSIGNED_CONTEXT ( ( #1519, #101, #713 ) ) REPRESENTATION_CONTEXT ( 'NONE', 'WORKASPACE' ) );
#2159 =( GEOMETRIC_REPRESENTATION_CONTEXT ( 3 ) GLOBAL_UNCERTAINTY_ASSIGNED_CONTEXT ( ( #233 ) ) GLOBAL_UNIT_ASSIGNED_CONTEXT ( ( #792, #1797, #29 ) ) REPRESENTATION_CONTEXT ( 'NONE', 'WORKASPACE' ) );
#2160 = FILL_AREA_STYLE ('',( #1937 ) ) ;
#2161 = ORIENTED_EDGE ( 'NONE', *, *, #811, .F. ) ;
#2162 = MECHANICAL_DESIGN_GEOMETRIC_PRESENTATION_REPRESENTATION (  '', ( #2078 ), #1098 ) ;
#2163 = ORIENTED_EDGE ( 'NONE', *, *, #826, .T. ) ;
#2164 = LINE ( 'NONE', #1157, #376 ) ;
#2165 = PRESENTATION_STYLE_ASSIGNMENT (( #1364 ) ) ;
#2166 = MECHANICAL_DESIGN_GEOMETRIC_PRESENTATION_REPRESENTATION (  '', ( #2202 ), #1666 ) ;
#2167 = PRESENTATION_STYLE_ASSIGNMENT (( #1406 ) ) ;
#2168 = EDGE_LOOP ( 'NONE', ( #419, #385, #214, #845 ) ) ;
#2169 = EDGE_CURVE ( 'NONE', #42, #709, #503, .T. ) ;
#2170 = SURFACE_STYLE_USAGE ( .BOTH. , #613 ) ;
#2171 = SURFACE_STYLE_USAGE ( .BOTH. , #1737 ) ;
#2172 = ORIENTED_EDGE ( 'NONE', *, *, #1556, .F. ) ;
#2173 =( NAMED_UNIT ( * ) SI_UNIT ( $, .STERADIAN. ) SOLID_ANGLE_UNIT ( ) );
#2174 = CARTESIAN_POINT ( 'NONE',  ( -1.749999999999999778, 0.8749999999999994449, 0.000000000000000000 ) ) ;
#2175 = ORIENTED_EDGE ( 'NONE', *, *, #424, .F. ) ;
#2176 = DIRECTION ( 'NONE',  ( -1.000000000000000000, -0.000000000000000000, -0.000000000000000000 ) ) ;
#2177 = DIRECTION ( 'NONE',  ( 1.000000000000000000, 0.000000000000000000, 0.000000000000000000 ) ) ;
#2178 = UNCERTAINTY_MEASURE_WITH_UNIT (LENGTH_MEASURE( 1.000000000000000082E-05 ), #630, 'distance_accuracy_value', 'NONE');
#2179 = EDGE_CURVE ( 'NONE', #121, #302, #2030, .T. ) ;
#2180 = VERTEX_POINT ( 'NONE', #888 ) ;
#2181 = FACE_OUTER_BOUND ( 'NONE', #966, .T. ) ;
#2182 = CARTESIAN_POINT ( 'NONE',  ( 1.849999999999999645, 1.199999999999999956, 0.1600000000000000033 ) ) ;
#2183 = PLANE ( 'NONE',  #2507 ) ;
#2184 = VERTEX_POINT ( 'NONE', #1701 ) ;
#2185 = ORIENTED_EDGE ( 'NONE', *, *, #910, .T. ) ;
#2186 = EDGE_LOOP ( 'NONE', ( #1635, #50, #566, #643 ) ) ;
#2187 = DIRECTION ( 'NONE',  ( -0.000000000000000000, 1.000000000000000000, -0.000000000000000000 ) ) ;
#2188 = CARTESIAN_POINT ( 'NONE',  ( 1.749999999999999778, -0.8749999999999998890, 0.000000000000000000 ) ) ;
#2189 = SURFACE_STYLE_USAGE ( .BOTH. , #981 ) ;
#2190 = FILL_AREA_STYLE_COLOUR ( '', #1758 ) ;
#2191 = DIRECTION ( 'NONE',  ( -0.000000000000000000, -0.000000000000000000, 1.000000000000000000 ) ) ;
#2192 = ORIENTED_EDGE ( 'NONE', *, *, #1152, .T. ) ;
#2193 =( GEOMETRIC_REPRESENTATION_CONTEXT ( 3 ) GLOBAL_UNCERTAINTY_ASSIGNED_CONTEXT ( ( #1476 ) ) GLOBAL_UNIT_ASSIGNED_CONTEXT ( ( #46, #1190, #992 ) ) REPRESENTATION_CONTEXT ( 'NONE', 'WORKASPACE' ) );
#2194 = EDGE_CURVE ( 'NONE', #2494, #1753, #2084, .T. ) ;
#2195 = PRESENTATION_LAYER_ASSIGNMENT (  '', '', ( #386 ) ) ;
#2196 = ORIENTED_EDGE ( 'NONE', *, *, #1331, .T. ) ;
#2197 =( GEOMETRIC_REPRESENTATION_CONTEXT ( 3 ) GLOBAL_UNCERTAINTY_ASSIGNED_CONTEXT ( ( #1998 ) ) GLOBAL_UNIT_ASSIGNED_CONTEXT ( ( #1153, #511, #1554 ) ) REPRESENTATION_CONTEXT ( 'NONE', 'WORKASPACE' ) );
#2198 = PRESENTATION_STYLE_ASSIGNMENT (( #26 ) ) ;
#2199 = VECTOR ( 'NONE', #1386, 1000.000000000000000 ) ;
#2200 = CARTESIAN_POINT ( 'NONE',  ( 1.899999999999999689, -1.249999999999999778, 0.1600000000000000033 ) ) ;
#2201 = PRESENTATION_STYLE_ASSIGNMENT (( #1284 ) ) ;
#2202 = STYLED_ITEM ( 'NONE', ( #3 ), #182 ) ;
#2203 = LINE ( 'NONE', #2550, #652 ) ;
#2204 = ORIENTED_EDGE ( 'NONE', *, *, #381, .T. ) ;
#2205 = PRESENTATION_STYLE_ASSIGNMENT (( #208 ) ) ;
#2206 = UNCERTAINTY_MEASURE_WITH_UNIT (LENGTH_MEASURE( 1.000000000000000082E-05 ), #659, 'distance_accuracy_value', 'NONE');
#2207 = CARTESIAN_POINT ( 'NONE',  ( -1.900000000000000133, 1.200273905231586280, 0.1600000000000000033 ) ) ;
#2208 = PLANE ( 'NONE',  #2235 ) ;
#2209 = CARTESIAN_POINT ( 'NONE',  ( 1.749999999999999778, 0.8749999999999997780, 0.1600000000000000033 ) ) ;
#2210 = CARTESIAN_POINT ( 'NONE',  ( 1.879308955135587711, -1.249840407584206003, 0.1615163533964956988 ) ) ;
#2211 = DIRECTION ( 'NONE',  ( -1.000000000000000000, 0.000000000000000000, 0.000000000000000000 ) ) ;
#2212 = ORIENTED_EDGE ( 'NONE', *, *, #1538, .T. ) ;
#2213 = DIRECTION ( 'NONE',  ( 1.960260340896361263E-16, -1.000000000000000000, 0.000000000000000000 ) ) ;
#2214 = DIRECTION ( 'NONE',  ( 0.000000000000000000, 0.000000000000000000, 1.000000000000000000 ) ) ;
#2215 = VECTOR ( 'NONE', #818, 1000.000000000000000 ) ;
#2216 = CARTESIAN_POINT ( 'NONE',  ( -1.506181816635371984, -2.952508481329554261E-16, 1.100000000000000089 ) ) ;
#2217 = COLOUR_RGB ( '',0.9607843137254902244, 0.9607843137254902244, 0.9607843137254902244 ) ;
#2218 = DIRECTION ( 'NONE',  ( 0.000000000000000000, 0.000000000000000000, -1.000000000000000000 ) ) ;
#2219 = EDGE_CURVE ( 'NONE', #637, #926, #226, .T. ) ;
#2220 = VECTOR ( 'NONE', #95, 1000.000000000000000 ) ;
#2221 = CARTESIAN_POINT ( 'NONE',  ( 1.756181816635371540, 1.151202018850263631, 1.100000000000000089 ) ) ;
#2222 = PRESENTATION_STYLE_ASSIGNMENT (( #1654 ) ) ;
#2223 = UNCERTAINTY_MEASURE_WITH_UNIT (LENGTH_MEASURE( 1.000000000000000082E-05 ), #1969, 'distance_accuracy_value', 'NONE');
#2224 = STYLED_ITEM ( 'NONE', ( #2331 ), #1043 ) ;
#2225 = CARTESIAN_POINT ( 'NONE',  ( -1.756181816635371984, 0.000000000000000000, 1.090000000000000080 ) ) ;
#2226 = CARTESIAN_POINT ( 'NONE',  ( 2.349999999999999645, -0.8750000000000000000, 0.1600000000000000033 ) ) ;
#2227 = COLOUR_RGB ( '',0.2862745098039215508, 0.2862745098039215508, 0.2862745098039215508 ) ;
#2228 = AXIS2_PLACEMENT_3D ( 'NONE', #1724, #113, #1736 ) ;
#2229 = VECTOR ( 'NONE', #2042, 1000.000000000000000 ) ;
#2230 = CIRCLE ( 'NONE', #1590, 0.04999999999999991257 ) ;
#2231 = SURFACE_SIDE_STYLE ('',( #2426 ) ) ;
#2232 =( NAMED_UNIT ( * ) PLANE_ANGLE_UNIT ( ) SI_UNIT ( $, .RADIAN. ) );
#2233 = MECHANICAL_DESIGN_GEOMETRIC_PRESENTATION_REPRESENTATION (  '', ( #1497 ), #1588 ) ;
#2234 = AXIS2_PLACEMENT_3D ( 'NONE', #1503, #1908, #122 ) ;
#2235 = AXIS2_PLACEMENT_3D ( 'NONE', #1213, #886, #309 ) ;
#2236 =( NAMED_UNIT ( * ) SI_UNIT ( $, .STERADIAN. ) SOLID_ANGLE_UNIT ( ) );
#2237 = ADVANCED_FACE ( 'NONE', ( #701 ), #1207, .F. ) ;
#2238 = ORIENTED_EDGE ( 'NONE', *, *, #856, .T. ) ;
#2239 = FILL_AREA_STYLE ('',( #2061 ) ) ;
#2240 = SURFACE_SIDE_STYLE ('',( #2434 ) ) ;
#2241 = DIRECTION ( 'NONE',  ( -1.000000000000000000, -0.000000000000000000, -0.000000000000000000 ) ) ;
#2242 = VERTEX_POINT ( 'NONE', #1831 ) ;
#2243 = LINE ( 'NONE', #445, #863 ) ;
#2244 = DIRECTION ( 'NONE',  ( 0.000000000000000000, -1.000000000000000000, 0.000000000000000000 ) ) ;
#2245 = CARTESIAN_POINT ( 'NONE',  ( 2.349999999999999645, -0.8750000000000000000, 0.1600000000000000033 ) ) ;
#2246 = ORIENTED_EDGE ( 'NONE', *, *, #1966, .F. ) ;
#2247 = UNCERTAINTY_MEASURE_WITH_UNIT (LENGTH_MEASURE( 1.000000000000000082E-05 ), #1843, 'distance_accuracy_value', 'NONE');
#2248 = ADVANCED_FACE ( 'NONE', ( #830 ), #1760, .T. ) ;
#2249 =( NAMED_UNIT ( * ) PLANE_ANGLE_UNIT ( ) SI_UNIT ( $, .RADIAN. ) );
#2250 = ADVANCED_FACE ( 'NONE', ( #2415 ), #727, .F. ) ;
#2251 = LINE ( 'NONE', #2281, #2220 ) ;
#2252 = ORIENTED_EDGE ( 'NONE', *, *, #1647, .T. ) ;
#2253 = LINE ( 'NONE', #287, #1624 ) ;
#2254 = PRESENTATION_LAYER_ASSIGNMENT (  '', '', ( #1129 ) ) ;
#2255 = CARTESIAN_POINT ( 'NONE',  ( -1.900000000000000133, -1.200273905231586058, 0.1600000000000000033 ) ) ;
#2256 = DIRECTION ( 'NONE',  ( 0.000000000000000000, -1.000000000000000000, 0.000000000000000000 ) ) ;
#2257 = STYLED_ITEM ( 'NONE', ( #2456 ), #2471 ) ;
#2258 = VERTEX_POINT ( 'NONE', #937 ) ;
#2259 = CYLINDRICAL_SURFACE ( 'NONE', #657, 0.05000000000000008604 ) ;
#2260 = CARTESIAN_POINT ( 'NONE',  ( 1.899999999999999689, -1.249999999999999778, 0.1600000000000000033 ) ) ;
#2261 = PRODUCT_DEFINITION_FORMATION_WITH_SPECIFIED_SOURCE ( 'ANY', '', #1562, .NOT_KNOWN. ) ;
#2262 = DIRECTION ( 'NONE',  ( 0.000000000000000000, 0.000000000000000000, 1.000000000000000000 ) ) ;
#2263 = STYLED_ITEM ( 'NONE', ( #505 ), #828 ) ;
#2264 =( LENGTH_UNIT ( ) NAMED_UNIT ( * ) SI_UNIT ( .MILLI., .METRE. ) );
#2265 = ORIENTED_EDGE ( 'NONE', *, *, #409, .F. ) ;
#2266 = COLOUR_RGB ( '',0.2862745098039215508, 0.2862745098039215508, 0.2862745098039215508 ) ;
#2267 = ADVANCED_FACE ( 'NONE', ( #1525 ), #2510, .F. ) ;
#2268 = DIRECTION ( 'NONE',  ( 0.000000000000000000, 1.000000000000000000, 0.000000000000000000 ) ) ;
#2269 = COLOUR_RGB ( '',0.8039215686274510109, 0.8039215686274510109, 0.8039215686274510109 ) ;
#2270 = ORIENTED_EDGE ( 'NONE', *, *, #1647, .F. ) ;
#2271 = DIRECTION ( 'NONE',  ( 0.000000000000000000, -1.000000000000000000, 0.000000000000000000 ) ) ;
#2272 = VECTOR ( 'NONE', #1605, 1000.000000000000000 ) ;
#2273 = SURFACE_STYLE_FILL_AREA ( #1274 ) ;
#2274 = VECTOR ( 'NONE', #347, 1000.000000000000000 ) ;
#2275 = ORIENTED_EDGE ( 'NONE', *, *, #1864, .F. ) ;
#2276 = SURFACE_STYLE_FILL_AREA ( #365 ) ;
#2277 = UNCERTAINTY_MEASURE_WITH_UNIT (LENGTH_MEASURE( 1.000000000000000082E-05 ), #2157, 'distance_accuracy_value', 'NONE');
#2278 = COLOUR_RGB ( '',0.2862745098039215508, 0.2862745098039215508, 0.2862745098039215508 ) ;
#2279 = CARTESIAN_POINT ( 'NONE',  ( -1.749999999999999778, 0.8749999999999994449, 0.1600000000000000033 ) ) ;
#2280 =( LENGTH_UNIT ( ) NAMED_UNIT ( * ) SI_UNIT ( .MILLI., .METRE. ) );
#2281 = CARTESIAN_POINT ( 'NONE',  ( -1.900000000000000133, 1.200000000000000178, 0.1600000000000000033 ) ) ;
#2282 = CARTESIAN_POINT ( 'NONE',  ( 1.849999999999999645, 1.249999999999999778, 0.1600000000000000033 ) ) ;
#2283 = ORIENTED_EDGE ( 'NONE', *, *, #288, .F. ) ;
#2284 = ADVANCED_FACE ( 'NONE', ( #770 ), #2147, .F. ) ;
#2285 = CARTESIAN_POINT ( 'NONE',  ( 1.749999999999999778, 0.8749999999999997780, 0.1600000000000000033 ) ) ;
#2286 = EDGE_LOOP ( 'NONE', ( #106, #507, #891, #2312 ) ) ;
#2287 = SURFACE_STYLE_USAGE ( .BOTH. , #2345 ) ;
#2288 = PRESENTATION_STYLE_ASSIGNMENT (( #2099 ) ) ;
#2289 =( NAMED_UNIT ( * ) PLANE_ANGLE_UNIT ( ) SI_UNIT ( $, .RADIAN. ) );
#2290 = CARTESIAN_POINT ( 'NONE',  ( 1.756181816635371540, -1.106181816635371629, 1.100000000000000089 ) ) ;
#2291 =( LENGTH_UNIT ( ) NAMED_UNIT ( * ) SI_UNIT ( .MILLI., .METRE. ) );
#2292 = ORIENTED_EDGE ( 'NONE', *, *, #1185, .F. ) ;
#2293 = CARTESIAN_POINT ( 'NONE',  ( 0.000000000000000000, 0.000000000000000000, 0.1600000000000000033 ) ) ;
#2294 = DIRECTION ( 'NONE',  ( 0.000000000000000000, -0.000000000000000000, -1.000000000000000000 ) ) ;
#2295 = VERTEX_POINT ( 'NONE', #441 ) ;
#2296 = FACE_OUTER_BOUND ( 'NONE', #111, .T. ) ;
#2297 = ORIENTED_EDGE ( 'NONE', *, *, #1162, .T. ) ;
#2298 = ADVANCED_FACE ( 'NONE', ( #1212 ), #2183, .F. ) ;
#2299 = LINE ( 'NONE', #932, #1496 ) ;
#2300 = STYLED_ITEM ( 'NONE', ( #1110 ), #2267 ) ;
#2301 = DIRECTION ( 'NONE',  ( -1.000000000000000000, 0.000000000000000000, 0.000000000000000000 ) ) ;
#2302 = UNCERTAINTY_MEASURE_WITH_UNIT (LENGTH_MEASURE( 1.000000000000000082E-05 ), #510, 'distance_accuracy_value', 'NONE');
#2303 = DIRECTION ( 'NONE',  ( -1.000000000000000000, -0.000000000000000000, 0.000000000000000000 ) ) ;
#2304 = AXIS2_PLACEMENT_3D ( 'NONE', #1695, #2468, #1495 ) ;
#2305 = VERTEX_POINT ( 'NONE', #2174 ) ;
#2306 = CARTESIAN_POINT ( 'NONE',  ( -1.756181816635371984, -1.106181816635371629, 1.050000000000000044 ) ) ;
#2307 = CARTESIAN_POINT ( 'NONE',  ( -1.850273905231586413, 1.249999999999999778, 0.1600000000000000033 ) ) ;
#2308 = DIRECTION ( 'NONE',  ( 1.000000000000000000, 3.614007241618349264E-16, 0.000000000000000000 ) ) ;
#2309 = DIRECTION ( 'NONE',  ( -1.000000000000000000, 0.000000000000000000, 0.000000000000000000 ) ) ;
#2310 = SURFACE_STYLE_FILL_AREA ( #2160 ) ;
#2311 = DIRECTION ( 'NONE',  ( 0.000000000000000000, 0.000000000000000000, 1.000000000000000000 ) ) ;
#2312 = ORIENTED_EDGE ( 'NONE', *, *, #2502, .T. ) ;
#2313 = VECTOR ( 'NONE', #2309, 1000.000000000000000 ) ;
#2314 = FILL_AREA_STYLE_COLOUR ( '', #2266 ) ;
#2315 =( GEOMETRIC_REPRESENTATION_CONTEXT ( 3 ) GLOBAL_UNCERTAINTY_ASSIGNED_CONTEXT ( ( #804 ) ) GLOBAL_UNIT_ASSIGNED_CONTEXT ( ( #1705, #1226, #1734 ) ) REPRESENTATION_CONTEXT ( 'NONE', 'WORKASPACE' ) );
#2316 = CARTESIAN_POINT ( 'NONE',  ( -1.506181816635371984, -1.106181816635371629, 1.090000000000000080 ) ) ;
#2317 = DIRECTION ( 'NONE',  ( 0.000000000000000000, -0.000000000000000000, -1.000000000000000000 ) ) ;
#2318 = MECHANICAL_DESIGN_GEOMETRIC_PRESENTATION_REPRESENTATION (  '', ( #820 ), #1189 ) ;
#2319 = ORIENTED_EDGE ( 'NONE', *, *, #2416, .T. ) ;
#2320 =( GEOMETRIC_REPRESENTATION_CONTEXT ( 3 ) GLOBAL_UNCERTAINTY_ASSIGNED_CONTEXT ( ( #1231 ) ) GLOBAL_UNIT_ASSIGNED_CONTEXT ( ( #1230, #1457, #1873 ) ) REPRESENTATION_CONTEXT ( 'NONE', 'WORKASPACE' ) );
#2321 = PRESENTATION_STYLE_ASSIGNMENT (( #2153 ) ) ;
#2322 = CARTESIAN_POINT ( 'NONE',  ( -1.805907911403785926, 1.106181816635371629, 1.055226423163382776 ) ) ;
#2323 = CIRCLE ( 'NONE', #2234, 0.04999999999999991257 ) ;
#2324 = EDGE_CURVE ( 'NONE', #730, #2515, #411, .T. ) ;
#2325 = VECTOR ( 'NONE', #1393, 1000.000000000000000 ) ;
#2326 = SURFACE_STYLE_USAGE ( .BOTH. , #1539 ) ;
#2327 =( LENGTH_UNIT ( ) NAMED_UNIT ( * ) SI_UNIT ( .MILLI., .METRE. ) );
#2328 = COLOUR_RGB ( '',0.8039215686274510109, 0.8039215686274510109, 0.8039215686274510109 ) ;
#2329 = COLOUR_RGB ( '',0.9607843137254902244, 0.9607843137254902244, 0.9607843137254902244 ) ;
#2330 = FILL_AREA_STYLE ('',( #2097 ) ) ;
#2331 = PRESENTATION_STYLE_ASSIGNMENT (( #1388 ) ) ;
#2332 = ORIENTED_EDGE ( 'NONE', *, *, #963, .F. ) ;
#2333 = CARTESIAN_POINT ( 'NONE',  ( -1.900000000000000133, -1.249999999999999778, 0.1600000000000000033 ) ) ;
#2334 = CARTESIAN_POINT ( 'NONE',  ( 1.899999999999999689, -1.249999999999999778, 0.1600000000000000033 ) ) ;
#2335 = DIRECTION ( 'NONE',  ( -1.000000000000000000, 0.000000000000000000, 0.000000000000000000 ) ) ;
#2336 = PRODUCT_CONTEXT ( 'NONE', #245, 'mechanical' ) ;
#2337 = DIRECTION ( 'NONE',  ( 1.000000000000000000, 0.000000000000000000, 0.000000000000000000 ) ) ;
#2338 = LINE ( 'NONE', #2130, #1939 ) ;
#2339 = DIRECTION ( 'NONE',  ( -0.000000000000000000, 0.000000000000000000, -1.000000000000000000 ) ) ;
#2340 = LINE ( 'NONE', #2524, #371 ) ;
#2341 = ORIENTED_EDGE ( 'NONE', *, *, #2004, .F. ) ;
#2342 = ADVANCED_FACE ( 'NONE', ( #18 ), #1976, .T. ) ;
#2343 = ORIENTED_EDGE ( 'NONE', *, *, #2219, .F. ) ;
#2344 = SURFACE_SIDE_STYLE ('',( #577 ) ) ;
#2345 = SURFACE_SIDE_STYLE ('',( #1114 ) ) ;
#2346 = CARTESIAN_POINT ( 'NONE',  ( 0.000000000000000000, -1.106181816635371629, 1.100000000000000089 ) ) ;
#2347 = VERTEX_POINT ( 'NONE', #656 ) ;
#2348 = FILL_AREA_STYLE_COLOUR ( '', #87 ) ;
#2349 = DIRECTION ( 'NONE',  ( 0.000000000000000000, 0.000000000000000000, 1.000000000000000000 ) ) ;
#2350 = PRESENTATION_LAYER_ASSIGNMENT (  '', '', ( #1294 ) ) ;
#2351 =( NAMED_UNIT ( * ) SI_UNIT ( $, .STERADIAN. ) SOLID_ANGLE_UNIT ( ) );
#2352 = COLOUR_RGB ( '',0.2862745098039215508, 0.2862745098039215508, 0.2862745098039215508 ) ;
#2353 = CARTESIAN_POINT ( 'NONE',  ( 1.749999999999999778, 0.8749999999999997780, 0.000000000000000000 ) ) ;
#2354 = FILL_AREA_STYLE_COLOUR ( '', #1743 ) ;
#2355 = CARTESIAN_POINT ( 'NONE',  ( -1.756181816635371984, -1.106181816635371629, 1.050000000000000044 ) ) ;
#2356 = ORIENTED_EDGE ( 'NONE', *, *, #2416, .F. ) ;
#2357 = MECHANICAL_DESIGN_GEOMETRIC_PRESENTATION_REPRESENTATION (  '', ( #289 ), #2063 ) ;
#2358 = SURFACE_STYLE_FILL_AREA ( #1775 ) ;
#2359 = EDGE_CURVE ( 'NONE', #2422, #583, #2421, .T. ) ;
#2360 = FILL_AREA_STYLE ('',( #587 ) ) ;
#2361 = CIRCLE ( 'NONE', #1086, 0.04999999999999991257 ) ;
#2362 = SURFACE_STYLE_USAGE ( .BOTH. , #1578 ) ;
#2363 = CARTESIAN_POINT ( 'NONE',  ( 0.000000000000000000, -1.106181816635371629, 1.050000000000000044 ) ) ;
#2364 = LINE ( 'NONE', #1536, #2441 ) ;
#2365 = AXIS2_PLACEMENT_3D ( 'NONE', #2493, #1721, #535 ) ;
#2366 = COLOUR_RGB ( '',0.8039215686274510109, 0.8039215686274510109, 0.8039215686274510109 ) ;
#2367 = SURFACE_STYLE_FILL_AREA ( #1200 ) ;
#2368 = ORIENTED_EDGE ( 'NONE', *, *, #871, .F. ) ;
#2369 = ORIENTED_EDGE ( 'NONE', *, *, #1573, .T. ) ;
#2370 = EDGE_CURVE ( 'NONE', #1580, #297, #1032, .T. ) ;
#2371 = CARTESIAN_POINT ( 'NONE',  ( 1.756181816635371540, 1.106181816635371629, 1.050000000000000044 ) ) ;
#2372 =( LENGTH_UNIT ( ) NAMED_UNIT ( * ) SI_UNIT ( .MILLI., .METRE. ) );
#2373 = ORIENTED_EDGE ( 'NONE', *, *, #682, .F. ) ;
#2374 = FACE_OUTER_BOUND ( 'NONE', #1941, .T. ) ;
#2375 = PRESENTATION_STYLE_ASSIGNMENT (( #801 ) ) ;
#2376 = ORIENTED_EDGE ( 'NONE', *, *, #1943, .F. ) ;
#2377 =( NAMED_UNIT ( * ) PLANE_ANGLE_UNIT ( ) SI_UNIT ( $, .RADIAN. ) );
#2378 =( LENGTH_UNIT ( ) NAMED_UNIT ( * ) SI_UNIT ( .MILLI., .METRE. ) );
#2379 = ORIENTED_EDGE ( 'NONE', *, *, #1888, .F. ) ;
#2380 = DIRECTION ( 'NONE',  ( 0.000000000000000000, -0.1045284632676537068, -0.9945218953682732899 ) ) ;
#2381 =( NAMED_UNIT ( * ) PLANE_ANGLE_UNIT ( ) SI_UNIT ( $, .RADIAN. ) );
#2382 = LINE ( 'NONE', #626, #2325 ) ;
#2383 = UNCERTAINTY_MEASURE_WITH_UNIT (LENGTH_MEASURE( 1.000000000000000082E-05 ), #1308, 'distance_accuracy_value', 'NONE');
#2384 =( NAMED_UNIT ( * ) SI_UNIT ( $, .STERADIAN. ) SOLID_ANGLE_UNIT ( ) );
#2385 = EDGE_CURVE ( 'NONE', #2497, #6, #1818, .T. ) ;
#2386 = ORIENTED_EDGE ( 'NONE', *, *, #1733, .T. ) ;
#2387 = CYLINDRICAL_SURFACE ( 'NONE', #82, 0.05000000000000008604 ) ;
#2388 =( NAMED_UNIT ( * ) PLANE_ANGLE_UNIT ( ) SI_UNIT ( $, .RADIAN. ) );
#2389 = VERTEX_POINT ( 'NONE', #2062 ) ;
#2390 = MECHANICAL_DESIGN_GEOMETRIC_PRESENTATION_REPRESENTATION (  '', ( #480 ), #271 ) ;
#2391 = DIRECTION ( 'NONE',  ( -1.000000000000000000, 0.000000000000000000, 0.000000000000000000 ) ) ;
#2392 = DIRECTION ( 'NONE',  ( 1.000000000000000000, 3.614007241618349264E-16, 0.000000000000000000 ) ) ;
#2393 =( NAMED_UNIT ( * ) PLANE_ANGLE_UNIT ( ) SI_UNIT ( $, .RADIAN. ) );
#2394 =( NAMED_UNIT ( * ) PLANE_ANGLE_UNIT ( ) SI_UNIT ( $, .RADIAN. ) );
#2395 =( LENGTH_UNIT ( ) NAMED_UNIT ( * ) SI_UNIT ( .MILLI., .METRE. ) );
#2396 = STYLED_ITEM ( 'NONE', ( #1549 ), #1045 ) ;
#2397 = ORIENTED_EDGE ( 'NONE', *, *, #256, .F. ) ;
#2398 = EDGE_CURVE ( 'NONE', #776, #143, #2447, .T. ) ;
#2399 = DIRECTION ( 'NONE',  ( -1.000000000000000000, 0.000000000000000000, 0.000000000000000000 ) ) ;
#2400 = COLOUR_RGB ( '',0.8039215686274510109, 0.8039215686274510109, 0.8039215686274510109 ) ;
#2401 = STYLED_ITEM ( 'NONE', ( #2165 ), #1962 ) ;
#2402 = FACE_OUTER_BOUND ( 'NONE', #1633, .T. ) ;
#2403 = FILL_AREA_STYLE_COLOUR ( '', #2366 ) ;
#2404 =( NAMED_UNIT ( * ) SI_UNIT ( $, .STERADIAN. ) SOLID_ANGLE_UNIT ( ) );
#2405 = SURFACE_SIDE_STYLE ('',( #636 ) ) ;
#2406 = ORIENTED_EDGE ( 'NONE', *, *, #2522, .T. ) ;
#2407 = SURFACE_SIDE_STYLE ('',( #669 ) ) ;
#2408 = UNCERTAINTY_MEASURE_WITH_UNIT (LENGTH_MEASURE( 1.000000000000000082E-05 ), #2280, 'distance_accuracy_value', 'NONE');
#2409 = PRESENTATION_STYLE_ASSIGNMENT (( #1644 ) ) ;
#2410 = SURFACE_SIDE_STYLE ('',( #2367 ) ) ;
#2411 = CARTESIAN_POINT ( 'NONE',  ( 1.756181816635371540, 1.155907911403785349, 1.055226423163382776 ) ) ;
#2412 = VERTEX_POINT ( 'NONE', #102 ) ;
#2413 = EDGE_CURVE ( 'NONE', #1344, #302, #2083, .T. ) ;
#2414 = CARTESIAN_POINT ( 'NONE',  ( 1.899999999999999689, 1.200273905231586280, 0.1600000000000000033 ) ) ;
#2415 = FACE_OUTER_BOUND ( 'NONE', #838, .T. ) ;
#2416 = EDGE_CURVE ( 'NONE', #15, #401, #266, .T. ) ;
#2417 =( NAMED_UNIT ( * ) SI_UNIT ( $, .STERADIAN. ) SOLID_ANGLE_UNIT ( ) );
#2418 = FILL_AREA_STYLE ('',( #1641 ) ) ;
#2419 = ORIENTED_EDGE ( 'NONE', *, *, #666, .F. ) ;
#2420 = FACE_OUTER_BOUND ( 'NONE', #316, .T. ) ;
#2421 = LINE ( 'NONE', #2039, #852 ) ;
#2422 = VERTEX_POINT ( 'NONE', #1876 ) ;
#2423 = COLOUR_RGB ( '',0.2862745098039215508, 0.2862745098039215508, 0.2862745098039215508 ) ;
#2424 = DIRECTION ( 'NONE',  ( 0.000000000000000000, 0.000000000000000000, -1.000000000000000000 ) ) ;
#2425 = CARTESIAN_POINT ( 'NONE',  ( -1.506181816635371984, -1.106181816635371629, 1.100000000000000089 ) ) ;
#2426 = SURFACE_STYLE_FILL_AREA ( #1637 ) ;
#2427 = EDGE_CURVE ( 'NONE', #2347, #2497, #108, .T. ) ;
#2428 =( LENGTH_UNIT ( ) NAMED_UNIT ( * ) SI_UNIT ( .MILLI., .METRE. ) );
#2429 = DIRECTION ( 'NONE',  ( 0.1045284632676537068, 0.000000000000000000, 0.9945218953682734009 ) ) ;
#2430 = VECTOR ( 'NONE', #172, 1000.000000000000000 ) ;
#2431 = PRESENTATION_STYLE_ASSIGNMENT (( #1895 ) ) ;
#2432 = PLANE ( 'NONE',  #660 ) ;
#2433 = UNCERTAINTY_MEASURE_WITH_UNIT (LENGTH_MEASURE( 1.000000000000000082E-05 ), #1336, 'distance_accuracy_value', 'NONE');
#2434 = SURFACE_STYLE_FILL_AREA ( #654 ) ;
#2435 = VECTOR ( 'NONE', #1299, 1000.000000000000000 ) ;
#2436 = DIRECTION ( 'NONE',  ( -0.000000000000000000, -0.000000000000000000, 1.000000000000000000 ) ) ;
#2437 = CARTESIAN_POINT ( 'NONE',  ( 1.849999999999998757, 1.249999999999999778, 0.1600000000000000033 ) ) ;
#2438 = COLOUR_RGB ( '',0.2862745098039215508, 0.2862745098039215508, 0.2862745098039215508 ) ;
#2439 = STYLED_ITEM ( 'NONE', ( #1030 ), #1248 ) ;
#2440 = COLOUR_RGB ( '',0.2862745098039215508, 0.2862745098039215508, 0.2862745098039215508 ) ;
#2441 = VECTOR ( 'NONE', #1912, 1000.000000000000000 ) ;
#2442 = PLANE ( 'NONE',  #489 ) ;
#2443 = EDGE_CURVE ( 'NONE', #709, #949, #1066, .T. ) ;
#2444 = PRESENTATION_STYLE_ASSIGNMENT (( #635 ) ) ;
#2445 = EDGE_LOOP ( 'NONE', ( #268, #2397, #2118, #1810, #339, #275 ) ) ;
#2446 = EDGE_CURVE ( 'NONE', #1034, #2132, #257, .T. ) ;
#2447 = LINE ( 'NONE', #1266, #318 ) ;
#2448 = SURFACE_STYLE_FILL_AREA ( #1025 ) ;
#2449 =( LENGTH_UNIT ( ) NAMED_UNIT ( * ) SI_UNIT ( .MILLI., .METRE. ) );
#2450 = CARTESIAN_POINT ( 'NONE',  ( -1.756181816635371762, -1.106181816635371629, 1.100000000000000089 ) ) ;
#2451 =( LENGTH_UNIT ( ) NAMED_UNIT ( * ) SI_UNIT ( .MILLI., .METRE. ) );
#2452 = ORIENTED_EDGE ( 'NONE', *, *, #1162, .F. ) ;
#2453 = UNCERTAINTY_MEASURE_WITH_UNIT (LENGTH_MEASURE( 1.000000000000000082E-05 ), #2540, 'distance_accuracy_value', 'NONE');
#2454 =( BOUNDED_CURVE ( )  B_SPLINE_CURVE ( 3, ( #2414, #1687, #1224, #1675 ),
 .UNSPECIFIED., .F., .T. ) 
 B_SPLINE_CURVE_WITH_KNOTS ( ( 4, 4 ),
 ( 5.503257793452766222, 7.063112820906432887 ),
 .UNSPECIFIED. ) 
 CURVE ( )  GEOMETRIC_REPRESENTATION_ITEM ( )  RATIONAL_B_SPLINE_CURVE ( ( 1.000000000000000000, 0.8073096761657754250, 0.8073096761657754250, 1.000000000000000000 ) ) 
 REPRESENTATION_ITEM ( '' )  );
#2455 = EDGE_CURVE ( 'NONE', #2480, #2305, #307, .T. ) ;
#2456 = PRESENTATION_STYLE_ASSIGNMENT (( #2051 ) ) ;
#2457 = DIRECTION ( 'NONE',  ( 1.000000000000000000, 0.000000000000000000, -0.000000000000000000 ) ) ;
#2458 = LINE ( 'NONE', #686, #1355 ) ;
#2459 = ORIENTED_EDGE ( 'NONE', *, *, #718, .T. ) ;
#2460 =( NAMED_UNIT ( * ) PLANE_ANGLE_UNIT ( ) SI_UNIT ( $, .RADIAN. ) );
#2461 = COLOUR_RGB ( '',0.2862745098039215508, 0.2862745098039215508, 0.2862745098039215508 ) ;
#2462 =( NAMED_UNIT ( * ) SI_UNIT ( $, .STERADIAN. ) SOLID_ANGLE_UNIT ( ) );
#2463 = FACE_OUTER_BOUND ( 'NONE', #2504, .T. ) ;
#2464 = DIRECTION ( 'NONE',  ( 0.000000000000000000, -1.000000000000000000, 0.000000000000000000 ) ) ;
#2465 = ORIENTED_EDGE ( 'NONE', *, *, #724, .F. ) ;
#2466 = CARTESIAN_POINT ( 'NONE',  ( -1.506181816635371984, -2.952508481329554261E-16, 1.090000000000000080 ) ) ;
#2467 = AXIS2_PLACEMENT_3D ( 'NONE', #1729, #759, #356 ) ;
#2468 = DIRECTION ( 'NONE',  ( 1.000000000000000000, 0.000000000000000000, 0.000000000000000000 ) ) ;
#2469 = VECTOR ( 'NONE', #326, 1000.000000000000000 ) ;
#2470 = PRESENTATION_STYLE_ASSIGNMENT (( #1404 ) ) ;
#2471 = ADVANCED_FACE ( 'NONE', ( #1234 ), #885, .T. ) ;
#2472 = COLOUR_RGB ( '',0.2862745098039215508, 0.2862745098039215508, 0.2862745098039215508 ) ;
#2473 = FILL_AREA_STYLE ('',( #487 ) ) ;
#2474 = CARTESIAN_POINT ( 'NONE',  ( 1.850273905231584859, -1.249999999999999778, 0.1600000000000000033 ) ) ;
#2475 =( NAMED_UNIT ( * ) SI_UNIT ( $, .STERADIAN. ) SOLID_ANGLE_UNIT ( ) );
#2476 = VECTOR ( 'NONE', #1241, 1000.000000000000000 ) ;
#2477 = SURFACE_STYLE_FILL_AREA ( #1071 ) ;
#2478 = COLOUR_RGB ( '',0.2862745098039215508, 0.2862745098039215508, 0.2862745098039215508 ) ;
#2479 = COLOUR_RGB ( '',0.2862745098039215508, 0.2862745098039215508, 0.2862745098039215508 ) ;
#2480 = VERTEX_POINT ( 'NONE', #2279 ) ;
#2481 = VECTOR ( 'NONE', #2091, 1000.000000000000000 ) ;
#2482 = SURFACE_STYLE_USAGE ( .BOTH. , #110 ) ;
#2483 = STYLED_ITEM ( 'NONE', ( #181 ), #2052 ) ;
#2484 = CIRCLE ( 'NONE', #1632, 0.04999999999999991257 ) ;
#2485 = FILL_AREA_STYLE_COLOUR ( '', #2400 ) ;
#2486 = SURFACE_SIDE_STYLE ('',( #1357 ) ) ;
#2487 = DIRECTION ( 'NONE',  ( -1.000000000000000000, -0.000000000000000000, 0.000000000000000000 ) ) ;
#2488 = ORIENTED_EDGE ( 'NONE', *, *, #687, .T. ) ;
#2489 = DIRECTION ( 'NONE',  ( -1.000000000000000000, -0.000000000000000000, -0.000000000000000000 ) ) ;
#2490 = LINE ( 'NONE', #729, #388 ) ;
#2491 = EDGE_LOOP ( 'NONE', ( #1272, #1848, #1356, #2368 ) ) ;
#2492 = EDGE_CURVE ( 'NONE', #1600, #121, #468, .T. ) ;
#2493 = CARTESIAN_POINT ( 'NONE',  ( -2.349999999999999645, 0.8749999999999994449, 0.1600000000000000033 ) ) ;
#2494 = VERTEX_POINT ( 'NONE', #1136 ) ;
#2495 = SURFACE_SIDE_STYLE ('',( #2276 ) ) ;
#2496 = DIRECTION ( 'NONE',  ( -1.000000000000000000, 0.000000000000000000, 0.000000000000000000 ) ) ;
#2497 = VERTEX_POINT ( 'NONE', #1931 ) ;
#2498 = CARTESIAN_POINT ( 'NONE',  ( -1.506181816635372206, 1.106181816635371629, 1.090000000000000080 ) ) ;
#2499 = DIRECTION ( 'NONE',  ( -0.1039620511844979445, -0.1039620511844979445, -0.9891328443778538704 ) ) ;
#2500 = DIRECTION ( 'NONE',  ( 0.000000000000000000, 0.000000000000000000, -1.000000000000000000 ) ) ;
#2501 = LINE ( 'NONE', #1529, #1788 ) ;
#2502 = EDGE_CURVE ( 'NONE', #2515, #1753, #155, .T. ) ;
#2503 =( LENGTH_UNIT ( ) NAMED_UNIT ( * ) SI_UNIT ( .MILLI., .METRE. ) );
#2504 = EDGE_LOOP ( 'NONE', ( #2406, #753, #2079, #1346, #574 ) ) ;
#2505 =( NAMED_UNIT ( * ) PLANE_ANGLE_UNIT ( ) SI_UNIT ( $, .RADIAN. ) );
#2506 = DIRECTION ( 'NONE',  ( 0.000000000000000000, 1.000000000000000000, 0.000000000000000000 ) ) ;
#2507 = AXIS2_PLACEMENT_3D ( 'NONE', #1020, #1377, #805 ) ;
#2508 = LINE ( 'NONE', #997, #456 ) ;
#2509 = CARTESIAN_POINT ( 'NONE',  ( -1.506181816635371984, -1.106181816635371629, 1.090000000000000080 ) ) ;
#2510 = PLANE ( 'NONE',  #410 ) ;
#2511 = VERTEX_POINT ( 'NONE', #1537 ) ;
#2512 = PRESENTATION_LAYER_ASSIGNMENT (  '', '', ( #2107 ) ) ;
#2513 = MECHANICAL_DESIGN_GEOMETRIC_PRESENTATION_REPRESENTATION (  '', ( #1790 ), #451 ) ;
#2514 =( NAMED_UNIT ( * ) SI_UNIT ( $, .STERADIAN. ) SOLID_ANGLE_UNIT ( ) );
#2515 = VERTEX_POINT ( 'NONE', #1948 ) ;
#2516 = CARTESIAN_POINT ( 'NONE',  ( -1.900000000000000133, -1.249999999999999778, 0.000000000000000000 ) ) ;
#2517 = PRESENTATION_LAYER_ASSIGNMENT (  '', '', ( #2439 ) ) ;
#2518 = DIRECTION ( 'NONE',  ( 1.000000000000000000, 0.000000000000000000, 0.000000000000000000 ) ) ;
#2519 = LINE ( 'NONE', #1306, #462 ) ;
#2520 = APPLICATION_PROTOCOL_DEFINITION ( 'draft international standard', 'automotive_design', 1998, #245 ) ;
#2521 = PRESENTATION_LAYER_ASSIGNMENT (  '', '', ( #289 ) ) ;
#2522 = EDGE_CURVE ( 'NONE', #1781, #765, #70, .T. ) ;
#2523 = DIRECTION ( 'NONE',  ( 0.000000000000000000, 0.000000000000000000, -1.000000000000000000 ) ) ;
#2524 = CARTESIAN_POINT ( 'NONE',  ( 1.899999999999999689, -1.249999999999999778, 0.1600000000000000033 ) ) ;
#2525 = PRODUCT_DEFINITION ( 'UNKNOWN', '', #2261, #1183 ) ;
#2526 = VECTOR ( 'NONE', #300, 1000.000000000000000 ) ;
#2527 = SURFACE_STYLE_FILL_AREA ( #2330 ) ;
#2528 = ORIENTED_EDGE ( 'NONE', *, *, #871, .T. ) ;
#2529 =( NAMED_UNIT ( * ) PLANE_ANGLE_UNIT ( ) SI_UNIT ( $, .RADIAN. ) );
#2530 = SURFACE_STYLE_FILL_AREA ( #363 ) ;
#2531 = ORIENTED_EDGE ( 'NONE', *, *, #229, .T. ) ;
#2532 = FACE_OUTER_BOUND ( 'NONE', #452, .T. ) ;
#2533 = CARTESIAN_POINT ( 'NONE',  ( -2.349999999999999645, 0.8749999999999994449, 0.1600000000000000033 ) ) ;
#2534 = FACE_OUTER_BOUND ( 'NONE', #1323, .T. ) ;
#2535 = EDGE_CURVE ( 'NONE', #377, #833, #544, .T. ) ;
#2536 = DIRECTION ( 'NONE',  ( 0.000000000000000000, 0.000000000000000000, -1.000000000000000000 ) ) ;
#2537 = ORIENTED_EDGE ( 'NONE', *, *, #521, .F. ) ;
#2538 = CYLINDRICAL_SURFACE ( 'NONE', #749, 0.04999999999999991257 ) ;
#2539 = ORIENTED_EDGE ( 'NONE', *, *, #2446, .F. ) ;
#2540 =( LENGTH_UNIT ( ) NAMED_UNIT ( * ) SI_UNIT ( .MILLI., .METRE. ) );
#2541 =( NAMED_UNIT ( * ) SI_UNIT ( $, .STERADIAN. ) SOLID_ANGLE_UNIT ( ) );
#2542 =( LENGTH_UNIT ( ) NAMED_UNIT ( * ) SI_UNIT ( .MILLI., .METRE. ) );
#2543 =( GEOMETRIC_REPRESENTATION_CONTEXT ( 3 ) GLOBAL_UNCERTAINTY_ASSIGNED_CONTEXT ( ( #593 ) ) GLOBAL_UNIT_ASSIGNED_CONTEXT ( ( #2428, #2232, #1571 ) ) REPRESENTATION_CONTEXT ( 'NONE', 'WORKASPACE' ) );
#2544 =( NAMED_UNIT ( * ) SI_UNIT ( $, .STERADIAN. ) SOLID_ANGLE_UNIT ( ) );
#2545 = EDGE_CURVE ( 'NONE', #1781, #312, #2117, .T. ) ;
#2546 = FILL_AREA_STYLE ('',( #796 ) ) ;
#2547 = COLOUR_RGB ( '',0.2862745098039215508, 0.2862745098039215508, 0.2862745098039215508 ) ;
#2548 = LINE ( 'NONE', #1611, #1365 ) ;
#2549 = DIRECTION ( 'NONE',  ( 1.000000000000000000, 0.000000000000000000, -0.000000000000000000 ) ) ;
#2550 = CARTESIAN_POINT ( 'NONE',  ( 1.849999999999999645, -1.249999999999999778, 0.1600000000000000033 ) ) ;
#2551 = VECTOR ( 'NONE', #1236, 1000.000000000000000 ) ;
#2552 = VECTOR ( 'NONE', #555, 1000.000000000000000 ) ;
#2553 = EDGE_LOOP ( 'NONE', ( #2531, #2369, #920, #631 ) ) ;
#2554 = COLOUR_RGB ( '',0.8039215686274510109, 0.8039215686274510109, 0.8039215686274510109 ) ;
#2555 =( GEOMETRIC_REPRESENTATION_CONTEXT ( 3 ) GLOBAL_UNCERTAINTY_ASSIGNED_CONTEXT ( ( #1900 ) ) GLOBAL_UNIT_ASSIGNED_CONTEXT ( ( #958, #783, #170 ) ) REPRESENTATION_CONTEXT ( 'NONE', 'WORKASPACE' ) );
#2556 = SURFACE_STYLE_FILL_AREA ( #8 ) ;
#2557 = MECHANICAL_DESIGN_GEOMETRIC_PRESENTATION_REPRESENTATION (  '', ( #1794 ), #982 ) ;
#2558 = COLOUR_RGB ( '',0.9607843137254902244, 0.9607843137254902244, 0.9607843137254902244 ) ;
#2559 = ORIENTED_EDGE ( 'NONE', *, *, #1112, .F. ) ;
#2560 = ORIENTED_EDGE ( 'NONE', *, *, #1718, .F. ) ;
#2561 = AXIS2_PLACEMENT_3D ( 'NONE', #2363, #2549, #429 ) ;
#2562 = DIRECTION ( 'NONE',  ( 1.000000000000000000, 0.000000000000000000, -0.000000000000000000 ) ) ;
ENDSEC;
END-ISO-10303-21;
